ISO-10303-21;
HEADER;
FILE_DESCRIPTION (( 'STEP AP214' ),
    '1' );
FILE_NAME ('Top Cover.STEP',
    '2024-08-14T08:51:32',
    ( '' ),
    ( '' ),
    'SwSTEP 2.0',
    'SolidWorks 2023',
    '' );
FILE_SCHEMA (( 'AUTOMOTIVE_DESIGN' ));
ENDSEC;

DATA;
#1 = EDGE_CURVE ( 'NONE', #837, #5435, #4796, .T. ) ;
#2 = VECTOR ( 'NONE', #4607, 1000.000000000000000 ) ;
#3 = CARTESIAN_POINT ( 'NONE',  ( -76.06869221793505176, 9.948188553605845641, 67.63686693346576817 ) ) ;
#4 = AXIS2_PLACEMENT_3D ( 'NONE', #3287, #1462, #357 ) ;
#5 = CARTESIAN_POINT ( 'NONE',  ( 17.58962398604082011, 7.740352189243748349, -24.60008019923974132 ) ) ;
#6 = EDGE_CURVE ( 'NONE', #7376, #6812, #6307, .T. ) ;
#7 = CARTESIAN_POINT ( 'NONE',  ( 14.31430881371405484, 9.327239211376985750, 73.18959888234185485 ) ) ;
#8 =( BOUNDED_SURFACE ( )  B_SPLINE_SURFACE ( 3, 2, ( 
 ( #3410, #6851, #1020 ),
 ( #2168, #6927, #4514 ),
 ( #553, #2278, #5735 ),
 ( #515, #5662, #3942 ),
 ( #2202, #4543, #6885 ),
 ( #477, #4653, #6347 ),
 ( #6963, #2810, #5158 ),
 ( #1705, #7506, #2244 ),
 ( #1089, #2853, #5241 ),
 ( #7579, #1555, #3910 ),
 ( #3596, #1894, #1314 ),
 ( #3084, #3674, #6423 ),
 ( #706, #2430, #1814 ),
 ( #4169, #6002, #6997 ),
 ( #5429, #2387, #2507 ),
 ( #3552, #2930, #3008 ),
 ( #7035, #4245, #3637 ),
 ( #5965, #1744, #44 ),
 ( #5350, #6495, #3049 ),
 ( #5388, #739, #1162 ),
 ( #1777, #1850, #6540 ),
 ( #5846, #6578, #590 ),
 ( #162, #5312, #4095 ),
 ( #3517, #4132, #7071 ),
 ( #5277, #1233, #6461 ),
 ( #5882, #667, #3 ) ),
 .UNSPECIFIED., .F., .F., .F. ) 
 B_SPLINE_SURFACE_WITH_KNOTS ( ( 4, 2, 2, 2, 2, 2, 2, 2, 2, 2, 2, 2, 4 ),
 ( 3, 3 ),
 ( -2.075320167452265885E-14, 0.0004059079117207069079, 0.0008118158234621670718, 0.001014769779332897045, 0.001217723735203627127, 0.001420677691074357209, 0.001623631646945087291, 0.002435447470428007619, 0.003247263293910927946, 0.004059079117393848274, 0.004870894940876768602, 0.005682710764359688929, 0.006494526587842609257 ),
 ( 0.000000000000000000, 1.000000000000000000 ),
 .UNSPECIFIED. ) 
 GEOMETRIC_REPRESENTATION_ITEM ( )  RATIONAL_B_SPLINE_SURFACE ( (
 ( 1.000000000000000000, 0.9818831614231476879, 1.000000000000000000),
 ( 1.000000000000000000, 0.9858912546604386984, 1.000000000000000000),
 ( 1.000000000000000000, 0.9892182363074631946, 1.000000000000000000),
 ( 1.000000000000000000, 0.9944994644899446401, 1.000000000000000000),
 ( 1.000000000000000000, 0.9964607609857023540, 1.000000000000000000),
 ( 1.000000000000000000, 0.9982769252874409416, 1.000000000000000000),
 ( 1.000000000000000000, 0.9986913398381248586, 1.000000000000000000),
 ( 1.000000000000000000, 0.9989925556973756615, 1.000000000000000000),
 ( 1.000000000000000000, 0.9988545302738912612, 1.000000000000000000),
 ( 1.000000000000000000, 0.9981108309272664902, 1.000000000000000000),
 ( 1.000000000000000000, 0.9975139540683217731, 1.000000000000000000),
 ( 1.000000000000000000, 0.9959783744785801751, 1.000000000000000000),
 ( 1.000000000000000000, 0.9950335425803784606, 1.000000000000000000),
 ( 1.000000000000000000, 0.9894579634637183929, 1.000000000000000000),
 ( 1.000000000000000000, 0.9822323753944506297, 1.000000000000000000),
 ( 1.000000000000000000, 0.9626772435889632273, 1.000000000000000000),
 ( 1.000000000000000000, 0.9503521877046835487, 1.000000000000000000),
 ( 1.000000000000000000, 0.9207838801577282739, 1.000000000000000000),
 ( 1.000000000000000000, 0.9033680405117309187, 1.000000000000000000),
 ( 1.000000000000000000, 0.8650724882881394295, 1.000000000000000000),
 ( 1.000000000000000000, 0.8441272710127034617, 1.000000000000000000),
 ( 1.000000000000000000, 0.8003071236680621148, 1.000000000000000000),
 ( 1.000000000000000000, 0.7777745649700891217, 1.000000000000000000),
 ( 1.000000000000000000, 0.7366300689700622240, 1.000000000000000000),
 ( 1.000000000000000000, 0.7177916643020690879, 1.000000000000000000),
 ( 1.000000000000000000, 0.7052517021447024526, 1.000000000000000000) ) ) 
 REPRESENTATION_ITEM ( '' )  SURFACE ( )  );
#9 = ORIENTED_EDGE ( 'NONE', *, *, #1177, .T. ) ;
#10 = DIRECTION ( 'NONE',  ( 0.000000000000000000, 1.000000000000000000, -0.000000000000000000 ) ) ;
#11 = EDGE_LOOP ( 'NONE', ( #1899, #3362, #3133, #3920 ) ) ;
#12 = AXIS2_PLACEMENT_3D ( 'NONE', #3235, #4416, #3890 ) ;
#13 = CIRCLE ( 'NONE', #2842, 1.600000000000000755 ) ;
#14 = CARTESIAN_POINT ( 'NONE',  ( 21.13504084359621515, -15.55155916535961858, 72.19600011689944097 ) ) ;
#15 = CARTESIAN_POINT ( 'NONE',  ( -73.60081548528266637, 8.525300528793533061, 74.19175152553472685 ) ) ;
#16 = ORIENTED_EDGE ( 'NONE', *, *, #4802, .T. ) ;
#17 = FACE_OUTER_BOUND ( 'NONE', #3020, .T. ) ;
#18 = CIRCLE ( 'NONE', #6524, 0.7999999999999986011 ) ;
#19 = DIRECTION ( 'NONE',  ( 0.000000000000000000, 0.000000000000000000, 1.000000000000000000 ) ) ;
#20 = ORIENTED_EDGE ( 'NONE', *, *, #5554, .F. ) ;
#21 = DIRECTION ( 'NONE',  ( -0.01745240643728354635, -0.9998476951563911586, 0.000000000000000000 ) ) ;
#22 = CARTESIAN_POINT ( 'NONE',  ( 21.05548012116267742, -20.55155916535961680, 72.59289850281626855 ) ) ;
#23 = AXIS2_PLACEMENT_3D ( 'NONE', #1222, #3583, #1840 ) ;
#24 = CARTESIAN_POINT ( 'NONE',  ( 18.03147047182284979, 7.990434924087519875, 74.32726427726338159 ) ) ;
#25 = CARTESIAN_POINT ( 'NONE',  ( 20.13472639024094235, -15.54555916535961835, 72.06722605014518024 ) ) ;
#26 = VERTEX_POINT ( 'NONE', #3699 ) ;
#27 = DIRECTION ( 'NONE',  ( 0.000000000000000000, -0.000000000000000000, -1.000000000000000000 ) ) ;
#28 = CARTESIAN_POINT ( 'NONE',  ( 16.35193388244956481, 8.136072262610378303, 74.28650549776884304 ) ) ;
#29 = VECTOR ( 'NONE', #2434, 1000.000000000000000 ) ;
#30 = CARTESIAN_POINT ( 'NONE',  ( 8.722316168239592216, -20.55655916577720532, 11.89006495185241441 ) ) ;
#31 = ORIENTED_EDGE ( 'NONE', *, *, #6538, .F. ) ;
#32 = ORIENTED_EDGE ( 'NONE', *, *, #6961, .F. ) ;
#33 = DIRECTION ( 'NONE',  ( -0.000000000000000000, 1.000000000000000000, -0.000000000000000000 ) ) ;
#34 = AXIS2_PLACEMENT_3D ( 'NONE', #7233, #1470, #6775 ) ;
#35 = DIRECTION ( 'NONE',  ( 0.000000000000000000, 0.000000000000000000, 1.000000000000000000 ) ) ;
#36 = EDGE_CURVE ( 'NONE', #3564, #719, #3621, .T. ) ;
#37 = DIRECTION ( 'NONE',  ( -0.000000000000000000, 1.000000000000000000, -0.000000000000000000 ) ) ;
#38 = CARTESIAN_POINT ( 'NONE',  ( 20.72426325068623854, 7.638849044797233034, -21.02943135282405507 ) ) ;
#39 = AXIS2_PLACEMENT_3D ( 'NONE', #5095, #4027, #7546 ) ;
#40 = CARTESIAN_POINT ( 'NONE',  ( -53.97768383176141782, 7.448440834640383201, 4.161615792080457595E-14 ) ) ;
#41 = ORIENTED_EDGE ( 'NONE', *, *, #1883, .F. ) ;
#42 = CARTESIAN_POINT ( 'NONE',  ( 20.49638910415762894, 8.410864462894124927, 69.63351395099469698 ) ) ;
#43 = EDGE_CURVE ( 'NONE', #653, #3433, #3751, .T. ) ;
#44 = CARTESIAN_POINT ( 'NONE',  ( -77.84023165769902164, 8.973136777676904430, 69.18455993338460530 ) ) ;
#45 = CARTESIAN_POINT ( 'NONE',  ( 17.39657161014173781, 7.694509739113051694, -24.60607231281106522 ) ) ;
#46 = CARTESIAN_POINT ( 'NONE',  ( -55.57768383176140503, 9.448440834640383201, 19.59006495185253627 ) ) ;
#47 = EDGE_LOOP ( 'NONE', ( #2895, #4516, #5767, #2950 ) ) ;
#48 = CARTESIAN_POINT ( 'NONE',  ( -78.28833274799347919, 7.483345647514950016, 71.80324654174016530 ) ) ;
#49 = ORIENTED_EDGE ( 'NONE', *, *, #5955, .T. ) ;
#50 = CARTESIAN_POINT ( 'NONE',  ( 20.83093724161900084, -20.55155916535961680, 73.13376372807056214 ) ) ;
#51 = EDGE_CURVE ( 'NONE', #2249, #7367, #7143, .T. ) ;
#52 = ADVANCED_FACE ( 'NONE', ( #1713 ), #7465, .F. ) ;
#53 = CARTESIAN_POINT ( 'NONE',  ( -75.47615287209990242, 7.925352099000209094, 74.34434855694844657 ) ) ;
#54 = ORIENTED_EDGE ( 'NONE', *, *, #2530, .F. ) ;
#55 = CARTESIAN_POINT ( 'NONE',  ( 15.78489556066559452, 9.448440834640395636, -23.74315019259113058 ) ) ;
#56 = FACE_OUTER_BOUND ( 'NONE', #2477, .T. ) ;
#57 = CARTESIAN_POINT ( 'NONE',  ( -75.07474980563365818, 7.800682737963705371, 74.37813491036665425 ) ) ;
#58 = ORIENTED_EDGE ( 'NONE', *, *, #2674, .T. ) ;
#59 = CARTESIAN_POINT ( 'NONE',  ( -75.57671772291514856, 8.202985146759770529, -24.51750674083385562 ) ) ;
#60 = LINE ( 'NONE', #5898, #3705 ) ;
#61 = EDGE_CURVE ( 'NONE', #7582, #4324, #5205, .T. ) ;
#62 = CARTESIAN_POINT ( 'NONE',  ( 19.14260104321741096, -15.55155916535962213, -23.77007803648622897 ) ) ;
#63 = AXIS2_PLACEMENT_3D ( 'NONE', #5990, #4956, #3813 ) ;
#64 = CARTESIAN_POINT ( 'NONE',  ( 18.73326969416348575, 9.448440834640383201, -22.02311663803475383 ) ) ;
#65 = VERTEX_POINT ( 'NONE', #5247 ) ;
#66 = FACE_BOUND ( 'NONE', #4181, .T. ) ;
#67 = CARTESIAN_POINT ( 'NONE',  ( 16.83741554442707766, 7.865988062548245452, 74.36917810326424672 ) ) ;
#68 = DIRECTION ( 'NONE',  ( -0.000000000000000000, -0.000000000000000000, -1.000000000000000000 ) ) ;
#69 = DIRECTION ( 'NONE',  ( 0.000000000000000000, 0.000000000000000000, -1.000000000000000000 ) ) ;
#70 = CIRCLE ( 'NONE', #943, 0.8000000000000003775 ) ;
#71 = ORIENTED_EDGE ( 'NONE', *, *, #4346, .F. ) ;
#72 = ORIENTED_EDGE ( 'NONE', *, *, #2544, .F. ) ;
#73 = DIRECTION ( 'NONE',  ( 0.000000000000000000, 0.000000000000000000, 1.000000000000000000 ) ) ;
#74 = CARTESIAN_POINT ( 'NONE',  ( 18.92514971920752842, -20.55155916535960969, -24.94309900107129252 ) ) ;
#75 = AXIS2_PLACEMENT_3D ( 'NONE', #1521, #3878, #7396 ) ;
#76 = CARTESIAN_POINT ( 'NONE',  ( -78.27019106027825046, 7.762072216016970394, -20.87545507978584780 ) ) ;
#77 = DIRECTION ( 'NONE',  ( -0.000000000000000000, 1.000000000000000000, -0.000000000000000000 ) ) ;
#78 = DIRECTION ( 'NONE',  ( 0.000000000000000000, 0.000000000000000000, 1.000000000000000000 ) ) ;
#79 = CARTESIAN_POINT ( 'NONE',  ( 20.64183396046917096, 8.054643552717189792, -21.86478532537039143 ) ) ;
#80 = DIRECTION ( 'NONE',  ( -7.709882115452479153E-16, 0.000000000000000000, -1.000000000000000000 ) ) ;
#81 = ORIENTED_EDGE ( 'NONE', *, *, #6920, .F. ) ;
#82 = CARTESIAN_POINT ( 'NONE',  ( 19.49741936808025500, 9.708179777158536083, 68.22157532453555007 ) ) ;
#83 = CARTESIAN_POINT ( 'NONE',  ( -64.87768383176140219, 9.448440834640383201, -16.30993504814755468 ) ) ;
#84 = CARTESIAN_POINT ( 'NONE',  ( 17.02769770896227186, 7.701992840662694739, -24.60505043823516402 ) ) ;
#85 = CARTESIAN_POINT ( 'NONE',  ( -64.87768383176140219, 8.248440834640383912, -16.30993504814755468 ) ) ;
#86 = ORIENTED_EDGE ( 'NONE', *, *, #569, .F. ) ;
#87 = CARTESIAN_POINT ( 'NONE',  ( -78.28833274786353513, 7.483345654606321951, 71.98160221852882046 ) ) ;
#88 = VERTEX_POINT ( 'NONE', #4554 ) ;
#89 = EDGE_CURVE ( 'NONE', #641, #4825, #670, .T. ) ;
#90 = CARTESIAN_POINT ( 'NONE',  ( 19.46515547132949209, -20.55155916535961680, 74.49920644794916313 ) ) ;
#91 = EDGE_CURVE ( 'NONE', #3090, #7376, #7413, .T. ) ;
#92 = CARTESIAN_POINT ( 'NONE',  ( -75.63166598958579812, 8.124720590873575787, 74.28475194795643688 ) ) ;
#93 = ORIENTED_EDGE ( 'NONE', *, *, #6826, .T. ) ;
#94 = DIRECTION ( 'NONE',  ( -0.000000000000000000, 1.000000000000000000, -0.000000000000000000 ) ) ;
#95 = CARTESIAN_POINT ( 'NONE',  ( 13.67758894589761454, 9.448440862879008861, -22.76475813528360703 ) ) ;
#96 = DIRECTION ( 'NONE',  ( -0.000000000000000000, 1.000000000000000000, -0.000000000000000000 ) ) ;
#97 = ORIENTED_EDGE ( 'NONE', *, *, #3732, .T. ) ;
#98 = CARTESIAN_POINT ( 'NONE',  ( -66.27768383176041311, 9.448440834640383201, -19.10993504814758737 ) ) ;
#99 = ADVANCED_FACE ( 'NONE', ( #5744 ), #6187, .T. ) ;
#100 = DIRECTION ( 'NONE',  ( -3.451405827803455395E-11, -1.000000000000000000, 0.000000000000000000 ) ) ;
#101 = CARTESIAN_POINT ( 'NONE',  ( 16.90716274545169640, 7.720059768072849771, 74.38262861478011700 ) ) ;
#102 = CARTESIAN_POINT ( 'NONE',  ( 20.38875525812002465, -21.55755916535962768, 72.41169268153976191 ) ) ;
#103 = ORIENTED_EDGE ( 'NONE', *, *, #1519, .T. ) ;
#104 = DIRECTION ( 'NONE',  ( 0.000000000000000000, 1.000000000000000000, -0.000000000000000000 ) ) ;
#105 = CARTESIAN_POINT ( 'NONE',  ( 15.51681114978173781, 8.973136777671429698, 73.95261277779441400 ) ) ;
#106 = DIRECTION ( 'NONE',  ( -0.000000000000000000, -0.000000000000000000, 1.000000000000000000 ) ) ;
#107 = EDGE_CURVE ( 'NONE', #6242, #3232, #425, .T. ) ;
#108 = DIRECTION ( 'NONE',  ( -0.000000000000000000, -1.000000000000000000, -0.000000000000000000 ) ) ;
#109 = EDGE_CURVE ( 'NONE', #7239, #1767, #596, .T. ) ;
#110 = ORIENTED_EDGE ( 'NONE', *, *, #4794, .F. ) ;
#111 = VERTEX_POINT ( 'NONE', #6355 ) ;
#112 = CARTESIAN_POINT ( 'NONE',  ( -71.36030628889002969, 9.431331497633676619, -22.95626742206071214 ) ) ;
#113 = CARTESIAN_POINT ( 'NONE',  ( 21.13504084359824731, -20.55155916535961680, -22.22121111215999534 ) ) ;
#114 = CARTESIAN_POINT ( 'NONE',  ( 12.49915061763214474, -0.3354571777059114912, 72.53688692297262719 ) ) ;
#115 = DIRECTION ( 'NONE',  ( 0.000000000000000000, 0.000000000000000000, 1.000000000000000000 ) ) ;
#116 = CARTESIAN_POINT ( 'NONE',  ( 20.70142931965392918, 7.865988062557000227, -20.72503442432337550 ) ) ;
#117 = DIRECTION ( 'NONE',  ( -0.000000000000000000, -0.000000000000000000, -1.000000000000000000 ) ) ;
#118 = EDGE_LOOP ( 'NONE', ( #3534, #3795 ) ) ;
#119 = CARTESIAN_POINT ( 'NONE',  ( 20.53417676167687134, -15.55155916535961858, 73.64667287588748934 ) ) ;
#120 = DIRECTION ( 'NONE',  ( 0.000000000000000000, 0.000000000000000000, 1.000000000000000000 ) ) ;
#121 = CARTESIAN_POINT ( 'NONE',  ( 14.84247735740864726, 9.177180926312873410, 73.55697834347843411 ) ) ;
#122 = ORIENTED_EDGE ( 'NONE', *, *, #145, .F. ) ;
#123 = DIRECTION ( 'NONE',  ( -0.000000000000000000, 1.000000000000000000, 0.000000000000000000 ) ) ;
#124 = ORIENTED_EDGE ( 'NONE', *, *, #5820, .F. ) ;
#125 = CARTESIAN_POINT ( 'NONE',  ( 18.33359223225184920, -20.55155916535962035, 74.80278962720657887 ) ) ;
#126 = CARTESIAN_POINT ( 'NONE',  ( -71.52693392679515227, 9.445605437473011179, 72.18724231246275735 ) ) ;
#127 = ORIENTED_EDGE ( 'NONE', *, *, #7154, .F. ) ;
#128 = CARTESIAN_POINT ( 'NONE',  ( -76.71718744802952017, -21.55755916536008243, -24.10302258468387748 ) ) ;
#130 = CARTESIAN_POINT ( 'NONE',  ( -78.27824244876279636, 8.061418503283798387, -22.02311663803896380 ) ) ;
#129 = CIRCLE ( 'NONE', #2605, 0.8000000000000003775 ) ;
#131 = VECTOR ( 'NONE', #5670, 1000.000000000000000 ) ;
#132 = LINE ( 'NONE', #6508, #3223 ) ;
#133 = EDGE_CURVE ( 'NONE', #5663, #5080, #3568, .T. ) ;
#134 = ORIENTED_EDGE ( 'NONE', *, *, #5699, .F. ) ;
#135 = CARTESIAN_POINT ( 'NONE',  ( 19.15430941537300669, 9.412597152529649236, 67.43707856292851943 ) ) ;
#136 = CARTESIAN_POINT ( 'NONE',  ( 20.40589757377454205, 8.544942533840101717, -22.02311663803335406 ) ) ;
#137 = CIRCLE ( 'NONE', #6151, 9.299999999999995381 ) ;
#138 = CIRCLE ( 'NONE', #148, 1.249999999999997558 ) ;
#139 = EDGE_CURVE ( 'NONE', #4542, #5759, #3126, .T. ) ;
#140 = CARTESIAN_POINT ( 'NONE',  ( -77.27374448298230902, 7.483343472789894868, 73.86956791715195436 ) ) ;
#141 = EDGE_LOOP ( 'NONE', ( #805, #766 ) ) ;
#142 = DIRECTION ( 'NONE',  ( 0.000000000000000000, 0.000000000000000000, -1.000000000000000000 ) ) ;
#143 = CARTESIAN_POINT ( 'NONE',  ( 16.55065538918506363, 7.991439837605780916, 74.33166631264995772 ) ) ;
#144 = CARTESIAN_POINT ( 'NONE',  ( -77.69009405304832683, -15.54555916536506111, 72.06487384201399493 ) ) ;
#145 = EDGE_CURVE ( 'NONE', #6133, #1681, #2998, .T. ) ;
#146 = FACE_OUTER_BOUND ( 'NONE', #2557, .T. ) ;
#147 = ORIENTED_EDGE ( 'NONE', *, *, #4515, .T. ) ;
#148 = AXIS2_PLACEMENT_3D ( 'NONE', #957, #3384, #6790 ) ;
#149 = VERTEX_POINT ( 'NONE', #483 ) ;
#150 = CARTESIAN_POINT ( 'NONE',  ( -77.42310581005183678, 8.520204089306508521, -23.52432501422809707 ) ) ;
#151 = EDGE_CURVE ( 'NONE', #6931, #3908, #5696, .T. ) ;
#152 = CARTESIAN_POINT ( 'NONE',  ( 20.83145766433950996, -20.55155916535961680, -23.35277435123683532 ) ) ;
#153 = EDGE_CURVE ( 'NONE', #3564, #2979, #3605, .T. ) ;
#154 = AXIS2_PLACEMENT_3D ( 'NONE', #4209, #7194, #7114 ) ;
#155 = DIRECTION ( 'NONE',  ( 0.000000000000000000, -1.000000000000000000, 0.000000000000000000 ) ) ;
#156 = DIRECTION ( 'NONE',  ( -0.000000000000000000, -1.000000000000000000, -0.000000000000000000 ) ) ;
#157 = DIRECTION ( 'NONE',  ( -0.000000000000000000, -1.000000000000000000, -0.000000000000000000 ) ) ;
#158 = CARTESIAN_POINT ( 'NONE',  ( -74.77768383175860833, -13.55155916535962035, 72.49006495185045651 ) ) ;
#159 = EDGE_LOOP ( 'NONE', ( #7392, #1044, #2450, #2164, #1515, #4709, #3557, #1079 ) ) ;
#160 = CARTESIAN_POINT ( 'NONE',  ( 19.44550836321261400, 9.326091845870250197, 67.68041968962114652 ) ) ;
#161 = AXIS2_PLACEMENT_3D ( 'NONE', #6594, #5982, #2444 ) ;
#162 = CARTESIAN_POINT ( 'NONE',  ( -77.00087602673163190, 9.326091845869546759, 67.68041968962170074 ) ) ;
#163 = CARTESIAN_POINT ( 'NONE',  ( -28.77768383176202605, 9.448440834640383201, 52.59006495185253272 ) ) ;
#164 = CIRCLE ( 'NONE', #1147, 0.8000000000000020428 ) ;
#165 = CARTESIAN_POINT ( 'NONE',  ( 8.722316168239592216, 9.448440834640383201, 11.89006495185241441 ) ) ;
#166 = ORIENTED_EDGE ( 'NONE', *, *, #6147, .F. ) ;
#167 = FACE_OUTER_BOUND ( 'NONE', #6861, .T. ) ;
#168 = ORIENTED_EDGE ( 'NONE', *, *, #2555, .F. ) ;
#169 = CARTESIAN_POINT ( 'NONE',  ( 20.51829655605893876, -20.55155916535962035, 73.63565398064568512 ) ) ;
#170 = CARTESIAN_POINT ( 'NONE',  ( -72.89895152696271907, 9.116219145001270618, 73.85010359365227828 ) ) ;
#171 = ORIENTED_EDGE ( 'NONE', *, *, #5599, .F. ) ;
#172 = DIRECTION ( 'NONE',  ( 0.000000000000000000, 0.000000000000000000, 1.000000000000000000 ) ) ;
#173 = CARTESIAN_POINT ( 'NONE',  ( 15.40841050514940314, 9.448440834639347585, -24.04453388909712430 ) ) ;
#174 = DIRECTION ( 'NONE',  ( 0.000000000000000000, 0.000000000000000000, 1.000000000000000000 ) ) ;
#175 = ORIENTED_EDGE ( 'NONE', *, *, #6215, .T. ) ;
#176 = DIRECTION ( 'NONE',  ( 0.000000000000000000, -0.000000000000000000, -1.000000000000000000 ) ) ;
#177 = CARTESIAN_POINT ( 'NONE',  ( 20.38731388742179718, 7.483343474935352013, -23.32833265111407073 ) ) ;
#178 = DIRECTION ( 'NONE',  ( 0.000000000000000000, 1.000000000000000000, -0.000000000000000000 ) ) ;
#179 = ORIENTED_EDGE ( 'NONE', *, *, #3528, .F. ) ;
#180 = CARTESIAN_POINT ( 'NONE',  ( 7.322316168238593548, 8.248440834640383912, 10.69006495185253236 ) ) ;
#181 = CARTESIAN_POINT ( 'NONE',  ( 19.38321326401431222, 9.369535726587672642, -18.02923749652819296 ) ) ;
#182 = CARTESIAN_POINT ( 'NONE',  ( 20.69855467193829313, 7.891161181053099938, 70.47024826837353828 ) ) ;
#183 = DIRECTION ( 'NONE',  ( 0.000000000000000000, 1.000000000000000000, -0.000000000000000000 ) ) ;
#184 = ORIENTED_EDGE ( 'NONE', *, *, #2179, .T. ) ;
#185 = ADVANCED_FACE ( 'NONE', ( #3055 ), #3994, .T. ) ;
#186 = VECTOR ( 'NONE', #4323, 1000.000000000000000 ) ;
#187 = CARTESIAN_POINT ( 'NONE',  ( -77.81034675540520595, 8.451330654356922878, -23.00053267890956832 ) ) ;
#188 = CARTESIAN_POINT ( 'NONE',  ( -73.22897406742642090, 8.432253156808265260, -24.36791312435684276 ) ) ;
#189 = CARTESIAN_POINT ( 'NONE',  ( -78.02154640302366317, 8.334309358769321108, -22.58110222311685078 ) ) ;
#190 = B_SPLINE_CURVE_WITH_KNOTS ( 'NONE', 1,
 ( #5980, #3098 ),
 .UNSPECIFIED., .F., .F.,
 ( 2, 2 ),
 ( 0.1673320026613448752, 0.9990019960079834505 ),
 .UNSPECIFIED. ) ;
#191 = VECTOR ( 'NONE', #2300, 1000.000000000000000 ) ;
#192 = CARTESIAN_POINT ( 'NONE',  ( 17.22231616824142364, 9.448440834640395636, -24.10993504814958044 ) ) ;
#193 = CARTESIAN_POINT ( 'NONE',  ( -75.69086542164312448, -15.55155916535961858, -24.02265972350847534 ) ) ;
#194 = CARTESIAN_POINT ( 'NONE',  ( 8.922316168238593193, 7.448440834640383201, -1.146500097565250014E-15 ) ) ;
#195 = ORIENTED_EDGE ( 'NONE', *, *, #7078, .F. ) ;
#196 = CARTESIAN_POINT ( 'NONE',  ( -74.77768383175860833, -13.55155916535962035, -21.10993504814956268 ) ) ;
#197 = COLOUR_RGB ( '',0.7921568627450980005, 0.8196078431372548767, 0.9333333333333333481 ) ;
#198 = CARTESIAN_POINT ( 'NONE',  ( 17.22231616824143430, 9.448440834640395636, 70.89006495185043377 ) ) ;
#199 = FACE_BOUND ( 'NONE', #6309, .T. ) ;
#200 = CARTESIAN_POINT ( 'NONE',  ( 13.67757773589021753, 9.448440829728475876, 72.54487789094906702 ) ) ;
#202 = AXIS2_PLACEMENT_3D ( 'NONE', #2892, #2780, #5204 ) ;
#201 = DIRECTION ( 'NONE',  ( -1.000000000000000000, 0.000000000000000000, 0.000000000000000000 ) ) ;
#203 = ORIENTED_EDGE ( 'NONE', *, *, #621, .F. ) ;
#204 = CARTESIAN_POINT ( 'NONE',  ( -78.20525882410520069, 7.483343555370422173, 72.47554429371203355 ) ) ;
#205 = ORIENTED_EDGE ( 'NONE', *, *, #5871, .T. ) ;
#206 = EDGE_CURVE ( 'NONE', #3625, #3943, #4328, .T. ) ;
#207 = PLANE ( 'NONE',  #3383 ) ;
#208 = CIRCLE ( 'NONE', #3165, 3.000000000000002665 ) ;
#209 = CARTESIAN_POINT ( 'NONE',  ( -75.96400224427839021, 8.216420123144384746, 74.23798103674852200 ) ) ;
#210 = CARTESIAN_POINT ( 'NONE',  ( -77.67424953641027230, -20.55155916535961680, 74.06204200470007493 ) ) ;
#211 = ORIENTED_EDGE ( 'NONE', *, *, #7424, .T. ) ;
#212 = FACE_OUTER_BOUND ( 'NONE', #2767, .T. ) ;
#213 = CARTESIAN_POINT ( 'NONE',  ( 17.22231616824143430, 9.448440834640395636, 65.89006495185043377 ) ) ;
#214 = FACE_OUTER_BOUND ( 'NONE', #1098, .T. ) ;
#215 = VERTEX_POINT ( 'NONE', #1322 ) ;
#216 = DIRECTION ( 'NONE',  ( -0.000000000000000000, -1.000000000000000000, 0.000000000000000000 ) ) ;
#217 = CARTESIAN_POINT ( 'NONE',  ( 20.20144890781342895, 7.483343488740210603, -23.60620895306196587 ) ) ;
#218 = DIRECTION ( 'NONE',  ( 0.000000000000000000, 1.000000000000000000, -0.000000000000000000 ) ) ;
#219 = VERTEX_POINT ( 'NONE', #5359 ) ;
#220 = CARTESIAN_POINT ( 'NONE',  ( -64.87768383176140219, 8.648440834640384267, 9.090064951852534492 ) ) ;
#221 = CARTESIAN_POINT ( 'NONE',  ( 18.90961031417248606, 9.448440834640145169, -17.54509652913975160 ) ) ;
#222 = AXIS2_PLACEMENT_3D ( 'NONE', #1074, #1146, #7056 ) ;
#223 = CARTESIAN_POINT ( 'NONE',  ( 20.70053378154086587, 7.872059582260208188, 71.28362785460205941 ) ) ;
#224 = CARTESIAN_POINT ( 'NONE',  ( -75.69086542165179310, 8.202985146759770529, -25.00430269693161023 ) ) ;
#225 = CARTESIAN_POINT ( 'NONE',  ( -75.98744518818031679, -20.55155916535984062, -24.28469861254462003 ) ) ;
#226 = ORIENTED_EDGE ( 'NONE', *, *, #2743, .F. ) ;
#227 = AXIS2_PLACEMENT_3D ( 'NONE', #2411, #1253, #2943 ) ;
#228 = CARTESIAN_POINT ( 'NONE',  ( -77.28152321896497767, -15.55155916535961680, 73.02168355558849555 ) ) ;
#229 = CARTESIAN_POINT ( 'NONE',  ( -74.76667160675057744, 7.653685632218134138, -24.61047977693469591 ) ) ;
#230 = CARTESIAN_POINT ( 'NONE',  ( -77.05278703159760312, 9.708179777157550205, -18.44144542083468963 ) ) ;
#231 = CARTESIAN_POINT ( 'NONE',  ( 0.000000000000000000, -15.55155916535961858, 72.80248497112151540 ) ) ;
#232 = ADVANCED_FACE ( 'NONE', ( #3016 ), #5133, .T. ) ;
#233 = ORIENTED_EDGE ( 'NONE', *, *, #1086, .F. ) ;
#234 = LINE ( 'NONE', #895, #3951 ) ;
#235 = CARTESIAN_POINT ( 'NONE',  ( 18.87713925537857307, 9.448440862879010638, 67.34533772950371144 ) ) ;
#236 = ADVANCED_FACE ( 'NONE', ( #2397 ), #207, .T. ) ;
#237 = CYLINDRICAL_SURFACE ( 'NONE', #7323, 5.000000000000004441 ) ;
#238 = CARTESIAN_POINT ( 'NONE',  ( 13.69768961373990912, 9.448440834640386754, 72.51247932170366539 ) ) ;
#239 = DIRECTION ( 'NONE',  ( 0.000000000000000000, 1.000000000000000000, -0.000000000000000000 ) ) ;
#240 = VERTEX_POINT ( 'NONE', #3721 ) ;
#241 = CARTESIAN_POINT ( 'NONE',  ( 20.46847957597606538, 8.332269630845601682, -22.57545388300665223 ) ) ;
#242 = ORIENTED_EDGE ( 'NONE', *, *, #7135, .T. ) ;
#243 = DIRECTION ( 'NONE',  ( 0.000000000000000000, 0.000000000000000000, 1.000000000000000000 ) ) ;
#244 = EDGE_CURVE ( 'NONE', #88, #4077, #3253, .T. ) ;
#245 = CARTESIAN_POINT ( 'NONE',  ( -76.67244365189405642, 8.452206449838490343, 73.92023240264781236 ) ) ;
#246 = ADVANCED_FACE ( 'NONE', ( #2549 ), #2436, .F. ) ;
#247 = FACE_OUTER_BOUND ( 'NONE', #4136, .T. ) ;
#248 = ORIENTED_EDGE ( 'NONE', *, *, #3783, .F. ) ;
#249 = CARTESIAN_POINT ( 'NONE',  ( -77.52327286055309230, -20.55155916535962035, 74.18604533966701808 ) ) ;
#250 = EDGE_CURVE ( 'NONE', #5944, #977, #6045, .T. ) ;
#251 = CARTESIAN_POINT ( 'NONE',  ( -75.69086542164833986, 7.483345647514946464, -24.62058396438444063 ) ) ;
#252 = DIRECTION ( 'NONE',  ( -1.284980352575409001E-16, 0.000000000000000000, -1.000000000000000000 ) ) ;
#253 = ORIENTED_EDGE ( 'NONE', *, *, #395, .T. ) ;
#254 = FACE_OUTER_BOUND ( 'NONE', #5584, .T. ) ;
#255 = CARTESIAN_POINT ( 'NONE',  ( 18.13549775813095266, 8.061418503284762949, -24.61049366515372938 ) ) ;
#256 = AXIS2_PLACEMENT_3D ( 'NONE', #930, #5724, #5613 ) ;
#257 = FACE_OUTER_BOUND ( 'NONE', #4484, .T. ) ;
#258 = ORIENTED_EDGE ( 'NONE', *, *, #1743, .F. ) ;
#259 = FACE_OUTER_BOUND ( 'NONE', #2139, .T. ) ;
#260 = CIRCLE ( 'NONE', #5288, 5.000000000000004441 ) ;
#261 = FACE_OUTER_BOUND ( 'NONE', #942, .T. ) ;
#262 = CARTESIAN_POINT ( 'NONE',  ( -76.92066243844158180, -15.54555916535961302, 73.40098529212794176 ) ) ;
#263 = DIRECTION ( 'NONE',  ( 1.000000000000000000, 0.000000000000000000, 1.224646799147353207E-16 ) ) ;
#264 =( BOUNDED_SURFACE ( )  B_SPLINE_SURFACE ( 3, 2, ( 
 ( #2098, #3382, #3950 ),
 ( #413, #7475, #2753 ),
 ( #6174, #6318, #7328 ),
 ( #450, #2211, #5098 ),
 ( #1027, #7440, #2637 ),
 ( #2177, #1526, #3845 ),
 ( #4551, #1062, #955 ),
 ( #4522, #6859, #3268 ),
 ( #915, #5709, #3882 ),
 ( #2786, #5131, #3992 ),
 ( #5563, #6214, #301 ),
 ( #4984, #619, #3417 ),
 ( #7111, #3006, #2429 ),
 ( #3636, #1228, #5349 ),
 ( #4770, #6610, #589 ),
 ( #2350, #42, #5310 ),
 ( #7189, #5743, #7611 ),
 ( #2927, #4730, #3591 ),
 ( #2386, #1848, #7070 ),
 ( #738, #4205, #4691 ),
 ( #1196, #2965, #1813 ),
 ( #82, #4848, #3551 ),
 ( #6537, #4244, #160 ),
 ( #1891, #1274, #5920 ),
 ( #4168, #665, #6494 ),
 ( #3082, #6576, #5427 ) ),
 .UNSPECIFIED., .F., .F., .F. ) 
 B_SPLINE_SURFACE_WITH_KNOTS ( ( 4, 2, 2, 2, 2, 2, 2, 2, 2, 2, 2, 2, 4 ),
 ( 3, 3 ),
 ( -2.295554154749246401E-15, 0.0004059079117374571268, 0.0008118158234772098348, 0.001014769779347085999, 0.001217723735216962380, 0.001420677691086838761, 0.001623631646956715142, 0.002435447470436220667, 0.003247263293915725758, 0.004059079117395230848, 0.004870894940874736373, 0.005682710764354241897, 0.006494526587833747422 ),
 ( 0.000000000000000000, 1.000000000000000000 ),
 .UNSPECIFIED. ) 
 GEOMETRIC_REPRESENTATION_ITEM ( )  RATIONAL_B_SPLINE_SURFACE ( (
 ( 1.000000000000000000, 0.9818831614234072580, 1.000000000000000000),
 ( 1.000000000000000000, 0.9858912546615729022, 1.000000000000000000),
 ( 1.000000000000000000, 0.9892182363080559426, 1.000000000000000000),
 ( 1.000000000000000000, 0.9944994644903504266, 1.000000000000000000),
 ( 1.000000000000000000, 0.9964607609860111070, 1.000000000000000000),
 ( 1.000000000000000000, 0.9982769252876090293, 1.000000000000000000),
 ( 1.000000000000000000, 0.9986913398382372131, 1.000000000000000000),
 ( 1.000000000000000000, 0.9989925556973721088, 1.000000000000000000),
 ( 1.000000000000000000, 0.9988545302738294218, 1.000000000000000000),
 ( 1.000000000000000000, 0.9981108309270954049, 1.000000000000000000),
 ( 1.000000000000000000, 0.9975139540681170480, 1.000000000000000000),
 ( 1.000000000000000000, 0.9959783744783154980, 1.000000000000000000),
 ( 1.000000000000000000, 0.9950335425801094535, 1.000000000000000000),
 ( 1.000000000000000000, 0.9894579634631552878, 1.000000000000000000),
 ( 1.000000000000000000, 0.9822323753941938351, 1.000000000000000000),
 ( 1.000000000000000000, 0.9626772435880169843, 1.000000000000000000),
 ( 1.000000000000000000, 0.9503521877037878207, 1.000000000000000000),
 ( 1.000000000000000000, 0.9207838801572069132, 1.000000000000000000),
 ( 1.000000000000000000, 0.9033680405107755718, 1.000000000000000000),
 ( 1.000000000000000000, 0.8650724882877275368, 1.000000000000000000),
 ( 1.000000000000000000, 0.8441272710120872880, 1.000000000000000000),
 ( 1.000000000000000000, 0.8003071236676682076, 1.000000000000000000),
 ( 1.000000000000000000, 0.7777745649698480923, 1.000000000000000000),
 ( 1.000000000000000000, 0.7366300689698216386, 1.000000000000000000),
 ( 1.000000000000000000, 0.7177916643021221565, 1.000000000000000000),
 ( 1.000000000000000000, 0.7052517021447123335, 1.000000000000000000) ) ) 
 REPRESENTATION_ITEM ( '' )  SURFACE ( )  );
#265 = CARTESIAN_POINT ( 'NONE',  ( -77.49903976809177664, -20.55155916535983351, -23.41351379702779667 ) ) ;
#266 = DIRECTION ( 'NONE',  ( 0.000000000000000000, 1.000000000000000000, -0.000000000000000000 ) ) ;
#267 = AXIS2_PLACEMENT_3D ( 'NONE', #1033, #883, #6795 ) ;
#268 = AXIS2_PLACEMENT_3D ( 'NONE', #5719, #459, #2795 ) ;
#269 = CARTESIAN_POINT ( 'NONE',  ( -75.90418071661366639, 8.305794553901233002, -24.42753777536842463 ) ) ;
#270 = CARTESIAN_POINT ( 'NONE',  ( -71.07403435556528848, 9.448440834640386754, 72.40101847777147270 ) ) ;
#271 = CARTESIAN_POINT ( 'NONE',  ( -78.21928519255503431, 7.991439837621591380, -20.43827426907139966 ) ) ;
#272 = PLANE ( 'NONE',  #4194 ) ;
#273 = CARTESIAN_POINT ( 'NONE',  ( 18.94148888511722717, 9.917325419396751940, -18.05275007426356382 ) ) ;
#274 = ORIENTED_EDGE ( 'NONE', *, *, #2733, .F. ) ;
#275 = FACE_OUTER_BOUND ( 'NONE', #5366, .T. ) ;
#276 = AXIS2_PLACEMENT_3D ( 'NONE', #2764, #6230, #2075 ) ;
#277 = CIRCLE ( 'NONE', #5304, 0.4999999999999993894 ) ;
#278 = EDGE_CURVE ( 'NONE', #6242, #2539, #2052, .T. ) ;
#279 = CARTESIAN_POINT ( 'NONE',  ( 14.33986817165597216, 9.409695858028348070, -23.10880655393651040 ) ) ;
#280 = CARTESIAN_POINT ( 'NONE',  ( 13.51866669204829030, 9.448440834640386754, 72.40101847777182797 ) ) ;
#281 = CARTESIAN_POINT ( 'NONE',  ( 20.46617873951268862, 8.334309358769305121, 72.36123212680313088 ) ) ;
#282 = CIRCLE ( 'NONE', #3365, 0.5000000000000024425 ) ;
#283 = VERTEX_POINT ( 'NONE', #6702 ) ;
#284 = CARTESIAN_POINT ( 'NONE',  ( 20.64000099244866249, 8.052076284344728663, -22.02311663804677977 ) ) ;
#285 = VERTEX_POINT ( 'NONE', #5089 ) ;
#286 = EDGE_LOOP ( 'NONE', ( #5818, #4931, #233, #2128 ) ) ;
#287 = ADVANCED_FACE ( 'NONE', ( #2585 ), #7428, .F. ) ;
#288 = CARTESIAN_POINT ( 'NONE',  ( 15.17602014465780691, 9.072990746610239299, -23.98042284040457517 ) ) ;
#289 = ADVANCED_FACE ( 'NONE', ( #365, #4403 ), #7319, .F. ) ;
#290 = CARTESIAN_POINT ( 'NONE',  ( -64.87768383176140219, 9.448440834640383201, -17.90993504814754900 ) ) ;
#291 = AXIS2_PLACEMENT_3D ( 'NONE', #7032, #1774, #5999 ) ;
#292 = EDGE_CURVE ( 'NONE', #3039, #4900, #5351, .T. ) ;
#293 = CARTESIAN_POINT ( 'NONE',  ( -72.79059991522615292, 8.915084426770340187, 73.78124768234161479 ) ) ;
#294 = VERTEX_POINT ( 'NONE', #7278 ) ;
#295 = FACE_OUTER_BOUND ( 'NONE', #7526, .T. ) ;
#296 = CARTESIAN_POINT ( 'NONE',  ( -77.49836737007834131, 8.544941350455822260, -23.40457155311485948 ) ) ;
#297 = DIRECTION ( 'NONE',  ( 0.000000000000000000, 1.000000000000000000, -0.000000000000000000 ) ) ;
#298 = EDGE_LOOP ( 'NONE', ( #4145, #1110, #544, #4610, #3947 ) ) ;
#299 = CARTESIAN_POINT ( 'NONE',  ( -67.57768383176139082, 8.648440834640384267, 20.39006495185253343 ) ) ;
#300 = B_SPLINE_CURVE_WITH_KNOTS ( 'NONE', 3,
 ( #468, #1156, #548, #5151, #6921, #1663, #5839, #2237, #5802, #7572, #2092, #6340, #4615, #6781, #1732, #4646, #7027, #505 ),
 .UNSPECIFIED., .F., .F.,
 ( 4, 2, 2, 2, 2, 2, 2, 2, 4 ),
 ( 0.000000000000000000, 0.0007815282503123334445, 0.001563056500624666889, 0.001953820625780817565, 0.002149202688358874905, 0.002344584750936932246, 0.002539966813514989586, 0.002735348876093048227, 0.003126113001249133851 ),
 .UNSPECIFIED. ) ;
#301 = CARTESIAN_POINT ( 'NONE',  ( 20.71765633545754781, 7.699345939412711282, 70.62208784531146932 ) ) ;
#302 = EDGE_CURVE ( 'NONE', #2755, #5050, #7356, .T. ) ;
#303 = EDGE_CURVE ( 'NONE', #7567, #1634, #3869, .T. ) ;
#304 = VECTOR ( 'NONE', #2744, 1000.000000000000000 ) ;
#305 = DIRECTION ( 'NONE',  ( -0.01745240643728354982, -0.9998476951563911586, -0.000000000000000000 ) ) ;
#306 = ORIENTED_EDGE ( 'NONE', *, *, #993, .F. ) ;
#307 = CARTESIAN_POINT ( 'NONE',  ( -28.77768383176202605, 8.648440834640384267, 61.89006495185253698 ) ) ;
#308 = FACE_OUTER_BOUND ( 'NONE', #4720, .T. ) ;
#309 = CARTESIAN_POINT ( 'NONE',  ( -66.47768383176139650, 7.448440834640383201, 0.000000000000000000 ) ) ;
#310 = CARTESIAN_POINT ( 'NONE',  ( 19.93904072049424414, 8.788230581256605944, -23.34305166519030905 ) ) ;
#311 = CARTESIAN_POINT ( 'NONE',  ( -66.27768383176041311, 9.448440834640383201, 10.64006495185241796 ) ) ;
#312 = EDGE_CURVE ( 'NONE', #5192, #1959, #547, .T. ) ;
#313 = CARTESIAN_POINT ( 'NONE',  ( -76.21726392025769314, -15.55155916535961325, 73.74975924064501953 ) ) ;
#314 = CARTESIAN_POINT ( 'NONE',  ( -74.69718013641791288, 7.638849044800260835, -24.61188213059412888 ) ) ;
#315 = CARTESIAN_POINT ( 'NONE',  ( -66.27768383176041311, 7.448440834640384978, 10.64006495185241796 ) ) ;
#316 = CARTESIAN_POINT ( 'NONE',  ( 20.37724414369650816, 8.612146619157744709, 72.41435531058938579 ) ) ;
#317 = CARTESIAN_POINT ( 'NONE',  ( -78.12274794050838977, 8.256532877904687595, -19.85381424363441383 ) ) ;
#318 = ORIENTED_EDGE ( 'NONE', *, *, #312, .F. ) ;
#319 = DIRECTION ( 'NONE',  ( 0.000000000000000000, 0.000000000000000000, 1.000000000000000000 ) ) ;
#320 = AXIS2_PLACEMENT_3D ( 'NONE', #428, #6335, #3432 ) ;
#321 = DIRECTION ( 'NONE',  ( 0.000000000000000000, 0.000000000000000000, 1.000000000000000000 ) ) ;
#322 = DIRECTION ( 'NONE',  ( -0.000000000000000000, -1.000000000000000000, -0.000000000000000000 ) ) ;
#323 = CARTESIAN_POINT ( 'NONE',  ( 14.24605661523222899, 9.222333842784012248, -23.55932828606000839 ) ) ;
#324 = CARTESIAN_POINT ( 'NONE',  ( 20.73296508447625897, 7.483345647514950016, 71.80324654174016530 ) ) ;
#325 = ORIENTED_EDGE ( 'NONE', *, *, #1962, .F. ) ;
#326 = CARTESIAN_POINT ( 'NONE',  ( 18.68874549953378406, 8.332612655765698761, -24.35573901443536116 ) ) ;
#327 = ORIENTED_EDGE ( 'NONE', *, *, #6613, .F. ) ;
#328 = AXIS2_PLACEMENT_3D ( 'NONE', #4378, #417, #7368 ) ;
#329 = VERTEX_POINT ( 'NONE', #2667 ) ;
#330 = DIRECTION ( 'NONE',  ( -0.4791402025252936014, 0.000000000000000000, -0.8777383814805074236 ) ) ;
#331 = CARTESIAN_POINT ( 'NONE',  ( -74.77768383175860833, -15.55155916535962213, -21.10993504814956268 ) ) ;
#332 = CARTESIAN_POINT ( 'NONE',  ( -64.87768383176140219, 7.448440834640383201, 9.090064951852534492 ) ) ;
#333 = ORIENTED_EDGE ( 'NONE', *, *, #6903, .F. ) ;
#334 = DIRECTION ( 'NONE',  ( 0.000000000000000000, -0.9998476951563911586, 0.01745240643728354635 ) ) ;
#335 = CARTESIAN_POINT ( 'NONE',  ( -77.75081599663215570, 8.061416752531464169, -23.59731651007378161 ) ) ;
#336 = EDGE_LOOP ( 'NONE', ( #512, #4115, #16, #2983 ) ) ;
#337 = CARTESIAN_POINT ( 'NONE',  ( 21.13504084359824731, -15.55155916535961502, -22.22121111215999534 ) ) ;
#338 = CARTESIAN_POINT ( 'NONE',  ( 17.22231616824142364, -13.55155916535962035, -19.50993504814957191 ) ) ;
#339 = CARTESIAN_POINT ( 'NONE',  ( -78.28833274798166997, 7.483345647515491805, 72.14621571160728308 ) ) ;
#340 = ORIENTED_EDGE ( 'NONE', *, *, #898, .F. ) ;
#341 = CARTESIAN_POINT ( 'NONE',  ( -75.69086542164833986, -15.55155916535961858, -25.02265972350847889 ) ) ;
#342 = CARTESIAN_POINT ( 'NONE',  ( -77.86510110471448343, -18.88489249844153051, -22.02311663803931197 ) ) ;
#343 = EDGE_CURVE ( 'NONE', #6967, #5080, #5553, .T. ) ;
#344 = DIRECTION ( 'NONE',  ( 0.000000000000000000, 0.000000000000000000, -1.000000000000000000 ) ) ;
#345 = CARTESIAN_POINT ( 'NONE',  ( -48.77768383176253764, 8.648440834640384267, 41.59006495185253272 ) ) ;
#346 = CARTESIAN_POINT ( 'NONE',  ( -77.41089897620017268, 9.448440834640383201, -19.67251444057374954 ) ) ;
#347 = ADVANCED_FACE ( 'NONE', ( #1589 ), #5660, .F. ) ;
#348 = CARTESIAN_POINT ( 'NONE',  ( -16.26673030583651069, 8.648440834640384267, 16.39006495185057233 ) ) ;
#349 = CARTESIAN_POINT ( 'NONE',  ( -75.58389810636229811, 7.988692805765711391, -24.54768589562367609 ) ) ;
#350 = EDGE_LOOP ( 'NONE', ( #7381, #3025 ) ) ;
#351 = DIRECTION ( 'NONE',  ( 0.000000000000000000, 0.000000000000000000, -1.000000000000000000 ) ) ;
#352 = EDGE_CURVE ( 'NONE', #219, #711, #3342, .T. ) ;
#353 = EDGE_CURVE ( 'NONE', #4825, #641, #5418, .T. ) ;
#354 = DIRECTION ( 'NONE',  ( 0.000000000000000000, -1.000000000000000000, 0.000000000000000000 ) ) ;
#355 = DIRECTION ( 'NONE',  ( 1.000000000000000000, 0.000000000000000000, -1.541976423090498986E-15 ) ) ;
#356 = EDGE_LOOP ( 'NONE', ( #7451, #5627, #557, #1867 ) ) ;
#357 = DIRECTION ( 'NONE',  ( -1.000000000000000000, 0.000000000000000000, 0.000000000000000000 ) ) ;
#358 = CARTESIAN_POINT ( 'NONE',  ( 13.97156626327785567, 9.445605437472975652, -22.40711240876158072 ) ) ;
#359 = CARTESIAN_POINT ( 'NONE',  ( 18.03147047180065243, 7.990434924074481415, -24.54713437356618755 ) ) ;
#360 = CARTESIAN_POINT ( 'NONE',  ( -77.41089897620017268, 8.948440834640383201, 69.45264434427464550 ) ) ;
#361 = VERTEX_POINT ( 'NONE', #1474 ) ;
#362 = CARTESIAN_POINT ( 'NONE',  ( 20.12840794405772371, 8.607511663485311715, -23.08689919306800675 ) ) ;
#363 = ORIENTED_EDGE ( 'NONE', *, *, #680, .F. ) ;
#364 = ORIENTED_EDGE ( 'NONE', *, *, #1572, .T. ) ;
#365 = FACE_BOUND ( 'NONE', #6624, .T. ) ;
#366 = FACE_OUTER_BOUND ( 'NONE', #3895, .T. ) ;
#367 = ORIENTED_EDGE ( 'NONE', *, *, #620, .T. ) ;
#368 = CARTESIAN_POINT ( 'NONE',  ( -78.69040850711476764, -20.55155916535962035, 72.00134101586077406 ) ) ;
#369 = CARTESIAN_POINT ( 'NONE',  ( -78.26067851030714451, 8.061416813206742304, -22.36529264672634554 ) ) ;
#370 = ORIENTED_EDGE ( 'NONE', *, *, #4513, .T. ) ;
#371 = CARTESIAN_POINT ( 'NONE',  ( 15.54532545940296906, 8.948440834640383201, 73.96214928703224700 ) ) ;
#372 = DIRECTION ( 'NONE',  ( -1.000000000000000000, 0.000000000000000000, 0.000000000000000000 ) ) ;
#373 = CARTESIAN_POINT ( 'NONE',  ( -76.74887982468055725, 8.595411950461272710, 73.78689109794140677 ) ) ;
#374 = EDGE_LOOP ( 'NONE', ( #5481, #1161, #3047, #2144 ) ) ;
#375 = CARTESIAN_POINT ( 'NONE',  ( -66.77768383176137945, -20.55655916577720532, 29.39006495185252987 ) ) ;
#376 = CARTESIAN_POINT ( 'NONE',  ( -77.93811988552712933, 8.608073405347749230, 72.40305794259971606 ) ) ;
#377 = CARTESIAN_POINT ( 'NONE',  ( -78.22748150226571795, 8.034893893560919764, -21.70965640279358411 ) ) ;
#378 = CARTESIAN_POINT ( 'NONE',  ( 18.02135005939344836, 8.202985146755885637, -24.51750674083492498 ) ) ;
#379 = CARTESIAN_POINT ( 'NONE',  ( -48.77768383176253764, 9.448440834640383201, 41.59006495185253272 ) ) ;
#380 = EDGE_CURVE ( 'NONE', #5050, #424, #7384, .T. ) ;
#381 = CARTESIAN_POINT ( 'NONE',  ( -74.77768383175860833, 9.448440834640395636, 70.89006495185046219 ) ) ;
#382 = AXIS2_PLACEMENT_3D ( 'NONE', #7290, #6711, #1446 ) ;
#383 = CYLINDRICAL_SURFACE ( 'NONE', #3347, 3.500000000000003109 ) ;
#384 = EDGE_LOOP ( 'NONE', ( #5301, #3724 ) ) ;
#385 = EDGE_CURVE ( 'NONE', #1529, #6749, #5013, .T. ) ;
#386 = CARTESIAN_POINT ( 'NONE',  ( -76.28491941973715029, 9.951699474726314776, -17.94254524963601227 ) ) ;
#387 = CARTESIAN_POINT ( 'NONE',  ( 18.26580604264763608, 8.144168364085103917, 74.27859514686045372 ) ) ;
#388 = CIRCLE ( 'NONE', #5173, 3.500000000000003109 ) ;
#389 = ADVANCED_BREP_SHAPE_REPRESENTATION ( 'Top Cover', ( #1539, #1122 ), #3466 ) ;
#390 = DIRECTION ( 'NONE',  ( -1.000000000000000000, 0.000000000000000000, 0.000000000000000000 ) ) ;
#391 = AXIS2_PLACEMENT_3D ( 'NONE', #4266, #2560, #6712 ) ;
#392 = ORIENTED_EDGE ( 'NONE', *, *, #6302, .F. ) ;
#393 = DIRECTION ( 'NONE',  ( -0.000000000000000000, 1.000000000000000000, -0.000000000000000000 ) ) ;
#394 = CIRCLE ( 'NONE', #4924, 0.8000000000000020428 ) ;
#395 = EDGE_CURVE ( 'NONE', #7216, #149, #3835, .T. ) ;
#396 = EDGE_CURVE ( 'NONE', #6120, #4856, #394, .T. ) ;
#397 = AXIS2_PLACEMENT_3D ( 'NONE', #6373, #5270, #4577 ) ;
#398 = CARTESIAN_POINT ( 'NONE',  ( -77.67304840258590559, -15.55155916535962213, -24.28296445165592843 ) ) ;
#399 = FACE_OUTER_BOUND ( 'NONE', #1448, .T. ) ;
#400 = CARTESIAN_POINT ( 'NONE',  ( 20.70531084677566724, 8.061416813208460042, 72.14542255057260434 ) ) ;
#401 = CARTESIAN_POINT ( 'NONE',  ( 18.02135005940101564, 8.202985146762300062, -24.51750674083314863 ) ) ;
#402 = ORIENTED_EDGE ( 'NONE', *, *, #5736, .F. ) ;
#403 = AXIS2_PLACEMENT_3D ( 'NONE', #741, #5431, #2509 ) ;
#404 = CARTESIAN_POINT ( 'NONE',  ( 14.29491297546726791, 9.332083737238063392, -23.39420588877993623 ) ) ;
#405 = CARTESIAN_POINT ( 'NONE',  ( -72.39784502092452101, 9.177180926313498688, -23.77684843977670681 ) ) ;
#406 = ORIENTED_EDGE ( 'NONE', *, *, #2313, .T. ) ;
#407 = CARTESIAN_POINT ( 'NONE',  ( -77.52327286055309230, -15.55155916535961858, 74.18604533966701808 ) ) ;
#408 = CIRCLE ( 'NONE', #4692, 8.500000000000000000 ) ;
#409 = CARTESIAN_POINT ( 'NONE',  ( -77.94343948018493506, 7.483343488026724444, -23.32690977927721931 ) ) ;
#410 = FACE_OUTER_BOUND ( 'NONE', #3194, .T. ) ;
#411 = VERTEX_POINT ( 'NONE', #1221 ) ;
#412 = DIRECTION ( 'NONE',  ( 0.000000000000000000, 0.000000000000000000, 1.000000000000000000 ) ) ;
#413 = CARTESIAN_POINT ( 'NONE',  ( 20.65182892840901019, 8.123777977573858777, 71.59552864368001224 ) ) ;
#414 = AXIS2_PLACEMENT_3D ( 'NONE', #4485, #1407, #412 ) ;
#415 = DIRECTION ( 'NONE',  ( 0.000000000000000000, 0.000000000000000000, -1.000000000000000000 ) ) ;
#416 = EDGE_LOOP ( 'NONE', ( #5477, #110, #4399, #1402 ) ) ;
#417 = DIRECTION ( 'NONE',  ( 0.000000000000000000, 1.000000000000000000, -0.000000000000000000 ) ) ;
#418 = CYLINDRICAL_SURFACE ( 'NONE', #12, 0.8000000000000003775 ) ;
#419 = CARTESIAN_POINT ( 'NONE',  ( -77.93751917441453259, 8.608468187492761103, -22.62409823225008765 ) ) ;
#420 = CARTESIAN_POINT ( 'NONE',  ( -77.30974818273809035, 9.448440834640383201, -19.48721597377342363 ) ) ;
#421 = CARTESIAN_POINT ( 'NONE',  ( -76.69010385102970417, -15.55155916535962746, -16.49012448169868250 ) ) ;
#422 = CARTESIAN_POINT ( 'NONE',  ( -72.79059991523145356, 8.915084426765448100, -24.00111777864572815 ) ) ;
#423 =( BOUNDED_SURFACE ( )  B_SPLINE_SURFACE ( 3, 2, ( 
 ( #4029, #6354, #7002 ),
 ( #1934, #629, #743 ),
 ( #3089, #5392, #4775 ),
 ( #784, #6545, #3602 ),
 ( #4700, #7040, #7198 ),
 ( #1781, #7116, #7076 ),
 ( #4289, #1818, #6618 ),
 ( #7159, #4251, #1355 ),
 ( #673, #2511, #3717 ),
 ( #6043, #3013, #3132 ),
 ( #1239, #1856, #1281 ),
 ( #4137, #5929, #4212 ),
 ( #5356, #3642, #6465 ),
 ( #5471, #2472, #1200 ),
 ( #4173, #6499, #204 ),
 ( #3556, #4737, #1898 ),
 ( #5886, #2974, #87 ),
 ( #5318, #4816, #48 ) ),
 .UNSPECIFIED., .F., .F., .F. ) 
 B_SPLINE_SURFACE_WITH_KNOTS ( ( 4, 2, 2, 2, 2, 2, 2, 2, 4 ),
 ( 3, 3 ),
 ( 0.000000000000000000, 0.0001168493411993548809, 0.0002336986823987097618, 0.0003505480235980646428, 0.0004673973647974195237, 0.0005842467059967743504, 0.0007010960471961292855, 0.0008179453883954842207, 0.0009347947295948390474 ),
 ( 0.6311822323592759520, 1.000000000000000000 ),
 .UNSPECIFIED. ) 
 GEOMETRIC_REPRESENTATION_ITEM ( )  RATIONAL_B_SPLINE_SURFACE ( (
 ( 0.8664944433510599620, 0.8942416707850648905, 1.000000000000000000),
 ( 0.8664944167895900495, 0.8942416497440179857, 1.000000000000000000),
 ( 0.8664942722829498400, 0.8942415352710235688, 1.000000000000000000),
 ( 0.8664942716992261040, 0.8942415348086185656, 1.000000000000000000),
 ( 0.8664944437394168641, 0.8942416710927072465, 1.000000000000000000),
 ( 0.8664944429619312327, 0.8942416704768110236, 1.000000000000000000),
 ( 0.8664942671735553770, 0.8942415312235438840, 1.000000000000000000),
 ( 0.8664942661097101428, 0.8942415303808037841, 1.000000000000000000),
 ( 0.8664944434247856542, 0.8942416708434677286, 1.000000000000000000),
 ( 0.8664944432773011851, 0.8942416707266357401, 1.000000000000000000),
 ( 0.8664942672487898623, 0.8942415312831419882, 1.000000000000000000),
 ( 0.8664942660355570148, 0.8942415303220623279, 1.000000000000000000),
 ( 0.8664944420687270554, 0.8942416697692465721, 1.000000000000000000),
 ( 0.8664944446237454745, 0.8942416717932407666, 1.000000000000000000),
 ( 0.8664942726140991702, 0.8942415355333481752, 1.000000000000000000),
 ( 0.8664942713721219825, 0.8942415345494982848, 1.000000000000000000),
 ( 0.8664944171276256490, 0.8942416500117975620, 1.000000000000000000),
 ( 0.8664944433510599620, 0.8942416707850648905, 1.000000000000000000) ) ) 
 REPRESENTATION_ITEM ( '' )  SURFACE ( )  );
#424 = VERTEX_POINT ( 'NONE', #5910 ) ;
#425 = CIRCLE ( 'NONE', #1399, 1.599999999999990319 ) ;
#426 = CARTESIAN_POINT ( 'NONE',  ( 20.14428377388803781, -21.55755916535962413, -23.18200528610625355 ) ) ;
#427 = ADVANCED_FACE ( 'NONE', ( #3507 ), #4236, .F. ) ;
#428 = CARTESIAN_POINT ( 'NONE',  ( -65.67768383176139935, -20.55655916577720532, -17.10993504814755184 ) ) ;
#429 = ORIENTED_EDGE ( 'NONE', *, *, #756, .T. ) ;
#430 = CARTESIAN_POINT ( 'NONE',  ( 17.22231616824142364, 9.448440834640395636, -24.10993504814958044 ) ) ;
#431 = EDGE_CURVE ( 'NONE', #6007, #6757, #7602, .T. ) ;
#432 = CYLINDRICAL_SURFACE ( 'NONE', #5217, 0.7999999999999951594 ) ;
#433 = EDGE_CURVE ( 'NONE', #4324, #3521, #1504, .T. ) ;
#434 = CARTESIAN_POINT ( 'NONE',  ( -77.84976816694043578, 9.448440834640383201, 69.21307424301201650 ) ) ;
#435 = CARTESIAN_POINT ( 'NONE',  ( -16.26673030583651069, 8.248440834640383912, 15.59006495185057339 ) ) ;
#436 = CARTESIAN_POINT ( 'NONE',  ( -78.61234529542367966, -15.55155916535962035, 72.58843383562239637 ) ) ;
#437 = ORIENTED_EDGE ( 'NONE', *, *, #2530, .T. ) ;
#438 = ADVANCED_FACE ( 'NONE', ( #1731 ), #654, .F. ) ;
#439 = AXIS2_PLACEMENT_3D ( 'NONE', #7255, #1378, #5492 ) ;
#440 = CARTESIAN_POINT ( 'NONE',  ( -71.43921368533041516, 9.448440834640383201, -22.83183504927965402 ) ) ;
#441 = ORIENTED_EDGE ( 'NONE', *, *, #5078, .F. ) ;
#442 = DIRECTION ( 'NONE',  ( 0.000000000000000000, 0.000000000000000000, 1.000000000000000000 ) ) ;
#443 = CARTESIAN_POINT ( 'NONE',  ( -78.69040850711751034, -15.55155916535961858, -22.02311663803931552 ) ) ;
#444 = EDGE_CURVE ( 'NONE', #3908, #6931, #3216, .T. ) ;
#445 = CARTESIAN_POINT ( 'NONE',  ( -16.26673030583651069, 8.248440834640383912, 16.39006495185057233 ) ) ;
#446 = EDGE_CURVE ( 'NONE', #219, #3521, #3993, .T. ) ;
#447 = CIRCLE ( 'NONE', #3401, 1.600000000000000755 ) ;
#448 = ORIENTED_EDGE ( 'NONE', *, *, #6478, .T. ) ;
#449 = CYLINDRICAL_SURFACE ( 'NONE', #5564, 1.599999999999990319 ) ;
#450 = CARTESIAN_POINT ( 'NONE',  ( 20.69855538090657987, 7.890372993051413708, 71.30867553831691907 ) ) ;
#451 = VECTOR ( 'NONE', #869, 1000.000000000000000 ) ;
#452 = DIRECTION ( 'NONE',  ( 0.000000000000000000, 0.000000000000000000, 1.000000000000000000 ) ) ;
#453 = VERTEX_POINT ( 'NONE', #6487 ) ;
#454 = DIRECTION ( 'NONE',  ( 0.000000000000000000, 1.000000000000000000, 0.000000000000000000 ) ) ;
#455 = LINE ( 'NONE', #309, #1849 ) ;
#456 = CARTESIAN_POINT ( 'NONE',  ( -77.92023408558712561, 8.613343737553869062, 69.03479364043246846 ) ) ;
#457 = CARTESIAN_POINT ( 'NONE',  ( 17.22231616824142364, 9.448440834640395636, -18.10993504814957689 ) ) ;
#458 = LINE ( 'NONE', #2187, #2962 ) ;
#459 = DIRECTION ( 'NONE',  ( 0.000000000000000000, 1.000000000000000000, -0.000000000000000000 ) ) ;
#460 = EDGE_LOOP ( 'NONE', ( #4779, #5239, #652, #3211 ) ) ;
#461 = CARTESIAN_POINT ( 'NONE',  ( 21.13504084360031499, -15.55155916535961858, -22.02311663803929420 ) ) ;
#462 = CARTESIAN_POINT ( 'NONE',  ( -77.95244740354270618, -20.55155916535962035, -22.02311663803931197 ) ) ;
#463 = CARTESIAN_POINT ( 'NONE',  ( 18.68783500311622703, 8.332269630846679931, 74.13622835957750112 ) ) ;
#464 = CARTESIAN_POINT ( 'NONE',  ( -78.27815445082107715, 7.653210449134260074, -20.96558159816286349 ) ) ;
#465 = ORIENTED_EDGE ( 'NONE', *, *, #431, .T. ) ;
#466 = DIRECTION ( 'NONE',  ( 0.000000000000000000, -1.000000000000000000, 0.000000000000000000 ) ) ;
#467 =( BOUNDED_SURFACE ( )  B_SPLINE_SURFACE ( 3, 2, ( 
 ( #5326, #130, #2480 ),
 ( #2517, #5480, #983 ),
 ( #1523, #369, #2095 ),
 ( #7285, #6708, #3335 ),
 ( #5665, #4980, #7398 ),
 ( #5560, #3224, #2592 ),
 ( #831, #870, #409 ),
 ( #296, #335, #2019 ),
 ( #7362, #6666, #4447 ),
 ( #1404, #2707, #2672 ),
 ( #5593, #3803, #6785 ),
 ( #2749, #2633, #2172 ),
 ( #2136, #5516, #7324 ),
 ( #3914, #5093, #3764 ),
 ( #6244, #6089, #2057 ),
 ( #3180, #4408, #5019 ),
 ( #3879, #7434, #6210 ),
 ( #6171, #951, #251 ) ),
 .UNSPECIFIED., .F., .F., .F. ) 
 B_SPLINE_SURFACE_WITH_KNOTS ( ( 4, 2, 2, 2, 2, 2, 2, 2, 4 ),
 ( 3, 3 ),
 ( 0.000000000000000000, 0.0001168493411935618803, 0.0002336986823871237606, 0.0003505480235806856409, 0.0004673973647742475212, 0.0005842467059678094557, 0.0007010960471613712818, 0.0008179453883549331079, 0.0009347947295484950424 ),
 ( 0.6311822323594086237, 1.000000000000000000 ),
 .UNSPECIFIED. ) 
 GEOMETRIC_REPRESENTATION_ITEM ( )  RATIONAL_B_SPLINE_SURFACE ( (
 ( 0.8664944433510799460, 0.8942416707851028601, 1.000000000000000000),
 ( 0.8664944167896087013, 0.8942416497440548451, 1.000000000000000000),
 ( 0.8664942722829724886, 0.8942415352710637588, 1.000000000000000000),
 ( 0.8664942716992427574, 0.8942415348086538707, 1.000000000000000000),
 ( 0.8664944437394386245, 0.8942416710927466594, 1.000000000000000000),
 ( 0.8664944429619489963, 0.8942416704768472169, 1.000000000000000000),
 ( 0.8664942671735866853, 0.8942415312235909575, 1.000000000000000000),
 ( 0.8664942661097234655, 0.8942415303808366467, 1.000000000000000000),
 ( 0.8664944434248067484, 0.8942416708435066974, 1.000000000000000000),
 ( 0.8664944432773202809, 0.8942416707266731546, 1.000000000000000000),
 ( 0.8664942672488105124, 0.8942415312831806240, 1.000000000000000000),
 ( 0.8664942660355736681, 0.8942415303220977441, 1.000000000000000000),
 ( 0.8664944420687330506, 0.8942416697692734395, 1.000000000000000000),
 ( 0.8664944446237794473, 0.8942416717932899495, 1.000000000000000000),
 ( 0.8664942726141051654, 0.8942415355333752647, 1.000000000000000000),
 ( 0.8664942713721341949, 0.8942415345495302592, 1.000000000000000000),
 ( 0.8664944171276252050, 0.8942416500118195444, 1.000000000000000000),
 ( 0.8664944433510803901, 0.8942416707851033042, 1.000000000000000000) ) ) 
 REPRESENTATION_ITEM ( '' )  SURFACE ( )  );
#468 = CARTESIAN_POINT ( 'NONE',  ( -73.10069312292014843, 8.948440834640383201, -24.18201938333139367 ) ) ;
#469 = CARTESIAN_POINT ( 'NONE',  ( -66.47768383176139650, 8.648440834640384267, -17.10993504814755184 ) ) ;
#470 = EDGE_CURVE ( 'NONE', #6628, #902, #6413, .T. ) ;
#471 = CIRCLE ( 'NONE', #5014, 0.8000000000000020428 ) ;
#472 = CARTESIAN_POINT ( 'NONE',  ( -77.85428649467856133, 14.44844083463901896, 73.05024025560879863 ) ) ;
#473 = CARTESIAN_POINT ( 'NONE',  ( 18.29113424181760550, 8.544942509758897131, 74.07364617677119156 ) ) ;
#474 = FACE_OUTER_BOUND ( 'NONE', #1362, .T. ) ;
#475 = ORIENTED_EDGE ( 'NONE', *, *, #3200, .T. ) ;
#476 = EDGE_CURVE ( 'NONE', #4077, #2634, #4196, .T. ) ;
#477 = CARTESIAN_POINT ( 'NONE',  ( -78.27678528806411862, 7.667234662099229325, 71.07593865498978403 ) ) ;
#478 = CARTESIAN_POINT ( 'NONE',  ( -77.20856963475236512, 9.448440834640384978, 69.08199661370971967 ) ) ;
#479 = CARTESIAN_POINT ( 'NONE',  ( -77.21248853193696959, 14.44844083464038853, -24.00304317883676219 ) ) ;
#480 = CARTESIAN_POINT ( 'NONE',  ( -77.03736671701290106, 9.448440834640383201, -18.91642419430368705 ) ) ;
#481 = ORIENTED_EDGE ( 'NONE', *, *, #722, .F. ) ;
#482 = CARTESIAN_POINT ( 'NONE',  ( 19.28765836771438202, 7.483345623703211658, 74.13738485660897481 ) ) ;
#483 = CARTESIAN_POINT ( 'NONE',  ( -75.69086542164833986, -15.55155916535961858, 73.80278962720933578 ) ) ;
#484 = ADVANCED_FACE ( 'NONE', ( #5341 ), #7074, .F. ) ;
#485 = EDGE_CURVE ( 'NONE', #6157, #149, #2147, .T. ) ;
#486 = CARTESIAN_POINT ( 'NONE',  ( -77.00266736631141384, 8.777256683132149462, 73.59709433230025866 ) ) ;
#487 = ORIENTED_EDGE ( 'NONE', *, *, #2447, .F. ) ;
#488 = DIRECTION ( 'NONE',  ( 0.000000000000000000, 0.000000000000000000, -1.000000000000000000 ) ) ;
#489 = CARTESIAN_POINT ( 'NONE',  ( 19.45543278529263986, 8.788230581256149421, 73.60678950409445065 ) ) ;
#490 = CARTESIAN_POINT ( 'NONE',  ( -78.28018258081961278, 7.632442147435326341, 70.86637754521093768 ) ) ;
#491 = VERTEX_POINT ( 'NONE', #7338 ) ;
#492 = CARTESIAN_POINT ( 'NONE',  ( -76.49960187973313452, 9.448440834640383201, -17.77149849528140280 ) ) ;
#493 = CARTESIAN_POINT ( 'NONE',  ( 20.71097940580125751, 7.795538714769785216, -21.39649802340487739 ) ) ;
#494 = DIRECTION ( 'NONE',  ( 0.000000000000000000, 0.000000000000000000, 1.000000000000000000 ) ) ;
#495 = EDGE_LOOP ( 'NONE', ( #4267, #4453, #7001, #2900 ) ) ;
#496 = CARTESIAN_POINT ( 'NONE',  ( 20.13504084360030788, -15.55155916535961858, 0.000000000000000000 ) ) ;
#497 = AXIS2_PLACEMENT_3D ( 'NONE', #3247, #7348, #1506 ) ;
#498 = CARTESIAN_POINT ( 'NONE',  ( -28.77768383176221079, -20.55655916577720532, 31.39006495185252987 ) ) ;
#499 = CARTESIAN_POINT ( 'NONE',  ( 20.62988786092722293, 8.202985146754205203, 71.68909884300059332 ) ) ;
#500 = DIRECTION ( 'NONE',  ( 0.000000000000000000, 0.000000000000000000, 1.000000000000000000 ) ) ;
#501 = EDGE_LOOP ( 'NONE', ( #6249, #2077, #1740, #3808, #3415, #2874, #2226, #7100 ) ) ;
#502 = ORIENTED_EDGE ( 'NONE', *, *, #4986, .F. ) ;
#503 = CARTESIAN_POINT ( 'NONE',  ( -74.77768383175860833, 34.44844083464037965, -19.50993504814957191 ) ) ;
#504 = CIRCLE ( 'NONE', #2809, 1.600000000000004086 ) ;
#505 = CARTESIAN_POINT ( 'NONE',  ( -75.57671772291514856, 8.202985146759770529, -24.51750674083385562 ) ) ;
#506 = AXIS2_PLACEMENT_3D ( 'NONE', #4546, #4623, #115 ) ;
#507 = CARTESIAN_POINT ( 'NONE',  ( -77.19265536635900560, -15.55155916535961858, -24.62687107686922516 ) ) ;
#508 = TOROIDAL_SURFACE ( 'NONE', #5168, 1.600000000000000089, 0.8000000000000000444 ) ;
#509 = CARTESIAN_POINT ( 'NONE',  ( 16.60790727259860589, 8.045486530186225949, 74.33867368928441977 ) ) ;
#510 = CARTESIAN_POINT ( 'NONE',  ( 18.43608625914841070, 8.544941385292002423, 74.05826848766787407 ) ) ;
#511 = CARTESIAN_POINT ( 'NONE',  ( -48.77768383176253764, 9.448440834640383201, 60.19006495185251993 ) ) ;
#512 = ORIENTED_EDGE ( 'NONE', *, *, #107, .F. ) ;
#513 =( BOUNDED_CURVE ( )  B_SPLINE_CURVE ( 3, ( #5453, #4307, #6639, #885 ),
 .UNSPECIFIED., .F., .T. ) 
 B_SPLINE_CURVE_WITH_KNOTS ( ( 4, 4 ),
 ( 5.019378949319995620, 5.104872211866425147 ),
 .UNSPECIFIED. ) 
 CURVE ( )  GEOMETRIC_REPRESENTATION_ITEM ( )  RATIONAL_B_SPLINE_CURVE ( ( 1.000000000000000000, 0.9993910012473939952, 0.9993910012473939952, 1.000000000000000000 ) ) 
 REPRESENTATION_ITEM ( '' )  );
#514 = CIRCLE ( 'NONE', #4320, 1.600000000000000755 ) ;
#515 = CARTESIAN_POINT ( 'NONE',  ( -78.25815038633152199, 7.801986561072042470, 71.36847705055402002 ) ) ;
#516 = CARTESIAN_POINT ( 'NONE',  ( -77.41089897620017268, 9.448440834640395636, 69.45264434427464550 ) ) ;
#517 = CARTESIAN_POINT ( 'NONE',  ( -78.16675655927097921, 14.44844083464038142, -22.02311663803931197 ) ) ;
#518 = CARTESIAN_POINT ( 'NONE',  ( 0.000000000000000000, -15.55155916535961858, -25.02265972350847889 ) ) ;
#519 = VECTOR ( 'NONE', #4415, 1000.000000000000000 ) ;
#520 = ORIENTED_EDGE ( 'NONE', *, *, #5268, .F. ) ;
#521 = LINE ( 'NONE', #6857, #5678 ) ;
#522 = EDGE_CURVE ( 'NONE', #5109, #664, #2665, .T. ) ;
#523 = EDGE_CURVE ( 'NONE', #4012, #4856, #3665, .T. ) ;
#524 = CARTESIAN_POINT ( 'NONE',  ( 18.13549775813113385, -15.55155916535961858, -25.02265972350847179 ) ) ;
#525 = EDGE_CURVE ( 'NONE', #5109, #453, #458, .T. ) ;
#526 = CIRCLE ( 'NONE', #2972, 2.000000000000000000 ) ;
#527 = CARTESIAN_POINT ( 'NONE',  ( -76.73150866018391980, 8.734039431429176048, 73.79886682469748393 ) ) ;
#528 = ORIENTED_EDGE ( 'NONE', *, *, #107, .T. ) ;
#529 = CARTESIAN_POINT ( 'NONE',  ( 18.47502400956699020, 7.483343939781471832, -24.59957180729463744 ) ) ;
#530 = DIRECTION ( 'NONE',  ( 0.000000000000000000, 0.000000000000000000, -1.000000000000000000 ) ) ;
#531 = CARTESIAN_POINT ( 'NONE',  ( -77.50577655618627659, 9.044040304695094790, 68.26962978320156594 ) ) ;
#532 = DIRECTION ( 'NONE',  ( 0.000000000000000000, -1.000000000000000000, 0.000000000000000000 ) ) ;
#533 = CIRCLE ( 'NONE', #1876, 0.8000000000000020428 ) ;
#534 = CARTESIAN_POINT ( 'NONE',  ( -75.69086542164312448, -15.55155916535961858, -24.02265972350847534 ) ) ;
#535 = CARTESIAN_POINT ( 'NONE',  ( -71.72798140277666334, 9.256231991949064764, -23.49222010768557567 ) ) ;
#536 = EDGE_LOOP ( 'NONE', ( #7266, #742, #5798, #2025 ) ) ;
#537 = DIRECTION ( 'NONE',  ( 0.000000000000000000, 0.000000000000000000, 1.000000000000000000 ) ) ;
#538 = AXIS2_PLACEMENT_3D ( 'NONE', #736, #3634, #587 ) ;
#539 = CARTESIAN_POINT ( 'NONE',  ( 17.92777986012139380, 8.123777977618731327, 74.31957771200684704 ) ) ;
#540 = CARTESIAN_POINT ( 'NONE',  ( -65.67768383176139935, 8.648440834640384267, -16.30993504814755468 ) ) ;
#541 = ADVANCED_FACE ( 'NONE', ( #5072, #7449 ), #1607, .F. ) ;
#542 = CARTESIAN_POINT ( 'NONE',  ( 20.72278678730416601, 7.653210449131379711, -20.96558159817217160 ) ) ;
#543 = ORIENTED_EDGE ( 'NONE', *, *, #4570, .T. ) ;
#544 = ORIENTED_EDGE ( 'NONE', *, *, #7391, .T. ) ;
#545 = CARTESIAN_POINT ( 'NONE',  ( 20.30973344123495039, -18.88489249916056067, 71.80324654174016530 ) ) ;
#546 = CARTESIAN_POINT ( 'NONE',  ( -66.27768383176041311, -20.55655916577720532, 11.89006495185241441 ) ) ;
#547 = CIRCLE ( 'NONE', #4835, 0.4999999999999973910 ) ;
#548 = CARTESIAN_POINT ( 'NONE',  ( -73.47508675895616648, 8.632963865840459050, -24.36480985896793072 ) ) ;
#549 = CARTESIAN_POINT ( 'NONE',  ( 18.13549775813114096, -15.55155916535961858, -25.02265972350847889 ) ) ;
#550 = CARTESIAN_POINT ( 'NONE',  ( -76.82447430513340692, 9.448440834640383201, 67.86751773574258095 ) ) ;
#551 = CARTESIAN_POINT ( 'NONE',  ( 18.80779551010871131, 7.483343555370467470, 74.31763994419394237 ) ) ;
#552 = ORIENTED_EDGE ( 'NONE', *, *, #3400, .F. ) ;
#553 = CARTESIAN_POINT ( 'NONE',  ( -78.23196743685257104, 7.925352099016984120, 71.58853399222044800 ) ) ;
#554 = CARTESIAN_POINT ( 'NONE',  ( 7.322316168238593548, 7.448440834640384978, 9.890064951852531649 ) ) ;
#555 = CARTESIAN_POINT ( 'NONE',  ( 13.65405076683924435, 9.448440834640408070, 72.57277401827833785 ) ) ;
#556 = CARTESIAN_POINT ( 'NONE',  ( -71.85037092179827312, 9.332060789679720969, 73.17440577032441240 ) ) ;
#557 = ORIENTED_EDGE ( 'NONE', *, *, #1415, .F. ) ;
#558 = CARTESIAN_POINT ( 'NONE',  ( 20.11888187289378038, -15.55155916535961858, -24.28191210099991437 ) ) ;
#559 = CIRCLE ( 'NONE', #4850, 3.000000000000002665 ) ;
#560 = CARTESIAN_POINT ( 'NONE',  ( -74.70724309818862707, 7.686451098057692555, 74.38979849905938124 ) ) ;
#561 = EDGE_LOOP ( 'NONE', ( #3081, #794, #318, #4567 ) ) ;
#562 = CARTESIAN_POINT ( 'NONE',  ( -8.777683831760251465, 8.648440834640384267, 41.59006495185251850 ) ) ;
#563 = CIRCLE ( 'NONE', #4370, 3.000000000000002665 ) ;
#564 = CARTESIAN_POINT ( 'NONE',  ( -48.77768383176253764, -20.55655916577720532, 50.89006495185252277 ) ) ;
#565 = CARTESIAN_POINT ( 'NONE',  ( 18.13549775813112674, -17.21822583202628465, 74.80278962720933578 ) ) ;
#566 = CARTESIAN_POINT ( 'NONE',  ( 18.13549775813112674, -20.55155916535962035, 74.80278962720933578 ) ) ;
#567 = TOROIDAL_SURFACE ( 'NONE', #3770, 1.600000000000000089, 0.8000000000000000444 ) ;
#568 = CARTESIAN_POINT ( 'NONE',  ( 18.39951952530644519, -15.55155916535961858, -24.02265971682182766 ) ) ;
#569 = EDGE_CURVE ( 'NONE', #4326, #5939, #3709, .T. ) ;
#570 = CARTESIAN_POINT ( 'NONE',  ( -8.777683831760253241, 9.448440834640383201, 60.19006495185251993 ) ) ;
#571 = ORIENTED_EDGE ( 'NONE', *, *, #7135, .F. ) ;
#572 = CARTESIAN_POINT ( 'NONE',  ( 18.73326969416348575, 7.448440834640383201, 0.000000000000000000 ) ) ;
#573 = CARTESIAN_POINT ( 'NONE',  ( 17.21055675208230795, 7.630920137471014719, 74.39269167902764934 ) ) ;
#574 = CIRCLE ( 'NONE', #4869, 9.300000000000002487 ) ;
#575 = LINE ( 'NONE', #7020, #2 ) ;
#576 = DIRECTION ( 'NONE',  ( 1.000000000000000000, 0.000000000000000000, 0.000000000000000000 ) ) ;
#577 = EDGE_LOOP ( 'NONE', ( #487, #5088, #4472, #753, #5447, #3434, #3146, #248, #5773, #4544 ) ) ;
#578 = VERTEX_POINT ( 'NONE', #4458 ) ;
#579 = CARTESIAN_POINT ( 'NONE',  ( -72.39230970129305831, 9.448440834640383201, 73.06229706550068670 ) ) ;
#580 = DIRECTION ( 'NONE',  ( -0.000000000000000000, -1.000000000000000000, -0.000000000000000000 ) ) ;
#581 = EDGE_CURVE ( 'NONE', #977, #6161, #3902, .T. ) ;
#582 = CARTESIAN_POINT ( 'NONE',  ( -77.27763233900897433, 7.483343494568599041, -24.08653952355049910 ) ) ;
#583 = DIRECTION ( 'NONE',  ( 0.000000000000000000, 0.000000000000000000, -1.000000000000000000 ) ) ;
#584 = CARTESIAN_POINT ( 'NONE',  ( -78.38630490513686766, -15.55155916535961502, -23.35363382436985447 ) ) ;
#585 = LINE ( 'NONE', #2344, #3103 ) ;
#586 = CARTESIAN_POINT ( 'NONE',  ( 20.71743155832769290, 7.701992840654752648, -20.91531658888770195 ) ) ;
#587 = DIRECTION ( 'NONE',  ( 0.000000000000000000, 0.000000000000000000, 1.000000000000000000 ) ) ;
#588 = ORIENTED_EDGE ( 'NONE', *, *, #7042, .F. ) ;
#589 = CARTESIAN_POINT ( 'NONE',  ( 20.64199057440758622, 8.060620197522013086, 69.96176290103645101 ) ) ;
#590 = CARTESIAN_POINT ( 'NONE',  ( -77.05278703159929421, 9.708179777156896506, 68.22157532453692852 ) ) ;
#591 = CARTESIAN_POINT ( 'NONE',  ( -74.68669997991413823, 7.693883599742878054, 74.38913436028259696 ) ) ;
#592 = CARTESIAN_POINT ( 'NONE',  ( 14.45315309561203776, 9.448440834640383201, 72.88736688344998527 ) ) ;
#593 = ORIENTED_EDGE ( 'NONE', *, *, #3532, .T. ) ;
#594 = CARTESIAN_POINT ( 'NONE',  ( 19.43852465517321448, 7.483343469213069810, 74.05659696043787221 ) ) ;
#595 = AXIS2_PLACEMENT_3D ( 'NONE', #2015, #2704, #5512 ) ;
#596 = LINE ( 'NONE', #4030, #2379 ) ;
#597 = CARTESIAN_POINT ( 'NONE',  ( -73.84938178093950967, 8.060620197525290465, 74.30973935801553409 ) ) ;
#598 = ORIENTED_EDGE ( 'NONE', *, *, #6991, .T. ) ;
#599 = CARTESIAN_POINT ( 'NONE',  ( -78.27731771153310092, 7.686655007325364330, -21.02707815423929461 ) ) ;
#600 = CARTESIAN_POINT ( 'NONE',  ( -77.83262597189313681, 8.728462049921448695, 68.83741586043275618 ) ) ;
#601 = CARTESIAN_POINT ( 'NONE',  ( 20.51829655605893876, -20.55155916535962035, 73.63565398064568512 ) ) ;
#602 = CARTESIAN_POINT ( 'NONE',  ( 18.13549775814601261, 8.052076284346085799, 74.30774977605726406 ) ) ;
#603 = CARTESIAN_POINT ( 'NONE',  ( -77.69040850711751034, -15.55155916535961858, 0.000000000000000000 ) ) ;
#604 = ORIENTED_EDGE ( 'NONE', *, *, #4620, .T. ) ;
#605 = CARTESIAN_POINT ( 'NONE',  ( -65.97768383176139650, 8.648440834640384267, 28.59006495185253272 ) ) ;
#606 = FACE_BOUND ( 'NONE', #4776, .T. ) ;
#607 = DIRECTION ( 'NONE',  ( -1.000000000000000000, -0.000000000000000000, -0.000000000000000000 ) ) ;
#608 = CARTESIAN_POINT ( 'NONE',  ( 20.56738027699277893, 8.256532877901033629, -19.85381424364040015 ) ) ;
#609 = ORIENTED_EDGE ( 'NONE', *, *, #7136, .F. ) ;
#610 = ORIENTED_EDGE ( 'NONE', *, *, #5027, .F. ) ;
#611 = EDGE_CURVE ( 'NONE', #5011, #2129, #5257, .T. ) ;
#612 = CARTESIAN_POINT ( 'NONE',  ( -74.57536120493601572, 7.673282781947325049, -24.60834968786020838 ) ) ;
#613 = CARTESIAN_POINT ( 'NONE',  ( -78.02541868965016647, 7.483345644659221030, -23.17459819055477510 ) ) ;
#614 = CARTESIAN_POINT ( 'NONE',  ( -78.23196743685417687, 7.925352099010368079, -21.80840408850869494 ) ) ;
#615 = CARTESIAN_POINT ( 'NONE',  ( -74.77768383175860833, 7.448440834640383201, -21.10993504814956268 ) ) ;
#616 = CARTESIAN_POINT ( 'NONE',  ( 20.72201074802116239, 7.662604429900372160, -21.03444923538419431 ) ) ;
#617 = CARTESIAN_POINT ( 'NONE',  ( -55.57768383176140503, 9.448440834640383201, 21.19006495185253058 ) ) ;
#618 = ORIENTED_EDGE ( 'NONE', *, *, #676, .F. ) ;
#619 = CARTESIAN_POINT ( 'NONE',  ( 20.70428824950771585, 7.791194047986445881, 70.53034172844924399 ) ) ;
#620 = EDGE_CURVE ( 'NONE', #6007, #2283, #3334, .T. ) ;
#621 = EDGE_CURVE ( 'NONE', #6026, #7359, #7460, .T. ) ;
#622 = VECTOR ( 'NONE', #156, 1000.000000000000000 ) ;
#623 = DIRECTION ( 'NONE',  ( -0.000000000000000000, -1.000000000000000000, 0.000000000000000000 ) ) ;
#624 = CIRCLE ( 'NONE', #5894, 5.000000000000004441 ) ;
#625 = CARTESIAN_POINT ( 'NONE',  ( 15.07519353347262303, 8.782663481716999954, -24.11844679690781135 ) ) ;
#626 = VECTOR ( 'NONE', #906, 1000.000000000000000 ) ;
#627 = LINE ( 'NONE', #3554, #5913 ) ;
#628 = VERTEX_POINT ( 'NONE', #2831 ) ;
#629 = CARTESIAN_POINT ( 'NONE',  ( -75.86872453690217810, 8.061418476031990465, 74.39062343408664901 ) ) ;
#630 = ORIENTED_EDGE ( 'NONE', *, *, #2073, .T. ) ;
#631 = TOROIDAL_SURFACE ( 'NONE', #3710, 9.300000000000000711, 0.8000000000000000444 ) ;
#632 = ADVANCED_FACE ( 'NONE', ( #2260 ), #3314, .T. ) ;
#633 = AXIS2_PLACEMENT_3D ( 'NONE', #6132, #7330, #2061 ) ;
#634 = CARTESIAN_POINT ( 'NONE',  ( -74.77768383175860833, 8.948440834640383201, -21.10993504814956268 ) ) ;
#635 = CARTESIAN_POINT ( 'NONE',  ( -75.76399509399328736, 8.227712287770694743, 74.25140263636248505 ) ) ;
#636 = VERTEX_POINT ( 'NONE', #3893 ) ;
#637 = DIRECTION ( 'NONE',  ( 0.000000000000000000, -1.000000000000000000, 0.000000000000000000 ) ) ;
#638 = CIRCLE ( 'NONE', #4206, 1.600000000000004086 ) ;
#639 = CARTESIAN_POINT ( 'NONE',  ( 14.90956515409450667, 9.448440834640909003, -23.65100301333484722 ) ) ;
#640 = CARTESIAN_POINT ( 'NONE',  ( 18.58463931478662090, 8.548579397576924421, 74.11776876860432139 ) ) ;
#641 = VERTEX_POINT ( 'NONE', #348 ) ;
#642 = CARTESIAN_POINT ( 'NONE',  ( 20.56738027699000071, 8.256532877907295287, 69.63394414733083693 ) ) ;
#643 = DIRECTION ( 'NONE',  ( 0.000000000000000000, -1.000000000000000000, 0.000000000000000000 ) ) ;
#644 = DIRECTION ( 'NONE',  ( 0.000000000000000000, 0.000000000000000000, 1.000000000000000000 ) ) ;
#645 = CARTESIAN_POINT ( 'NONE',  ( -78.28833274799347919, 7.483345647514946464, -22.02311663803931197 ) ) ;
#646 = ORIENTED_EDGE ( 'NONE', *, *, #4285, .T. ) ;
#647 = CARTESIAN_POINT ( 'NONE',  ( 18.13549775812072795, -20.55155916535962035, -24.28469861991581524 ) ) ;
#648 = B_SPLINE_CURVE_WITH_KNOTS ( 'NONE', 3,
 ( #1048, #6922, #6992, #973, #3978, #7458, #1698, #2159, #2771, #5152, #3366, #4578, #3403, #4050, #6374, #3935, #6341, #1734 ),
 .UNSPECIFIED., .F., .F.,
 ( 4, 2, 2, 2, 2, 2, 2, 2, 4 ),
 ( 0.000000000000000000, 0.0003960495024112268138, 0.0005940742536168356399, 0.0007920990048224458213, 0.0009901237560280562195, 0.001188148507233666509, 0.001584198009644896196, 0.002376297014467353835, 0.003168396019289811908 ),
 .UNSPECIFIED. ) ;
#649 = DIRECTION ( 'NONE',  ( 0.000000000000000000, 1.000000000000000000, -0.000000000000000000 ) ) ;
#650 = DIRECTION ( 'NONE',  ( -0.000000000000000000, -1.000000000000000000, -0.000000000000000000 ) ) ;
#651 = LINE ( 'NONE', #5797, #7183 ) ;
#652 = ORIENTED_EDGE ( 'NONE', *, *, #303, .T. ) ;
#653 = VERTEX_POINT ( 'NONE', #3354 ) ;
#654 = CYLINDRICAL_SURFACE ( 'NONE', #7502, 1.249999999999997558 ) ;
#655 = CIRCLE ( 'NONE', #4953, 0.8000000000000003775 ) ;
#656 = DIRECTION ( 'NONE',  ( -0.000000000000000000, -1.000000000000000000, 0.000000000000000000 ) ) ;
#657 = CARTESIAN_POINT ( 'NONE',  ( -78.28031055893576706, 7.630920137471608911, -21.09817563195471379 ) ) ;
#658 = DIRECTION ( 'NONE',  ( 0.000000000000000000, -0.000000000000000000, -1.000000000000000000 ) ) ;
#659 = CARTESIAN_POINT ( 'NONE',  ( 20.23082791700338845, 8.782663481712830844, -18.96281241338799717 ) ) ;
#660 = EDGE_CURVE ( 'NONE', #6485, #5682, #875, .T. ) ;
#661 = CIRCLE ( 'NONE', #2991, 5.000000000000004441 ) ;
#662 = ADVANCED_FACE ( 'NONE', ( #965 ), #6226, .F. ) ;
#663 = CARTESIAN_POINT ( 'NONE',  ( -74.77768383175860833, -15.55155916535962213, 69.29006495185046788 ) ) ;
#664 = VERTEX_POINT ( 'NONE', #421 ) ;
#665 = CARTESIAN_POINT ( 'NONE',  ( 18.68870976410039475, 9.465962080431896908, 67.70693216671926962 ) ) ;
#666 = AXIS2_PLACEMENT_3D ( 'NONE', #3995, #5778, #6320 ) ;
#667 = CARTESIAN_POINT ( 'NONE',  ( -76.07486119237101718, 9.445605437473018284, 67.63931504688703455 ) ) ;
#668 = EDGE_CURVE ( 'NONE', #4392, #4335, #471, .T. ) ;
#669 = CARTESIAN_POINT ( 'NONE',  ( 17.21202667907310158, 7.676539963639491759, -24.61041195178554375 ) ) ;
#670 = CIRCLE ( 'NONE', #4111, 8.500000000000000000 ) ;
#671 = DIRECTION ( 'NONE',  ( 0.000000000000000000, -1.000000000000000000, 0.000000000000000000 ) ) ;
#672 = VERTEX_POINT ( 'NONE', #4634 ) ;
#673 = CARTESIAN_POINT ( 'NONE',  ( -77.18736042468252379, 8.544942534510997945, 73.51769920527144109 ) ) ;
#674 = ORIENTED_EDGE ( 'NONE', *, *, #5321, .F. ) ;
#675 = CARTESIAN_POINT ( 'NONE',  ( 19.46515547132949209, -15.55155916535961502, 74.49920644794916313 ) ) ;
#676 = EDGE_CURVE ( 'NONE', #5981, #3870, #4885, .T. ) ;
#677 = CARTESIAN_POINT ( 'NONE',  ( -74.59601753377836530, 7.730273955591920654, 74.38579007756951000 ) ) ;
#678 = ORIENTED_EDGE ( 'NONE', *, *, #4112, .F. ) ;
#679 = FACE_OUTER_BOUND ( 'NONE', #760, .T. ) ;
#680 = EDGE_CURVE ( 'NONE', #453, #7363, #4765, .T. ) ;
#681 = CARTESIAN_POINT ( 'NONE',  ( 14.19984024903972397, 9.448440834640384978, -23.15677624911858601 ) ) ;
#682 = CARTESIAN_POINT ( 'NONE',  ( -65.97768383176139650, 7.448440834640383201, 30.19006495185253058 ) ) ;
#683 = ORIENTED_EDGE ( 'NONE', *, *, #6247, .F. ) ;
#684 = DIRECTION ( 'NONE',  ( 0.000000000000000000, 0.000000000000000000, 1.000000000000000000 ) ) ;
#685 = CARTESIAN_POINT ( 'NONE',  ( 19.10206474133863708, -20.55155916535962035, 74.64961622934005447 ) ) ;
#686 = CARTESIAN_POINT ( 'NONE',  ( 17.26081465840051976, 7.633562314422092321, 74.39246890014658220 ) ) ;
#687 = CIRCLE ( 'NONE', #1912, 9.300000000000002487 ) ;
#688 = DIRECTION ( 'NONE',  ( 1.000000000000000000, 0.000000000000000000, 0.000000000000000000 ) ) ;
#689 = VERTEX_POINT ( 'NONE', #4600 ) ;
#690 = DIRECTION ( 'NONE',  ( 1.000000000000000000, -0.000000000000000000, 0.000000000000000000 ) ) ;
#691 = CARTESIAN_POINT ( 'NONE',  ( 14.55382654093072325, 9.708179777155635293, 73.16516815169434551 ) ) ;
#692 = FACE_OUTER_BOUND ( 'NONE', #2169, .T. ) ;
#693 = CARTESIAN_POINT ( 'NONE',  ( 17.22231616824143430, 9.448440834640395636, 73.89006495185043377 ) ) ;
#694 = TOROIDAL_SURFACE ( 'NONE', #5233, 1.600000000000000089, 0.8000000000000000444 ) ;
#695 = ORIENTED_EDGE ( 'NONE', *, *, #4739, .T. ) ;
#696 = VERTEX_POINT ( 'NONE', #2987 ) ;
#697 = CARTESIAN_POINT ( 'NONE',  ( -71.84712374503072851, 9.332897007130963374, -23.39178762222955399 ) ) ;
#698 = CARTESIAN_POINT ( 'NONE',  ( -78.28833175954899559, 7.483345647515085020, -22.10768840085490083 ) ) ;
#699 = CIRCLE ( 'NONE', #2171, 8.500000000000007105 ) ;
#700 = CARTESIAN_POINT ( 'NONE',  ( -77.80785128254797200, 8.452206449841554559, -23.00469486829893739 ) ) ;
#701 = CARTESIAN_POINT ( 'NONE',  ( -78.61234529542096539, -15.55155916535961858, -22.80830393192290018 ) ) ;
#702 = CARTESIAN_POINT ( 'NONE',  ( 20.70653389955463197, 7.829588582889993376, -20.77405650220125821 ) ) ;
#703 = FACE_BOUND ( 'NONE', #577, .T. ) ;
#704 = ORIENTED_EDGE ( 'NONE', *, *, #7051, .T. ) ;
#705 = CARTESIAN_POINT ( 'NONE',  ( 18.13549775813112674, -15.55155916535961858, 74.80278962720933578 ) ) ;
#706 = CARTESIAN_POINT ( 'NONE',  ( -78.26077798801571817, 7.782478616778012004, 70.45017852470554942 ) ) ;
#707 = CARTESIAN_POINT ( 'NONE',  ( 15.41337179273394042, 8.795987546009405023, -24.11564069301631363 ) ) ;
#708 = CARTESIAN_POINT ( 'NONE',  ( 15.19641458676363222, 9.065014779628780772, 73.76969347594506132 ) ) ;
#709 = ORIENTED_EDGE ( 'NONE', *, *, #4946, .T. ) ;
#710 = LINE ( 'NONE', #3053, #1258 ) ;
#711 = VERTEX_POINT ( 'NONE', #5255 ) ;
#712 = EDGE_CURVE ( 'NONE', #1418, #7224, #7091, .T. ) ;
#713 = DIRECTION ( 'NONE',  ( 0.000000000000000000, 0.000000000000000000, 1.000000000000000000 ) ) ;
#714 = CARTESIAN_POINT ( 'NONE',  ( -78.29461986047873268, -20.55155916535962035, 73.30503648645102999 ) ) ;
#715 = ORIENTED_EDGE ( 'NONE', *, *, #1377, .F. ) ;
#716 = CARTESIAN_POINT ( 'NONE',  ( -77.43755242326206201, -15.54555916535961302, -23.03006077199033896 ) ) ;
#717 = CARTESIAN_POINT ( 'NONE',  ( 15.78489556066559452, 9.448440834640383201, -23.74315019259113413 ) ) ;
#718 = CARTESIAN_POINT ( 'NONE',  ( 21.13504084360030788, -20.55155916535962035, 71.80324654174016530 ) ) ;
#719 = VERTEX_POINT ( 'NONE', #3567 ) ;
#720 = DIRECTION ( 'NONE',  ( 0.000000000000000000, 1.000000000000000000, -0.000000000000000000 ) ) ;
#721 = CARTESIAN_POINT ( 'NONE',  ( 19.28941005448406898, 8.061418501053021046, -24.34573152813594277 ) ) ;
#722 = EDGE_CURVE ( 'NONE', #2268, #5185, #3515, .T. ) ;
#723 = CARTESIAN_POINT ( 'NONE',  ( 18.13549775811718234, -15.54555916535961835, 73.80247518053363365 ) ) ;
#724 = ORIENTED_EDGE ( 'NONE', *, *, #1409, .T. ) ;
#725 = CARTESIAN_POINT ( 'NONE',  ( 19.93469807051068798, -20.55155916535962035, -23.40112498104202743 ) ) ;
#726 = CARTESIAN_POINT ( 'NONE',  ( -55.57768383176140503, 8.648440834640382491, 19.59006495185253627 ) ) ;
#727 = CARTESIAN_POINT ( 'NONE',  ( 20.65316673381760992, 8.118948511631000287, 71.58982341904486191 ) ) ;
#728 = CARTESIAN_POINT ( 'NONE',  ( 8.722316168239592216, 9.448440834640383201, 13.14006495185241619 ) ) ;
#729 = ORIENTED_EDGE ( 'NONE', *, *, #2735, .F. ) ;
#730 = ORIENTED_EDGE ( 'NONE', *, *, #3001, .F. ) ;
#731 = B_SPLINE_CURVE_WITH_KNOTS ( 'NONE', 3,
 ( #4719, #5868, #6522, #1260, #6409, #1218 ),
 .UNSPECIFIED., .F., .F.,
 ( 4, 2, 4 ),
 ( 0.000000000000000000, 0.001264893815507623894, 0.002529787631015247788 ),
 .UNSPECIFIED. ) ;
#732 = CARTESIAN_POINT ( 'NONE',  ( -76.28863735768069887, 7.448440834640383201, -16.34369759687748669 ) ) ;
#733 = CARTESIAN_POINT ( 'NONE',  ( -78.21543467923336834, 7.988692805763585092, -21.91614932275048844 ) ) ;
#734 = CARTESIAN_POINT ( 'NONE',  ( 18.66181429106855205, -15.54555916535961302, -23.96932289857830156 ) ) ;
#735 = CARTESIAN_POINT ( 'NONE',  ( 20.01337511130936520, 8.992513638542515508, -18.58499839226641015 ) ) ;
#736 = CARTESIAN_POINT ( 'NONE',  ( 3.733269694163487973, 8.648440834640384267, 24.89006495185043377 ) ) ;
#737 = ORIENTED_EDGE ( 'NONE', *, *, #4741, .F. ) ;
#738 = CARTESIAN_POINT ( 'NONE',  ( 19.94451580302499494, 9.378531838010996324, 68.68074537731426688 ) ) ;
#739 = CARTESIAN_POINT ( 'NONE',  ( -77.41170799606592823, 9.124014410437411016, 68.57138903130635299 ) ) ;
#740 = CARTESIAN_POINT ( 'NONE',  ( 17.15187543468359266, 7.686451098054742026, -24.60966859535873397 ) ) ;
#741 = CARTESIAN_POINT ( 'NONE',  ( -65.97768383176141072, 8.648440834640384267, 21.19006495185253058 ) ) ;
#742 = ORIENTED_EDGE ( 'NONE', *, *, #4473, .F. ) ;
#743 = CARTESIAN_POINT ( 'NONE',  ( -75.86942624056131024, 7.483345655142985109, 74.40071386794599562 ) ) ;
#744 = VERTEX_POINT ( 'NONE', #4751 ) ;
#745 = DIRECTION ( 'NONE',  ( 0.000000000000000000, 0.9998476951563911586, 0.01745240643728354635 ) ) ;
#746 = CARTESIAN_POINT ( 'NONE',  ( 18.13549775813114096, -15.55155916535961858, -25.02265972350847889 ) ) ;
#747 = EDGE_LOOP ( 'NONE', ( #5611, #86 ) ) ;
#748 = DIRECTION ( 'NONE',  ( 0.000000000000000000, 0.000000000000000000, 1.000000000000000000 ) ) ;
#749 = CARTESIAN_POINT ( 'NONE',  ( 15.54532545940295662, 8.948440834640386754, -24.18201938333139367 ) ) ;
#750 = EDGE_CURVE ( 'NONE', #2456, #2548, #5997, .T. ) ;
#751 = AXIS2_PLACEMENT_3D ( 'NONE', #986, #2141, #7401 ) ;
#752 = DIRECTION ( 'NONE',  ( 0.000000000000000000, 1.000000000000000000, -0.000000000000000000 ) ) ;
#753 = ORIENTED_EDGE ( 'NONE', *, *, #2294, .T. ) ;
#754 = CARTESIAN_POINT ( 'NONE',  ( 20.06977567677503060, 8.943802633948768843, 68.45471240790404011 ) ) ;
#755 = CARTESIAN_POINT ( 'NONE',  ( 18.29131402742722656, 8.544942509651839657, -24.29351626012436682 ) ) ;
#756 = EDGE_CURVE ( 'NONE', #3915, #7367, #6521, .T. ) ;
#757 = AXIS2_PLACEMENT_3D ( 'NONE', #5289, #2290, #19 ) ;
#758 = CIRCLE ( 'NONE', #4926, 0.8000000000000020428 ) ;
#759 = CARTESIAN_POINT ( 'NONE',  ( 19.98097126656322686, 8.520267111567683571, -23.41121521419203333 ) ) ;
#760 = EDGE_LOOP ( 'NONE', ( #392, #5348, #2650, #2681 ) ) ;
#761 = DIRECTION ( 'NONE',  ( 0.000000000000000000, 0.000000000000000000, 1.000000000000000000 ) ) ;
#762 = FACE_OUTER_BOUND ( 'NONE', #5687, .T. ) ;
#763 = EDGE_CURVE ( 'NONE', #1804, #6464, #6359, .T. ) ;
#764 = CARTESIAN_POINT ( 'NONE',  ( -75.99718821911136502, -21.55755916535962413, 74.11755074037466784 ) ) ;
#765 = CARTESIAN_POINT ( 'NONE',  ( -55.57768383176139793, -20.55655916577720532, 28.59006495185253272 ) ) ;
#766 = ORIENTED_EDGE ( 'NONE', *, *, #6258, .T. ) ;
#767 = CIRCLE ( 'NONE', #3720, 0.7999999999999986011 ) ;
#768 = CARTESIAN_POINT ( 'NONE',  ( -76.33357312282092266, 8.487844762475116767, -24.24936469144127571 ) ) ;
#769 = CARTESIAN_POINT ( 'NONE',  ( -75.12202777879093674, 7.776662972097539317, -24.59487747977991390 ) ) ;
#770 = AXIS2_PLACEMENT_3D ( 'NONE', #4134, #1896, #5353 ) ;
#771 = CARTESIAN_POINT ( 'NONE',  ( -53.97768383176139650, 9.448440834640383201, 29.39006495185252987 ) ) ;
#772 = LINE ( 'NONE', #192, #622 ) ;
#773 = CARTESIAN_POINT ( 'NONE',  ( -76.50744177539334601, 9.448440834640383201, -17.51786582157107830 ) ) ;
#774 = DIRECTION ( 'NONE',  ( 0.000000000000000000, 0.000000000000000000, -1.000000000000000000 ) ) ;
#775 = ORIENTED_EDGE ( 'NONE', *, *, #993, .T. ) ;
#776 = CARTESIAN_POINT ( 'NONE',  ( -75.16289241321834425, 7.750563299775220294, 74.37865983298753747 ) ) ;
#777 = VECTOR ( 'NONE', #2720, 1000.000000000000000 ) ;
#778 = DIRECTION ( 'NONE',  ( -0.000000000000000000, -1.000000000000000000, 0.000000000000000000 ) ) ;
#779 = CARTESIAN_POINT ( 'NONE',  ( 14.03918338311024527, 9.465962080431841841, -22.57632864400754258 ) ) ;
#780 = AXIS2_PLACEMENT_3D ( 'NONE', #4203, #6535, #1846 ) ;
#781 = CARTESIAN_POINT ( 'NONE',  ( 13.63024694166297657, 9.448440834640386754, -22.83969299178435008 ) ) ;
#782 = CARTESIAN_POINT ( 'NONE',  ( 20.73296508433986318, 7.483345655143150310, 71.98180736075273956 ) ) ;
#783 = ORIENTED_EDGE ( 'NONE', *, *, #4049, .F. ) ;
#784 = CARTESIAN_POINT ( 'NONE',  ( -76.27553914288488102, 8.544941387685012657, 74.00172448219191779 ) ) ;
#785 = ORIENTED_EDGE ( 'NONE', *, *, #7557, .F. ) ;
#786 = CARTESIAN_POINT ( 'NONE',  ( 0.000000000000000000, 9.448440834640383201, 72.40101847777251010 ) ) ;
#787 = AXIS2_PLACEMENT_3D ( 'NONE', #5210, #2285, #6467 ) ;
#788 = CARTESIAN_POINT ( 'NONE',  ( -72.80160724619562984, 9.448440834640003061, -23.90833141864619549 ) ) ;
#789 = CARTESIAN_POINT ( 'NONE',  ( -74.77768383175860833, -13.55155916535961858, -24.10993504814957333 ) ) ;
#790 = VERTEX_POINT ( 'NONE', #534 ) ;
#791 = CYLINDRICAL_SURFACE ( 'NONE', #6947, 8.500000000000000000 ) ;
#792 = DIRECTION ( 'NONE',  ( 0.000000000000000000, 0.000000000000000000, 1.000000000000000000 ) ) ;
#793 = CARTESIAN_POINT ( 'NONE',  ( -28.77768383176221079, 7.448440834640383201, 39.89006495185252987 ) ) ;
#794 = ORIENTED_EDGE ( 'NONE', *, *, #2811, .F. ) ;
#795 = CARTESIAN_POINT ( 'NONE',  ( -66.27768383176041311, -20.55655916577720532, 10.64006495185241796 ) ) ;
#796 = CARTESIAN_POINT ( 'NONE',  ( 18.43563874587361795, 8.544941391476678305, -24.27810966118412850 ) ) ;
#797 = CARTESIAN_POINT ( 'NONE',  ( 20.64000099245015107, 8.052076284340028423, -22.02311663804677977 ) ) ;
#798 = VERTEX_POINT ( 'NONE', #5900 ) ;
#799 = FACE_BOUND ( 'NONE', #4973, .T. ) ;
#800 = CARTESIAN_POINT ( 'NONE',  ( 20.20014850229097192, 9.006671392222768802, -19.26028381429334146 ) ) ;
#801 = FACE_OUTER_BOUND ( 'NONE', #2515, .T. ) ;
#802 = CARTESIAN_POINT ( 'NONE',  ( -77.48784414640529405, 8.776932067066034904, -23.33124920260931745 ) ) ;
#803 =( BOUNDED_SURFACE ( )  B_SPLINE_SURFACE ( 3, 2, ( 
 ( #7036, #5314, #3676 ),
 ( #4733, #2968, #6496 ),
 ( #1235, #1931, #1895 ),
 ( #6003, #4283, #2388 ),
 ( #6580, #2469, #5 ),
 ( #7156, #45, #4133 ),
 ( #7193, #3713, #5924 ),
 ( #669, #4246, #3597 ),
 ( #740, #3639, #3009 ),
 ( #5352, #84, #2431 ),
 ( #2508, #3086, #4852 ),
 ( #2931, #4772, #7113 ),
 ( #6614, #4695, #5430 ),
 ( #5389, #4813, #1351 ),
 ( #1853, #6038, #5278 ),
 ( #2353, #4208, #1778 ),
 ( #6541, #1277, #5966 ),
 ( #6462, #707, #3050 ),
 ( #1198, #5883, #625 ),
 ( #5617, #4396, #4890 ),
 ( #3865, #7228, #4928 ),
 ( #7270, #5545, #2619 ),
 ( #1963, #279, #3168 ),
 ( #2006, #2045, #1391 ),
 ( #5044, #779, #6078 ),
 ( #4321, #358, #6807 ) ),
 .UNSPECIFIED., .F., .F., .F. ) 
 B_SPLINE_SURFACE_WITH_KNOTS ( ( 4, 2, 2, 2, 2, 2, 2, 2, 2, 2, 2, 2, 4 ),
 ( 3, 3 ),
 ( -1.002887009549091601E-18, 0.0004059079117403408335, 0.0008118158234806826428, 0.001014769779350853602, 0.001217723735221024452, 0.001420677691091195519, 0.001623631646961366370, 0.002435447470442050205, 0.003247263293922733607, 0.004059079117403417009, 0.004870894940884100410, 0.005682710764364783812, 0.006494526587845468081 ),
 ( 0.000000000000000000, 1.000000000000000000 ),
 .UNSPECIFIED. ) 
 GEOMETRIC_REPRESENTATION_ITEM ( )  RATIONAL_B_SPLINE_SURFACE ( (
 ( 1.000000000000000000, 0.9818831614230811855, 1.000000000000000000),
 ( 1.000000000000000000, 0.9858912546613939343, 1.000000000000000000),
 ( 1.000000000000000000, 0.9892182363078773077, 1.000000000000000000),
 ( 1.000000000000000000, 0.9944994644902095393, 1.000000000000000000),
 ( 1.000000000000000000, 0.9964607609858885384, 1.000000000000000000),
 ( 1.000000000000000000, 0.9982769252875675070, 1.000000000000000000),
 ( 1.000000000000000000, 0.9986913398381955798, 1.000000000000000000),
 ( 1.000000000000000000, 0.9989925556973764387, 1.000000000000000000),
 ( 1.000000000000000000, 0.9988545302738457421, 1.000000000000000000),
 ( 1.000000000000000000, 0.9981108309271481405, 1.000000000000000000),
 ( 1.000000000000000000, 0.9975139540681851047, 1.000000000000000000),
 ( 1.000000000000000000, 0.9959783744783886617, 1.000000000000000000),
 ( 1.000000000000000000, 0.9950335425801799527, 1.000000000000000000),
 ( 1.000000000000000000, 0.9894579634633677845, 1.000000000000000000),
 ( 1.000000000000000000, 0.9822323753941019087, 1.000000000000000000),
 ( 1.000000000000000000, 0.9626772435884690671, 1.000000000000000000),
 ( 1.000000000000000000, 0.9503521877040221888, 1.000000000000000000),
 ( 1.000000000000000000, 0.9207838801573433596, 1.000000000000000000),
 ( 1.000000000000000000, 0.9033680405111250700, 1.000000000000000000),
 ( 1.000000000000000000, 0.8650724882877014466, 1.000000000000000000),
 ( 1.000000000000000000, 0.8441272710123299827, 1.000000000000000000),
 ( 1.000000000000000000, 0.8003071236675927125, 1.000000000000000000),
 ( 1.000000000000000000, 0.7777745649696070629, 1.000000000000000000),
 ( 1.000000000000000000, 0.7366300689701092974, 1.000000000000000000),
 ( 1.000000000000000000, 0.7177916643018472653, 1.000000000000000000),
 ( 1.000000000000000000, 0.7052517021446760292, 1.000000000000000000) ) ) 
 REPRESENTATION_ITEM ( '' )  SURFACE ( )  );
#804 = CARTESIAN_POINT ( 'NONE',  ( 18.13549775812085230, -20.55155916535962035, 74.06482852362452718 ) ) ;
#805 = ORIENTED_EDGE ( 'NONE', *, *, #2024, .T. ) ;
#806 = CIRCLE ( 'NONE', #5713, 9.300000000000002487 ) ;
#807 = EDGE_CURVE ( 'NONE', #4392, #3625, #4643, .T. ) ;
#808 = CARTESIAN_POINT ( 'NONE',  ( -77.01388932487090244, 8.788224654004826775, -23.82356132107381441 ) ) ;
#809 = CARTESIAN_POINT ( 'NONE',  ( -75.19629441823680338, 7.890372993059613371, -24.58617426081325874 ) ) ;
#810 = CARTESIAN_POINT ( 'NONE',  ( -77.87991826388743277, 8.668197589936584180, -19.16078645618242859 ) ) ;
#811 = CIRCLE ( 'NONE', #6577, 8.499999999999992895 ) ;
#812 = CARTESIAN_POINT ( 'NONE',  ( -77.84976816694043578, 8.948440834640383201, 69.21307424301201650 ) ) ;
#813 = CARTESIAN_POINT ( 'NONE',  ( 18.86955371683008664, 9.464668978626569640, -18.01374409076344207 ) ) ;
#814 = ORIENTED_EDGE ( 'NONE', *, *, #3604, .F. ) ;
#815 = DIRECTION ( 'NONE',  ( -0.000000000000000000, -1.000000000000000000, 0.000000000000000000 ) ) ;
#816 = ADVANCED_FACE ( 'NONE', ( #5218 ), #7217, .T. ) ;
#817 = EDGE_CURVE ( 'NONE', #3762, #977, #941, .T. ) ;
#818 = AXIS2_PLACEMENT_3D ( 'NONE', #7480, #3454, #488 ) ;
#819 = CARTESIAN_POINT ( 'NONE',  ( 19.21964672456805800, 9.448440834640383201, 68.12096427490487827 ) ) ;
#820 = DIRECTION ( 'NONE',  ( 0.000000000000000000, -0.000000000000000000, 1.000000000000000000 ) ) ;
#821 = CARTESIAN_POINT ( 'NONE',  ( 13.88384602181186089, 9.448440834640383201, 72.61196495297991760 ) ) ;
#822 = DIRECTION ( 'NONE',  ( -1.000000000000000000, -0.000000000000000000, -0.000000000000000000 ) ) ;
#823 = ORIENTED_EDGE ( 'NONE', *, *, #1597, .F. ) ;
#824 = CARTESIAN_POINT ( 'NONE',  ( 20.61084636324317643, 8.144168364121551207, -22.15342492251045314 ) ) ;
#825 = ORIENTED_EDGE ( 'NONE', *, *, #2304, .T. ) ;
#826 = CARTESIAN_POINT ( 'NONE',  ( -16.26673030583651069, 8.648440834640384267, 24.89006495185057233 ) ) ;
#827 = CARTESIAN_POINT ( 'NONE',  ( -76.24885100671008331, 8.334309358765670694, 74.13392752312242351 ) ) ;
#828 = CARTESIAN_POINT ( 'NONE',  ( -71.96924422921763664, 9.795504604081525457, 72.99116033138096782 ) ) ;
#829 = EDGE_LOOP ( 'NONE', ( #598, #1626 ) ) ;
#830 = CARTESIAN_POINT ( 'NONE',  ( -78.29461986047873268, -15.55155916535961858, 73.30503648645102999 ) ) ;
#831 = CARTESIAN_POINT ( 'NONE',  ( -77.65985751071988830, 8.544941357262064940, -23.16263356964348930 ) ) ;
#832 = CARTESIAN_POINT ( 'NONE',  ( 17.22231616824143430, 9.448440834640395636, 67.89006495185043377 ) ) ;
#833 = ORIENTED_EDGE ( 'NONE', *, *, #3099, .T. ) ;
#834 = CARTESIAN_POINT ( 'NONE',  ( 21.13504084360030788, -20.55155916535962035, -22.02311663803929775 ) ) ;
#835 = CARTESIAN_POINT ( 'NONE',  ( 20.10382674081484566, 8.544941350057959184, -23.16387839432124451 ) ) ;
#836 = CARTESIAN_POINT ( 'NONE',  ( -78.28833274799347919, 7.483345647514946464, 71.80324654173459464 ) ) ;
#837 = VERTEX_POINT ( 'NONE', #2668 ) ;
#838 = CARTESIAN_POINT ( 'NONE',  ( -65.67768383176139935, -20.55655916577720532, 9.890064951852535202 ) ) ;
#839 = CYLINDRICAL_SURFACE ( 'NONE', #4811, 0.7999999999999986011 ) ;
#840 = CARTESIAN_POINT ( 'NONE',  ( 17.22231616824143430, -13.55155916535962035, 70.89006495185043377 ) ) ;
#841 = CARTESIAN_POINT ( 'NONE',  ( -76.62401620566978977, 9.431331497633671290, 67.47268740898189776 ) ) ;
#842 = CARTESIAN_POINT ( 'NONE',  ( -16.26673030583651069, 7.448440834640383201, 24.89006495185057233 ) ) ;
#843 = EDGE_LOOP ( 'NONE', ( #6897, #2296, #5339, #7388 ) ) ;
#844 = EDGE_CURVE ( 'NONE', #5156, #862, #1704, .T. ) ;
#845 = CARTESIAN_POINT ( 'NONE',  ( -77.47760223289363068, 8.633346129255851764, -23.34319495695522306 ) ) ;
#846 = CARTESIAN_POINT ( 'NONE',  ( -74.95193927366379683, 7.694509739115265035, -24.60607231281074192 ) ) ;
#847 = CARTESIAN_POINT ( 'NONE',  ( -78.03566190796621527, 8.432253156807835381, -19.56122528381736458 ) ) ;
#848 =( BOUNDED_CURVE ( )  B_SPLINE_CURVE ( 3, ( #2414, #7173, #3147, #2562 ),
 .UNSPECIFIED., .F., .T. ) 
 B_SPLINE_CURVE_WITH_KNOTS ( ( 4, 4 ),
 ( 1.178313095313152425, 1.263806357859581952 ),
 .UNSPECIFIED. ) 
 CURVE ( )  GEOMETRIC_REPRESENTATION_ITEM ( )  RATIONAL_B_SPLINE_CURVE ( ( 1.000000000000000000, 0.9993910012473939952, 0.9993910012473939952, 1.000000000000000000 ) ) 
 REPRESENTATION_ITEM ( '' )  );
#849 = CARTESIAN_POINT ( 'NONE',  ( 3.733269694163487973, 8.648440834640384267, 24.89006495185043377 ) ) ;
#850 = ADVANCED_FACE ( 'NONE', ( #6085 ), #1334, .T. ) ;
#851 = CARTESIAN_POINT ( 'NONE',  ( -75.69086542164446030, -20.55155916535962035, -24.28469861992368095 ) ) ;
#852 = B_SPLINE_CURVE_WITH_KNOTS ( 'NONE', 3,
 ( #1737, #2565, #5841, #1192, #4126, #841, #3191, #5528 ),
 .UNSPECIFIED., .F., .F.,
 ( 4, 2, 2, 4 ),
 ( 0.000000000000000000, 0.001312187113813270039, 0.001968280670719893891, 0.002624374227626517526 ),
 .UNSPECIFIED. ) ;
#853 = ORIENTED_EDGE ( 'NONE', *, *, #7347, .F. ) ;
#854 = CARTESIAN_POINT ( 'NONE',  ( 17.22231616824143430, -15.55155916535962035, 70.89006495185043377 ) ) ;
#855 = ADVANCED_FACE ( 'NONE', ( #4329 ), #5632, .T. ) ;
#856 = CARTESIAN_POINT ( 'NONE',  ( 7.322316168238584666, 8.648440834640384267, -16.30993504814755113 ) ) ;
#857 = FACE_BOUND ( 'NONE', #159, .T. ) ;
#858 = ADVANCED_FACE ( 'NONE', ( #4441 ), #6739, .F. ) ;
#859 = DIRECTION ( 'NONE',  ( 1.000000000000000000, 0.000000000000000000, 0.000000000000000000 ) ) ;
#860 = EDGE_CURVE ( 'NONE', #6065, #7224, #5150, .T. ) ;
#861 = CARTESIAN_POINT ( 'NONE',  ( 20.40172768476860199, 8.380763463462244545, 72.50636565308813886 ) ) ;
#862 = VERTEX_POINT ( 'NONE', #5475 ) ;
#863 = DIRECTION ( 'NONE',  ( 0.05233595624294378607, -0.9986295347545739443, 0.000000000000000000 ) ) ;
#864 = VERTEX_POINT ( 'NONE', #290 ) ;
#865 = DIRECTION ( 'NONE',  ( 0.000000000000000000, -1.000000000000000000, 0.000000000000000000 ) ) ;
#866 = DIRECTION ( 'NONE',  ( 0.000000000000000000, 0.000000000000000000, -1.000000000000000000 ) ) ;
#867 = CARTESIAN_POINT ( 'NONE',  ( -72.41012848514742473, 9.498684368472225970, 73.47688020264361342 ) ) ;
#868 = ORIENTED_EDGE ( 'NONE', *, *, #807, .T. ) ;
#869 = DIRECTION ( 'NONE',  ( 1.000000000000000000, -0.000000000000000000, -0.000000000000000000 ) ) ;
#870 = CARTESIAN_POINT ( 'NONE',  ( -77.93469126502675692, 8.061416762584521223, -23.32184202573141363 ) ) ;
#871 = ADVANCED_FACE ( 'NONE', ( #366 ), #5625, .T. ) ;
#872 = ORIENTED_EDGE ( 'NONE', *, *, #4849, .F. ) ;
#873 = CARTESIAN_POINT ( 'NONE',  ( 21.11543875161757100, -20.55155916535962035, -22.41597004452095021 ) ) ;
#874 = CARTESIAN_POINT ( 'NONE',  ( 19.29391741424272055, 7.483345645030389903, -24.35478613197165032 ) ) ;
#875 = CIRCLE ( 'NONE', #5161, 1.599999999999990319 ) ;
#876 = TOROIDAL_SURFACE ( 'NONE', #1357, 9.299999999999998934, 0.8000000000000000444 ) ;
#877 = DIRECTION ( 'NONE',  ( 0.000000000000000000, 0.000000000000000000, 1.000000000000000000 ) ) ;
#878 = ORIENTED_EDGE ( 'NONE', *, *, #3789, .T. ) ;
#879 = CARTESIAN_POINT ( 'NONE',  ( -65.97768383176139650, 8.248440834640383912, 28.59006495185253272 ) ) ;
#880 = AXIS2_PLACEMENT_3D ( 'NONE', #1252, #4598, #7555 ) ;
#881 = CARTESIAN_POINT ( 'NONE',  ( 7.322316168238584666, 8.648440834640384267, -17.10993504814754829 ) ) ;
#882 = AXIS2_PLACEMENT_3D ( 'NONE', #5701, #4645, #5302 ) ;
#883 = DIRECTION ( 'NONE',  ( 0.000000000000000000, 1.000000000000000000, -0.000000000000000000 ) ) ;
#884 = DIRECTION ( 'NONE',  ( 0.000000000000000000, 0.000000000000000000, 1.000000000000000000 ) ) ;
#885 = CARTESIAN_POINT ( 'NONE',  ( 19.13473618751249461, -15.55155916535961858, 66.27025438539953939 ) ) ;
#886 = VECTOR ( 'NONE', #2902, 1000.000000000000000 ) ;
#887 = AXIS2_PLACEMENT_3D ( 'NONE', #7015, #688, #7133 ) ;
#888 = CARTESIAN_POINT ( 'NONE',  ( -76.92085492762520005, -15.55155916535961680, 73.40123751217910808 ) ) ;
#889 = CARTESIAN_POINT ( 'NONE',  ( -75.09907817197623103, 7.813330026786615257, -24.59676020957092035 ) ) ;
#890 = CARTESIAN_POINT ( 'NONE',  ( -77.97327761269178836, 8.544635254622976461, -19.66503329280359580 ) ) ;
#891 = AXIS2_PLACEMENT_3D ( 'NONE', #3136, #1975, #1361 ) ;
#892 = CARTESIAN_POINT ( 'NONE',  ( -78.20853439733193113, 8.118948511643022670, 71.58982341905911539 ) ) ;
#893 = CARTESIAN_POINT ( 'NONE',  ( 18.72955175621965651, 9.951699474725712591, -17.94254524963590924 ) ) ;
#894 = VERTEX_POINT ( 'NONE', #2629 ) ;
#895 = CARTESIAN_POINT ( 'NONE',  ( -48.77768383176253764, -20.55655916577720532, 42.39006495185252987 ) ) ;
#896 = CIRCLE ( 'NONE', #7268, 1.600000000000000755 ) ;
#897 = FACE_OUTER_BOUND ( 'NONE', #6634, .T. ) ;
#898 = EDGE_CURVE ( 'NONE', #5663, #2129, #4478, .T. ) ;
#899 = CARTESIAN_POINT ( 'NONE',  ( 16.58317817856088539, 7.885631631619795634, -24.57576742775445666 ) ) ;
#900 = CARTESIAN_POINT ( 'NONE',  ( -78.69040850711751034, -15.55155916535961858, 71.80324654174016530 ) ) ;
#901 = CIRCLE ( 'NONE', #6048, 1.229499999999987603 ) ;
#902 = VERTEX_POINT ( 'NONE', #6817 ) ;
#903 = CARTESIAN_POINT ( 'NONE',  ( 20.61700316434085067, 8.124720590887394067, -21.96391720600239239 ) ) ;
#904 = EDGE_LOOP ( 'NONE', ( #4367, #5391, #4233, #610 ) ) ;
#905 = ORIENTED_EDGE ( 'NONE', *, *, #3261, .F. ) ;
#906 = DIRECTION ( 'NONE',  ( -1.000000000000000000, 0.000000000000000000, 0.000000000000000000 ) ) ;
#907 = CARTESIAN_POINT ( 'NONE',  ( -72.92803259790179027, 9.006671392222049377, -24.08776738219880542 ) ) ;
#908 = CIRCLE ( 'NONE', #6912, 9.300000000000002487 ) ;
#909 = CARTESIAN_POINT ( 'NONE',  ( -66.27768383176041311, 9.448440834640383201, -20.33943504814757475 ) ) ;
#910 = ORIENTED_EDGE ( 'NONE', *, *, #3883, .T. ) ;
#911 = CARTESIAN_POINT ( 'NONE',  ( -77.02052313484576018, -20.55155916535962390, -24.71907654424767031 ) ) ;
#912 = LINE ( 'NONE', #1058, #3619 ) ;
#913 = EDGE_LOOP ( 'NONE', ( #2322, #1354, #2002, #5463 ) ) ;
#914 = FACE_OUTER_BOUND ( 'NONE', #1966, .T. ) ;
#915 = CARTESIAN_POINT ( 'NONE',  ( 20.72204971545047769, 7.686451098056035214, 70.81962421828704635 ) ) ;
#916 = AXIS2_PLACEMENT_3D ( 'NONE', #6602, #1341, #4914 ) ;
#917 = ADVANCED_FACE ( 'NONE', ( #2091 ), #6840, .T. ) ;
#918 = ADVANCED_FACE ( 'NONE', ( #5768 ), #5203, .T. ) ;
#919 = FACE_OUTER_BOUND ( 'NONE', #561, .T. ) ;
#920 = VERTEX_POINT ( 'NONE', #2745 ) ;
#921 =( NAMED_UNIT ( * ) PLANE_ANGLE_UNIT ( ) SI_UNIT ( $, .RADIAN. ) );
#922 = CARTESIAN_POINT ( 'NONE',  ( 20.10194469233674042, 9.065014779628143060, -19.08403346667273226 ) ) ;
#923 =( BOUNDED_SURFACE ( )  B_SPLINE_SURFACE ( 3, 2, ( 
 ( #1042, #5146, #6260 ),
 ( #1005, #3318, #387 ),
 ( #5077, #6914, #7378 ),
 ( #2115, #6872, #463 ),
 ( #2729, #3360, #6759 ),
 ( #1500, #4424, #3859 ),
 ( #1654, #4008, #2799 ),
 ( #5685, #2155, #6841 ),
 ( #6189, #5112, #7491 ),
 ( #7454, #6334, #2191 ),
 ( #1076, #4534, #1614 ),
 ( #316, #2653, #4156 ),
 ( #1835, #6408, #2913 ),
 ( #3574, #1801, #5757 ),
 ( #1108, #2993, #6520 ),
 ( #499, #5337, #6368 ) ),
 .UNSPECIFIED., .F., .F., .F. ) 
 B_SPLINE_SURFACE_WITH_KNOTS ( ( 4, 2, 2, 2, 2, 2, 2, 4 ),
 ( 3, 3 ),
 ( 8.456776945386934585E-18, 0.0005793916506780580475, 0.001158783301356107638, 0.002317566602712207036, 0.002896958253390256519, 0.003476349904068306435, 0.004055741554746356350, 0.004635133205424405399 ),
 ( 0.000000000000000000, 1.000000000000000000 ),
 .UNSPECIFIED. ) 
 GEOMETRIC_REPRESENTATION_ITEM ( )  RATIONAL_B_SPLINE_SURFACE ( (
 ( 1.000000000000000000, 0.9818831614241115835, 1.000000000000000000),
 ( 1.000000000000000000, 0.9789707388257256060, 1.000000000000000000),
 ( 1.000000000000000000, 0.9760706405253143370, 1.000000000000000000),
 ( 1.000000000000000000, 0.9707464849139968432, 1.000000000000000000),
 ( 1.000000000000000000, 0.9683082362100178253, 1.000000000000000000),
 ( 1.000000000000000000, 0.9624671946666195632, 1.000000000000000000),
 ( 1.000000000000000000, 0.9602802713476601415, 1.000000000000000000),
 ( 1.000000000000000000, 0.9602841662018931634, 1.000000000000000000),
 ( 1.000000000000000000, 0.9608302355313051990, 1.000000000000000000),
 ( 1.000000000000000000, 0.9629133516248140623, 1.000000000000000000),
 ( 1.000000000000000000, 0.9644184006495422068, 1.000000000000000000),
 ( 1.000000000000000000, 0.9682943985828140754, 1.000000000000000000),
 ( 1.000000000000000000, 0.9707301040827094329, 1.000000000000000000),
 ( 1.000000000000000000, 0.9760663109183238539, 1.000000000000000000),
 ( 1.000000000000000000, 0.9789709285851857512, 1.000000000000000000),
 ( 1.000000000000000000, 0.9818831614239200700, 1.000000000000000000) ) ) 
 REPRESENTATION_ITEM ( '' )  SURFACE ( )  );
#924 = CARTESIAN_POINT ( 'NONE',  ( 20.33737575930327068, -20.55155916535966298, 72.39794976994558340 ) ) ;
#925 = CARTESIAN_POINT ( 'NONE',  ( 20.59909842626994703, 8.314134878865944600, -22.04027401550641940 ) ) ;
#926 = CARTESIAN_POINT ( 'NONE',  ( 20.65316673381378010, 8.118948511646861377, -21.80969351536285927 ) ) ;
#927 = CARTESIAN_POINT ( 'NONE',  ( -75.14499164956322375, 7.740352189246196168, -24.60008019923939315 ) ) ;
#928 = ORIENTED_EDGE ( 'NONE', *, *, #7195, .T. ) ;
#929 = CYLINDRICAL_SURFACE ( 'NONE', #2728, 0.8000000000000003775 ) ;
#930 = CARTESIAN_POINT ( 'NONE',  ( -55.57768383176140503, 8.248440834640383912, 19.59006495185253627 ) ) ;
#931 = TOROIDAL_SURFACE ( 'NONE', #1795, 9.299999999999997158, 0.8000000000000000444 ) ;
#932 = CARTESIAN_POINT ( 'NONE',  ( -66.77768383176139366, -20.55655916577720532, 20.39006495185253343 ) ) ;
#933 = ORIENTED_EDGE ( 'NONE', *, *, #433, .F. ) ;
#934 = DIRECTION ( 'NONE',  ( 0.000000000000000000, 0.01745240643728354982, 0.9998476951563912696 ) ) ;
#935 = CIRCLE ( 'NONE', #7309, 0.7999999999999986011 ) ;
#936 = DIRECTION ( 'NONE',  ( 0.000000000000000000, 1.000000000000000000, -0.000000000000000000 ) ) ;
#937 = CARTESIAN_POINT ( 'NONE',  ( 13.76932977932002977, 9.412597152529524891, -23.04192829528192021 ) ) ;
#938 = CARTESIAN_POINT ( 'NONE',  ( 18.02135005939344836, 8.202985146755885637, -24.51750674083492498 ) ) ;
#939 = EDGE_LOOP ( 'NONE', ( #1944, #81, #593, #3398 ) ) ;
#940 = CARTESIAN_POINT ( 'NONE',  ( 19.44729970279850662, 8.777256683133725090, -23.81696442859577445 ) ) ;
#941 = B_SPLINE_CURVE_WITH_KNOTS ( 'NONE', 3,
 ( #602, #24, #2369, #7053, #4149, #4184, #7090, #686, #1212, #3031, #5371, #101, #1871, #7131, #2448, #4225, #6558, #4786, #4348, #4385, #947, #3297, #2550, #3760, #6780, #4897 ),
 .UNSPECIFIED., .F., .F.,
 ( 4, 2, 2, 2, 2, 2, 2, 2, 2, 2, 2, 2, 4 ),
 ( 5.042298081930757834E-15, 0.0003671725925931440711, 0.0007343451851812458431, 0.0009179314814752929886, 0.001101517777769340026, 0.001285104074063387171, 0.001468690370357434317, 0.002203035555533609455, 0.002937380740709785026, 0.003671725925885959731, 0.004406071111062133568, 0.005140416296238309139, 0.005874761481414483844 ),
 .UNSPECIFIED. ) ;
#942 = EDGE_LOOP ( 'NONE', ( #134, #2438, #6357 ) ) ;
#943 = AXIS2_PLACEMENT_3D ( 'NONE', #180, #5987, #142 ) ;
#944 = ORIENTED_EDGE ( 'NONE', *, *, #2696, .F. ) ;
#945 = CARTESIAN_POINT ( 'NONE',  ( 13.51866669204856031, 9.448440834640383201, -22.62088857407165676 ) ) ;
#946 = ADVANCED_FACE ( 'NONE', ( #1056 ), #7467, .F. ) ;
#947 = CARTESIAN_POINT ( 'NONE',  ( 14.60188099959746388, 9.044040304692520849, 73.61815767628155527 ) ) ;
#948 = ORIENTED_EDGE ( 'NONE', *, *, #5032, .F. ) ;
#949 = CARTESIAN_POINT ( 'NONE',  ( -78.07714311680815911, -20.55155916535961325, 73.63099257801361830 ) ) ;
#950 = VECTOR ( 'NONE', #5363, 1000.000000000000000 ) ;
#951 = CARTESIAN_POINT ( 'NONE',  ( -75.69086542164824039, 8.061418503283794834, -24.61049366515375780 ) ) ;
#952 = ORIENTED_EDGE ( 'NONE', *, *, #4003, .T. ) ;
#953 = DIRECTION ( 'NONE',  ( 0.000000000000000000, 0.000000000000000000, 1.000000000000000000 ) ) ;
#954 = ADVANCED_FACE ( 'NONE', ( #3443 ), #8, .F. ) ;
#955 = CARTESIAN_POINT ( 'NONE',  ( 20.72345903639921616, 7.646448962278339145, 71.01243953793573382 ) ) ;
#956 = EDGE_CURVE ( 'NONE', #6838, #6882, #6114, .T. ) ;
#957 = CARTESIAN_POINT ( 'NONE',  ( -66.27768383176041311, 9.448440834640383201, 11.89006495185241441 ) ) ;
#958 = ORIENTED_EDGE ( 'NONE', *, *, #352, .F. ) ;
#959 = CARTESIAN_POINT ( 'NONE',  ( -77.70228838993941167, 8.745962970927534386, 72.84114248448032924 ) ) ;
#960 = CARTESIAN_POINT ( 'NONE',  ( -78.20853439733186008, 8.118948511643292676, -21.80969351535847878 ) ) ;
#961 = LINE ( 'NONE', #3311, #7153 ) ;
#962 = ADVANCED_FACE ( 'NONE', ( #2352 ), #1197, .F. ) ;
#963 = CARTESIAN_POINT ( 'NONE',  ( -71.43195960068680961, 9.448440834640383201, -22.84373517654289998 ) ) ;
#964 = EDGE_CURVE ( 'NONE', #864, #7232, #3192, .T. ) ;
#965 = FACE_OUTER_BOUND ( 'NONE', #6177, .T. ) ;
#966 = DIRECTION ( 'NONE',  ( 0.000000000000000000, 0.000000000000000000, 1.000000000000000000 ) ) ;
#967 = EDGE_LOOP ( 'NONE', ( #242, #6172, #5017, #1255 ) ) ;
#968 = CIRCLE ( 'NONE', #222, 9.300000000000002487 ) ;
#969 = CARTESIAN_POINT ( 'NONE',  ( -78.22662067934399488, 8.052386694321503668, -20.48314673442705569 ) ) ;
#970 = CARTESIAN_POINT ( 'NONE',  ( 20.64000099245015107, 8.052076284340028423, -22.02311663804677977 ) ) ;
#971 = EDGE_LOOP ( 'NONE', ( #3525, #4402, #4067, #54, #4789 ) ) ;
#972 = DIRECTION ( 'NONE',  ( 0.000000000000000000, 0.000000000000000000, -1.000000000000000000 ) ) ;
#973 = CARTESIAN_POINT ( 'NONE',  ( 17.66794937343113148, 7.912350803930288556, -24.58183704332390462 ) ) ;
#974 = CARTESIAN_POINT ( 'NONE',  ( -74.77768383175860833, -15.55155916535962213, -22.70993504814955344 ) ) ;
#975 = CARTESIAN_POINT ( 'NONE',  ( 19.84995042158385914, 8.544942534513642940, 73.29974154486460236 ) ) ;
#976 = CARTESIAN_POINT ( 'NONE',  ( 20.57135652687982841, 8.214560169130692202, -22.29250351711386102 ) ) ;
#977 = VERTEX_POINT ( 'NONE', #2467 ) ;
#978 = APPLICATION_CONTEXT ( 'automotive_design' ) ;
#979 = DIRECTION ( 'NONE',  ( 0.000000000000000000, 0.000000000000000000, 1.000000000000000000 ) ) ;
#980 = CARTESIAN_POINT ( 'NONE',  ( -71.86967647723400887, 9.327239211377476025, -23.40946897864181508 ) ) ;
#981 = ORIENTED_EDGE ( 'NONE', *, *, #6858, .F. ) ;
#982 = CARTESIAN_POINT ( 'NONE',  ( -77.19571641941746520, -15.55155916535961147, 74.40531889311155567 ) ) ;
#983 = CARTESIAN_POINT ( 'NONE',  ( -78.28833274785415597, 7.483345655143326169, -22.20167745697753148 ) ) ;
#984 = EDGE_LOOP ( 'NONE', ( #2726, #5493, #1618 ) ) ;
#985 = CARTESIAN_POINT ( 'NONE',  ( 0.000000000000000000, -20.55155916535962035, -25.02265972350847889 ) ) ;
#986 = CARTESIAN_POINT ( 'NONE',  ( 7.322316168238593548, 9.448440834640383201, 9.090064951852532715 ) ) ;
#987 = EDGE_CURVE ( 'NONE', #3539, #7069, #504, .T. ) ;
#988 = PLANE ( 'NONE',  #7132 ) ;
#989 = EDGE_LOOP ( 'NONE', ( #1199, #4158, #1411, #4501 ) ) ;
#990 = DIRECTION ( 'NONE',  ( 0.000000000000000000, 0.000000000000000000, 1.000000000000000000 ) ) ;
#991 = ADVANCED_FACE ( 'NONE', ( #7155 ), #3450, .T. ) ;
#992 = CARTESIAN_POINT ( 'NONE',  ( -48.77768383176253764, 7.448440834640383201, 50.89006495185252277 ) ) ;
#993 = EDGE_CURVE ( 'NONE', #7542, #240, #2082, .T. ) ;
#994 = DIRECTION ( 'NONE',  ( 0.000000000000000000, 1.000000000000000000, -0.000000000000000000 ) ) ;
#995 = DIRECTION ( 'NONE',  ( 0.000000000000000000, 0.000000000000000000, 1.000000000000000000 ) ) ;
#996 = AXIS2_PLACEMENT_3D ( 'NONE', #7373, #3279, #5609 ) ;
#997 = CIRCLE ( 'NONE', #2830, 2.000000000000001776 ) ;
#998 = CARTESIAN_POINT ( 'NONE',  ( 20.62988786092263638, 8.202985146770794600, -21.90896893931924083 ) ) ;
#999 = AXIS2_PLACEMENT_3D ( 'NONE', #196, #1428, #3750 ) ;
#1000 = EDGE_CURVE ( 'NONE', #4177, #3555, #6376, .T. ) ;
#1001 = CARTESIAN_POINT ( 'NONE',  ( -71.15777751099635395, 9.451046831411062499, -22.79010467303341159 ) ) ;
#1002 = ORIENTED_EDGE ( 'NONE', *, *, #6104, .T. ) ;
#1003 = AXIS2_PLACEMENT_3D ( 'NONE', #3909, #6239, #979 ) ;
#1004 = CARTESIAN_POINT ( 'NONE',  ( -16.26673030583651069, 8.648440834640384267, 34.19006495185058014 ) ) ;
#1005 = CARTESIAN_POINT ( 'NONE',  ( 18.15727624233959503, 8.318046578296415916, 74.26576361685840766 ) ) ;
#1006 = AXIS2_PLACEMENT_3D ( 'NONE', #3181, #3728, #3024 ) ;
#1007 = CARTESIAN_POINT ( 'NONE',  ( -77.72340916543782896, -20.55155916535766991, 72.80614169219192888 ) ) ;
#1008 = AXIS2_PLACEMENT_3D ( 'NONE', #3470, #6875, #5800 ) ;
#1009 = VERTEX_POINT ( 'NONE', #1961 ) ;
#1010 = CARTESIAN_POINT ( 'NONE',  ( 17.22231616824143430, 9.448440834640395636, 67.89006495185043377 ) ) ;
#1011 = EDGE_CURVE ( 'NONE', #2552, #7359, #3941, .T. ) ;
#1012 = TOROIDAL_SURFACE ( 'NONE', #2966, 1.600000000000000089, 0.8000000000000000444 ) ;
#1013 = DIRECTION ( 'NONE',  ( 0.000000000000000000, 0.000000000000000000, -1.000000000000000000 ) ) ;
#1014 = CARTESIAN_POINT ( 'NONE',  ( -78.08954442519612371, -15.55155916535961858, 73.64667287588748934 ) ) ;
#1015 = CARTESIAN_POINT ( 'NONE',  ( 19.84721989240933127, 7.483345646219923708, 73.76500113588537033 ) ) ;
#1016 = CARTESIAN_POINT ( 'NONE',  ( -78.69040850711205337, -15.55155916535962035, 72.19600011689946939 ) ) ;
#1017 = EDGE_LOOP ( 'NONE', ( #4443, #6449, #3900, #7345, #928, #2964 ) ) ;
#1018 = CIRCLE ( 'NONE', #403, 0.7999999999999986011 ) ;
#1019 = DIRECTION ( 'NONE',  ( -1.000000000000000000, 0.000000000000000000, 0.000000000000000000 ) ) ;
#1020 = CARTESIAN_POINT ( 'NONE',  ( -78.18525552444431526, 8.202985146754611989, 71.68909884300090596 ) ) ;
#1021 = VERTEX_POINT ( 'NONE', #3823 ) ;
#1022 = LINE ( 'NONE', #3377, #6707 ) ;
#1023 = FACE_OUTER_BOUND ( 'NONE', #7172, .T. ) ;
#1024 = DIRECTION ( 'NONE',  ( -0.000000000000000000, -1.000000000000000000, 0.000000000000000000 ) ) ;
#1025 = ORIENTED_EDGE ( 'NONE', *, *, #6767, .T. ) ;
#1026 = CARTESIAN_POINT ( 'NONE',  ( 18.53156232122965719, -20.55155916535962035, -25.02265972350435064 ) ) ;
#1027 = CARTESIAN_POINT ( 'NONE',  ( 20.70914132966369081, 7.813330026778936954, 71.21145929205854941 ) ) ;
#1028 = AXIS2_PLACEMENT_3D ( 'NONE', #617, #3671, #1889 ) ;
#1029 = FACE_OUTER_BOUND ( 'NONE', #6650, .T. ) ;
#1030 = EDGE_LOOP ( 'NONE', ( #730, #2376, #1903, #6337, #2193 ) ) ;
#1031 = CARTESIAN_POINT ( 'NONE',  ( 20.46963607299835175, 7.483345623703217875, -23.17527724762378938 ) ) ;
#1032 = AXIS2_PLACEMENT_3D ( 'NONE', #2440, #1942, #3609 ) ;
#1033 = CARTESIAN_POINT ( 'NONE',  ( -55.57768383176140503, 8.648440834640384267, 21.19006495185253058 ) ) ;
#1034 = DIRECTION ( 'NONE',  ( 0.000000000000000000, 1.000000000000000000, -0.000000000000000000 ) ) ;
#1035 = CARTESIAN_POINT ( 'NONE',  ( -76.28863735768069887, 9.448440834640383201, 67.18641547565759709 ) ) ;
#1036 = CARTESIAN_POINT ( 'NONE',  ( -48.77768383176253764, -20.55655916577720532, 59.39006495185252277 ) ) ;
#1037 = EDGE_CURVE ( 'NONE', #3012, #6120, #5154, .T. ) ;
#1038 = CARTESIAN_POINT ( 'NONE',  ( -71.61029403324445752, 9.951699474725655747, -22.61717063612665868 ) ) ;
#1039 = ORIENTED_EDGE ( 'NONE', *, *, #6858, .T. ) ;
#1040 = DIRECTION ( 'NONE',  ( 0.000000000000000000, 0.000000000000000000, -1.000000000000000000 ) ) ;
#1041 = CARTESIAN_POINT ( 'NONE',  ( 17.92078520863421076, 7.925352099030063435, 74.34434855694119904 ) ) ;
#1042 = CARTESIAN_POINT ( 'NONE',  ( 18.02135005942629675, 8.202985146783746018, 74.29763664452808314 ) ) ;
#1043 = CARTESIAN_POINT ( 'NONE',  ( -76.46322462067455206, 9.448440834640516428, -17.54390171522589270 ) ) ;
#1044 = ORIENTED_EDGE ( 'NONE', *, *, #6339, .T. ) ;
#1045 = CARTESIAN_POINT ( 'NONE',  ( -72.80163598902367994, 9.448440834640383201, 73.68848497371088513 ) ) ;
#1046 = ADVANCED_FACE ( 'NONE', ( #4887 ), #7336, .T. ) ;
#1047 = CYLINDRICAL_SURFACE ( 'NONE', #5428, 8.499999999999992895 ) ;
#1048 = CARTESIAN_POINT ( 'NONE',  ( 18.02135005939344836, 8.202985146755885637, -24.51750674083492498 ) ) ;
#1049 = CARTESIAN_POINT ( 'NONE',  ( 17.00726623052207742, 7.751099385858834623, 74.38366472843736688 ) ) ;
#1050 = CARTESIAN_POINT ( 'NONE',  ( 8.922316168238594969, 7.448440834640383201, 9.090064951852532715 ) ) ;
#1051 = DIRECTION ( 'NONE',  ( 0.000000000000000000, 1.000000000000000000, -0.000000000000000000 ) ) ;
#1052 = ORIENTED_EDGE ( 'NONE', *, *, #3154, .F. ) ;
#1053 = ADVANCED_FACE ( 'NONE', ( #6152 ), #2818, .T. ) ;
#1054 = EDGE_CURVE ( 'NONE', #1406, #2731, #208, .T. ) ;
#1055 = AXIS2_PLACEMENT_3D ( 'NONE', #6880, #6306, #4617 ) ;
#1056 = FACE_OUTER_BOUND ( 'NONE', #1879, .T. ) ;
#1057 = DIRECTION ( 'NONE',  ( -1.000000000000000000, 0.000000000000000000, 0.000000000000000000 ) ) ;
#1058 = CARTESIAN_POINT ( 'NONE',  ( 0.000000000000000000, -20.55155916535962035, -25.02265972350847889 ) ) ;
#1059 = CYLINDRICAL_SURFACE ( 'NONE', #1264, 2.000000000000001776 ) ;
#1060 = EDGE_LOOP ( 'NONE', ( #4174, #203, #3263, #3380 ) ) ;
#1061 = CARTESIAN_POINT ( 'NONE',  ( 18.53156232122965719, -15.55155916535961858, -25.02265972350435064 ) ) ;
#1062 = CARTESIAN_POINT ( 'NONE',  ( 20.72100660830643903, 7.671136679930055102, 71.00478181625916818 ) ) ;
#1063 = CARTESIAN_POINT ( 'NONE',  ( 17.22231616824142364, 9.448440834640395636, -21.10993504814957689 ) ) ;
#1064 = CIRCLE ( 'NONE', #1921, 1.600000000000000755 ) ;
#1065 = CARTESIAN_POINT ( 'NONE',  ( -77.13641213250826922, 8.642863729249656402, 73.48104459063550564 ) ) ;
#1066 = EDGE_LOOP ( 'NONE', ( #3843, #7426, #2493, #4642 ) ) ;
#1067 = DIRECTION ( 'NONE',  ( 0.000000000000000000, 0.000000000000000000, 1.000000000000000000 ) ) ;
#1068 = CARTESIAN_POINT ( 'NONE',  ( 5.025557352762999168E-16, 7.448440834640383201, 10.69006495185253236 ) ) ;
#1069 = CARTESIAN_POINT ( 'NONE',  ( -78.24351621136328561, 7.885631631620742432, 70.25092696216847798 ) ) ;
#1070 = CARTESIAN_POINT ( 'NONE',  ( -77.44462621243187073, 9.177166611115890049, -18.73014259550673444 ) ) ;
#1071 = CARTESIAN_POINT ( 'NONE',  ( 0.000000000000000000, -13.55155916535961858, 0.000000000000000000 ) ) ;
#1072 = DIRECTION ( 'NONE',  ( 0.000000000000000000, 1.000000000000000000, -0.000000000000000000 ) ) ;
#1073 = ORIENTED_EDGE ( 'NONE', *, *, #6761, .T. ) ;
#1074 = CARTESIAN_POINT ( 'NONE',  ( 3.733269694163487973, 7.448440834640383201, 24.89006495185043377 ) ) ;
#1075 = CARTESIAN_POINT ( 'NONE',  ( 16.86259294487553717, 7.791194047969788095, 74.37203703311955394 ) ) ;
#1076 = CARTESIAN_POINT ( 'NONE',  ( 20.22045888963082305, 8.702053109624923621, 72.70339665074983770 ) ) ;
#1077 = CARTESIAN_POINT ( 'NONE',  ( -78.21488315717466833, 7.990434924076368794, -21.91908935171193917 ) ) ;
#1078 = ORIENTED_EDGE ( 'NONE', *, *, #3260, .F. ) ;
#1079 = ORIENTED_EDGE ( 'NONE', *, *, #7374, .T. ) ;
#1080 = CARTESIAN_POINT ( 'NONE',  ( -73.10069312292009158, 8.948440834640386754, 73.96214928703224700 ) ) ;
#1081 = CARTESIAN_POINT ( 'NONE',  ( -8.777683831760251465, 9.448440834640383201, 41.59006495185251850 ) ) ;
#1082 = EDGE_CURVE ( 'NONE', #285, #2413, #3393, .T. ) ;
#1083 = CARTESIAN_POINT ( 'NONE',  ( -76.46695459021624686, -20.55155916535962390, -24.92693520082935166 ) ) ;
#1084 = CARTESIAN_POINT ( 'NONE',  ( 17.04737424607954921, 7.728405380561815363, 74.38594253983785620 ) ) ;
#1085 = CARTESIAN_POINT ( 'NONE',  ( 20.65073455139866354, 7.483343543931466613, 72.47198448774298640 ) ) ;
#1086 = EDGE_CURVE ( 'NONE', #411, #902, #7201, .T. ) ;
#1087 = DIRECTION ( 'NONE',  ( 0.000000000000000000, 1.000000000000000000, -0.000000000000000000 ) ) ;
#1088 = ORIENTED_EDGE ( 'NONE', *, *, #1522, .F. ) ;
#1089 = CARTESIAN_POINT ( 'NONE',  ( -78.27963091420333797, 7.638849044798432963, 70.80956125651950117 ) ) ;
#1090 = DIRECTION ( 'NONE',  ( 0.000000000000000000, 0.000000000000000000, 1.000000000000000000 ) ) ;
#1091 = CARTESIAN_POINT ( 'NONE',  ( 3.733269694163487973, 8.648440834640384267, 24.89006495185043377 ) ) ;
#1092 = DIRECTION ( 'NONE',  ( 0.8777383814805238549, -0.000000000000000000, 0.4791402025252634034 ) ) ;
#1093 = ORIENTED_EDGE ( 'NONE', *, *, #5190, .F. ) ;
#1094 = DIRECTION ( 'NONE',  ( 1.000000000000000000, 0.000000000000000000, 0.000000000000000000 ) ) ;
#1095 = CARTESIAN_POINT ( 'NONE',  ( 17.22231616824143430, 8.948440834640383201, 70.89006495185043377 ) ) ;
#1096 = EDGE_CURVE ( 'NONE', #3658, #7033, #5489, .T. ) ;
#1097 = CARTESIAN_POINT ( 'NONE',  ( -77.01094374054964931, 8.633346129250298873, 73.58998335299826010 ) ) ;
#1098 = EDGE_LOOP ( 'NONE', ( #3505, #6167, #3332, #5056 ) ) ;
#1099 = CARTESIAN_POINT ( 'NONE',  ( 18.30631098043440730, 7.483344986273461785, -24.61630002516438864 ) ) ;
#1100 = CARTESIAN_POINT ( 'NONE',  ( 20.22561362889660330, 8.699907907557665965, 72.69490674646976913 ) ) ;
#1101 = CARTESIAN_POINT ( 'NONE',  ( -78.19536865596911923, 8.052076284334466649, 71.80324654173669785 ) ) ;
#1102 = CARTESIAN_POINT ( 'NONE',  ( -72.58412351338365909, 9.448440834640381425, -23.36959575872658590 ) ) ;
#1103 = DIRECTION ( 'NONE',  ( -0.000000000000000000, -1.000000000000000000, 0.000000000000000000 ) ) ;
#1104 = CARTESIAN_POINT ( 'NONE',  ( -73.42256278846589623, 8.678206238430112407, -24.34282748561311749 ) ) ;
#1105 = ORIENTED_EDGE ( 'NONE', *, *, #1900, .F. ) ;
#1106 = DIRECTION ( 'NONE',  ( 1.000000000000000000, -0.000000000000000000, 0.000000000000000000 ) ) ;
#1107 = DIRECTION ( 'NONE',  ( 0.000000000000000000, -1.000000000000000000, 0.000000000000000000 ) ) ;
#1108 = CARTESIAN_POINT ( 'NONE',  ( 20.59801565890063912, 8.318043598405864714, 71.82502150487043480 ) ) ;
#1109 = CARTESIAN_POINT ( 'NONE',  ( 20.65951549365601991, 7.990434924081574408, -21.91908935172093464 ) ) ;
#1110 = ORIENTED_EDGE ( 'NONE', *, *, #4898, .T. ) ;
#1111 = ORIENTED_EDGE ( 'NONE', *, *, #396, .F. ) ;
#1112 = DIRECTION ( 'NONE',  ( 0.000000000000000000, -1.000000000000000000, 0.000000000000000000 ) ) ;
#1113 = CARTESIAN_POINT ( 'NONE',  ( -77.69040850042078716, -15.55155916535824190, -22.28713840521088940 ) ) ;
#1114 = TOROIDAL_SURFACE ( 'NONE', #5415, 9.300000000000000711, 0.8000000000000000444 ) ;
#1115 = CARTESIAN_POINT ( 'NONE',  ( -76.08371882813010245, -15.55155916535961858, -25.00305763152696059 ) ) ;
#1116 = AXIS2_PLACEMENT_3D ( 'NONE', #6747, #5062, #5023 ) ;
#1117 = DIRECTION ( 'NONE',  ( -0.000000000000000000, 1.000000000000000000, -0.000000000000000000 ) ) ;
#1118 = CARTESIAN_POINT ( 'NONE',  ( 18.80518846674052114, 8.061416816804431562, 74.30787148312347767 ) ) ;
#1119 = AXIS2_PLACEMENT_3D ( 'NONE', #7393, #1019, #243 ) ;
#1120 = DIRECTION ( 'NONE',  ( 1.000000000000000000, 0.000000000000000000, 0.000000000000000000 ) ) ;
#1121 = ORIENTED_EDGE ( 'NONE', *, *, #987, .F. ) ;
#1122 = AXIS2_PLACEMENT_3D ( 'NONE', #2673, #7325, #6744 ) ;
#1123 = VECTOR ( 'NONE', #4612, 1000.000000000000000 ) ;
#1124 = CARTESIAN_POINT ( 'NONE',  ( -71.36833367978331921, 9.430417729096991053, -22.96493977770935047 ) ) ;
#1125 = EDGE_CURVE ( 'NONE', #3052, #3915, #4672, .T. ) ;
#1126 = DIRECTION ( 'NONE',  ( 0.000000000000000000, 0.000000000000000000, 1.000000000000000000 ) ) ;
#1127 = CARTESIAN_POINT ( 'NONE',  ( 14.12312873095556398, 9.373488516422176176, 73.03485770728450177 ) ) ;
#1128 = DIRECTION ( 'NONE',  ( -0.000000000000000000, -1.000000000000000000, 0.000000000000000000 ) ) ;
#1129 = VECTOR ( 'NONE', #3929, 1000.000000000000000 ) ;
#1130 = EDGE_LOOP ( 'NONE', ( #5949, #5586, #7314, #3178 ) ) ;
#1131 = CARTESIAN_POINT ( 'NONE',  ( 19.64034875590036577, -15.55155916535961858, -24.62518898941106826 ) ) ;
#1132 = ADVANCED_FACE ( 'NONE', ( #6405 ), #6980, .F. ) ;
#1133 = DIRECTION ( 'NONE',  ( 0.000000000000000000, -1.000000000000000000, 0.000000000000000000 ) ) ;
#1134 = CIRCLE ( 'NONE', #4333, 8.500000000000000000 ) ;
#1135 = CARTESIAN_POINT ( 'NONE',  ( -76.33451796298697900, 8.488130558077562782, 74.02899159933980400 ) ) ;
#1136 = ORIENTED_EDGE ( 'NONE', *, *, #2313, .F. ) ;
#1137 = DIRECTION ( 'NONE',  ( 0.000000000000000000, 0.000000000000000000, 1.000000000000000000 ) ) ;
#1138 = CARTESIAN_POINT ( 'NONE',  ( -74.77768383175860833, 9.448440834640395636, -21.10993504814956268 ) ) ;
#1139 = CARTESIAN_POINT ( 'NONE',  ( -76.70967707889080600, 9.412597152529553313, 67.43707856292895997 ) ) ;
#1140 = CARTESIAN_POINT ( 'NONE',  ( 20.11768073906793219, -20.55155916535962035, 74.06309435535679597 ) ) ;
#1141 = CIRCLE ( 'NONE', #161, 5.000000000000004441 ) ;
#1142 = EDGE_CURVE ( 'NONE', #2731, #6161, #7452, .T. ) ;
#1143 = CARTESIAN_POINT ( 'NONE',  ( 18.02135005942632162, 8.202985146783714043, 74.29763664452806893 ) ) ;
#1144 = CARTESIAN_POINT ( 'NONE',  ( -66.27768383176041311, 7.448440834640384978, -19.10993504814758737 ) ) ;
#1145 = ORIENTED_EDGE ( 'NONE', *, *, #6786, .F. ) ;
#1146 = DIRECTION ( 'NONE',  ( 0.000000000000000000, 1.000000000000000000, -0.000000000000000000 ) ) ;
#1147 = AXIS2_PLACEMENT_3D ( 'NONE', #4061, #2248, #6315 ) ;
#1148 = CARTESIAN_POINT ( 'NONE',  ( -28.77768383176202605, -20.55655916577720532, 53.39006495185253698 ) ) ;
#1149 = CARTESIAN_POINT ( 'NONE',  ( 17.22231616824143430, -15.55155916535962035, 70.89006495185043377 ) ) ;
#1150 = CARTESIAN_POINT ( 'NONE',  ( 20.67564689195305050, 7.928958336231632487, -21.81448242469419085 ) ) ;
#1151 = ORIENTED_EDGE ( 'NONE', *, *, #3248, .T. ) ;
#1152 = EDGE_LOOP ( 'NONE', ( #3873, #1933, #97, #7041 ) ) ;
#1153 = CARTESIAN_POINT ( 'NONE',  ( -72.00858315481291072, 9.448440834640383201, 72.88739550817702195 ) ) ;
#1154 = CARTESIAN_POINT ( 'NONE',  ( -72.92241252034085619, 8.613343737553748269, -24.25248530197821140 ) ) ;
#1155 = AXIS2_PLACEMENT_3D ( 'NONE', #1095, #5888, #1638 ) ;
#1156 = CARTESIAN_POINT ( 'NONE',  ( -73.28666266135374485, 8.793748063502276224, -24.28353651439077510 ) ) ;
#1157 = CARTESIAN_POINT ( 'NONE',  ( -78.69040850711751034, -20.55155916535962035, -22.02311663803931552 ) ) ;
#1158 = CARTESIAN_POINT ( 'NONE',  ( -76.40009820160125287, 9.448440834640386754, 67.36543839735585948 ) ) ;
#1159 = CARTESIAN_POINT ( 'NONE',  ( 20.66991777512200201, 8.044579914728837267, -21.72109545835871458 ) ) ;
#1160 = CARTESIAN_POINT ( 'NONE',  ( -28.77768383176202605, 8.248440834640383912, 61.89006495185253698 ) ) ;
#1161 = ORIENTED_EDGE ( 'NONE', *, *, #4882, .T. ) ;
#1162 = CARTESIAN_POINT ( 'NONE',  ( -77.49988346654581051, 9.378531838007701182, 68.68074537731862961 ) ) ;
#1163 = CARTESIAN_POINT ( 'NONE',  ( -74.73229616548968579, 7.682209202646140156, 74.39006495185047640 ) ) ;
#1164 = CARTESIAN_POINT ( 'NONE',  ( 15.24623958267913792, 9.448440834640383201, 73.68846132234472179 ) ) ;
#1165 = ORIENTED_EDGE ( 'NONE', *, *, #7229, .T. ) ;
#1166 = CARTESIAN_POINT ( 'NONE',  ( 20.39534557174781071, -15.55155916535961858, -24.00529961897644071 ) ) ;
#1167 = EDGE_CURVE ( 'NONE', #3625, #3804, #1565, .T. ) ;
#1168 = CARTESIAN_POINT ( 'NONE',  ( 20.75648652953882589, -15.55155916535961858, -23.53381834002564332 ) ) ;
#1169 = CARTESIAN_POINT ( 'NONE',  ( -74.06135432999235491, 7.931597523184962917, 74.34556935284167878 ) ) ;
#1170 = VERTEX_POINT ( 'NONE', #5260 ) ;
#1171 = CARTESIAN_POINT ( 'NONE',  ( -64.87768383176140219, 8.648440834640382491, 10.69006495185253591 ) ) ;
#1172 = AXIS2_PLACEMENT_3D ( 'NONE', #932, #7186, #2001 ) ;
#1173 = EDGE_CURVE ( 'NONE', #3804, #4335, #968, .T. ) ;
#1174 = CARTESIAN_POINT ( 'NONE',  ( -74.77768383175860833, 7.448440834640383201, 65.89006495185046219 ) ) ;
#1175 = CARTESIAN_POINT ( 'NONE',  ( -78.27609847146923983, 7.673282781947513342, 70.68774232502738641 ) ) ;
#1176 = CARTESIAN_POINT ( 'NONE',  ( -53.97768383176139650, 8.648440834640382491, 28.59006495185253272 ) ) ;
#1177 = EDGE_CURVE ( 'NONE', #3624, #111, #1324, .T. ) ;
#1178 = AXIS2_PLACEMENT_3D ( 'NONE', #5567, #6134, #2183 ) ;
#1179 = CARTESIAN_POINT ( 'NONE',  ( 19.93264287936235490, -15.55155916535961858, -22.90957602346496458 ) ) ;
#1180 = CARTESIAN_POINT ( 'NONE',  ( 19.16181978450486767, -21.55755916535962058, 73.88315248839104754 ) ) ;
#1181 = VERTEX_POINT ( 'NONE', #3571 ) ;
#1182 = CARTESIAN_POINT ( 'NONE',  ( -78.69040850711752455, -20.55155916535962035, 0.000000000000000000 ) ) ;
#1183 = DIRECTION ( 'NONE',  ( 1.000000000000000000, 0.000000000000000000, 0.000000000000000000 ) ) ;
#1184 = EDGE_CURVE ( 'NONE', #798, #1862, #6312, .T. ) ;
#1185 = DIRECTION ( 'NONE',  ( 0.000000000000000000, 1.000000000000000000, -0.000000000000000000 ) ) ;
#1186 = DIRECTION ( 'NONE',  ( 0.000000000000000000, 0.000000000000000000, -1.000000000000000000 ) ) ;
#1187 = EDGE_LOOP ( 'NONE', ( #1668, #122, #4809, #5323, #3718, #363, #3540, #5135, #205, #3442 ) ) ;
#1188 = ORIENTED_EDGE ( 'NONE', *, *, #964, .T. ) ;
#1189 = CARTESIAN_POINT ( 'NONE',  ( -74.63333038177215428, 7.653210449134188131, -24.61040566721205636 ) ) ;
#1190 = CARTESIAN_POINT ( 'NONE',  ( -78.25487503174890946, 7.483343549068615097, -22.44631030831941132 ) ) ;
#1191 = CARTESIAN_POINT ( 'NONE',  ( 3.733269694163487973, 8.248440834640383912, 33.39006495185043377 ) ) ;
#1192 = CARTESIAN_POINT ( 'NONE',  ( -77.05953640583862807, 9.332897007130956268, 67.95950486512259658 ) ) ;
#1193 = CARTESIAN_POINT ( 'NONE',  ( 20.63206396709314205, 8.213665038657767425, -20.29767075371690410 ) ) ;
#1194 = CARTESIAN_POINT ( 'NONE',  ( -54.77768383176140077, 8.248440834640383912, 21.19006495185253058 ) ) ;
#1195 = ORIENTED_EDGE ( 'NONE', *, *, #4346, .T. ) ;
#1196 = CARTESIAN_POINT ( 'NONE',  ( 19.80913141903692321, 9.498684368470403427, 68.52250960524163759 ) ) ;
#1197 = CYLINDRICAL_SURFACE ( 'NONE', #2824, 1.600000000000004086 ) ;
#1198 = CARTESIAN_POINT ( 'NONE',  ( 15.34358386345181025, 9.116219144998039425, -24.06997368995560649 ) ) ;
#1199 = ORIENTED_EDGE ( 'NONE', *, *, #2023, .F. ) ;
#1200 = CARTESIAN_POINT ( 'NONE',  ( -78.15763717538310118, 7.483345662321961633, 72.63577833426288066 ) ) ;
#1201 = EDGE_LOOP ( 'NONE', ( #833, #7081 ) ) ;
#1202 = DIRECTION ( 'NONE',  ( 0.000000000000000000, 0.000000000000000000, -1.000000000000000000 ) ) ;
#1203 = CARTESIAN_POINT ( 'NONE',  ( -76.38946386474951566, 8.379405462526934301, 74.07162631784112250 ) ) ;
#1204 = EDGE_LOOP ( 'NONE', ( #2600, #6245, #6292, #441 ) ) ;
#1205 = CARTESIAN_POINT ( 'NONE',  ( 15.02880531439570078, 9.448440834640383201, -23.36961793340393712 ) ) ;
#1206 = LINE ( 'NONE', #6591, #2007 ) ;
#1207 = B_SPLINE_CURVE_WITH_KNOTS ( 'NONE', 3,
 ( #1101, #5290, #5179, #6399, #2903, #6904, #5786, #4109, #490, #3529, #1175, #5715, #4146, #1069, #2941, #1210, #6975, #456, #600, #6361, #531, #3424, #7554, #1139, #2792, #3494 ),
 .UNSPECIFIED., .F., .F.,
 ( 4, 2, 2, 2, 2, 2, 2, 2, 2, 2, 2, 2, 4 ),
 ( 3.935792064218221908E-15, 0.0003671725925905974970, 0.0007343451851772578223, 0.0009179314814705886354, 0.001101517777763919232, 0.001285104074057250153, 0.001468690370350580641, 0.002203035555524008628, 0.002937380740697437265, 0.003671725925870865468, 0.004406071111044294539, 0.005140416296217722308, 0.005874761481391151813 ),
 .UNSPECIFIED. ) ;
#1208 = CARTESIAN_POINT ( 'NONE',  ( 20.38215151090763655, 8.608468187486845835, 72.40422813592941509 ) ) ;
#1209 = ORIENTED_EDGE ( 'NONE', *, *, #1662, .F. ) ;
#1210 = CARTESIAN_POINT ( 'NONE',  ( -78.12274794050829030, 8.256532877904794177, 69.63394414733511439 ) ) ;
#1211 = DIRECTION ( 'NONE',  ( -0.4791402025252770036, 0.000000000000000000, -0.8777383814805163054 ) ) ;
#1212 = CARTESIAN_POINT ( 'NONE',  ( 17.19862876162017429, 7.632442147434057134, 74.39256370091153769 ) ) ;
#1213 = CARTESIAN_POINT ( 'NONE',  ( 19.02181742063733694, -15.54555916535961124, 73.60010918462823781 ) ) ;
#1214 = ORIENTED_EDGE ( 'NONE', *, *, #4240, .T. ) ;
#1215 = DIRECTION ( 'NONE',  ( -1.000000000000000000, 3.172288820518788426E-11, 3.396559066368731159E-11 ) ) ;
#1216 = CARTESIAN_POINT ( 'NONE',  ( 14.05492636972709342, 9.951699474726167338, 72.39730053982727043 ) ) ;
#1217 = CARTESIAN_POINT ( 'NONE',  ( -75.69086542164446030, -20.55155916535962035, -24.28469861992368095 ) ) ;
#1218 = CARTESIAN_POINT ( 'NONE',  ( -71.07403435556572902, 9.448440834640383201, 72.40101847777251010 ) ) ;
#1219 = ORIENTED_EDGE ( 'NONE', *, *, #1177, .F. ) ;
#1220 = ORIENTED_EDGE ( 'NONE', *, *, #3063, .T. ) ;
#1221 = CARTESIAN_POINT ( 'NONE',  ( 8.122316168238590706, 8.248440834640383912, -16.30993504814755113 ) ) ;
#1222 = CARTESIAN_POINT ( 'NONE',  ( -74.77768383175860833, 9.448440834640395636, -21.10993504814956268 ) ) ;
#1223 = CARTESIAN_POINT ( 'NONE',  ( -78.27737841153717113, 7.662604429905350401, -21.03444923536818223 ) ) ;
#1224 = DIRECTION ( 'NONE',  ( 0.000000000000000000, -1.000000000000000000, 0.000000000000000000 ) ) ;
#1225 = CARTESIAN_POINT ( 'NONE',  ( 20.67125301582879615, 8.052386694311975290, -20.48314673443768541 ) ) ;
#1226 = CARTESIAN_POINT ( 'NONE',  ( -67.57768383176137661, 8.648440834640384267, 28.59006495185253272 ) ) ;
#1227 = ORIENTED_EDGE ( 'NONE', *, *, #6730, .T. ) ;
#1228 = CARTESIAN_POINT ( 'NONE',  ( 20.66391752903651025, 7.991439837627788201, 70.21840417277024926 ) ) ;
#1229 = AXIS2_PLACEMENT_3D ( 'NONE', #3426, #4494, #7410 ) ;
#1230 = EDGE_CURVE ( 'NONE', #837, #3762, #6383, .T. ) ;
#1231 = EDGE_CURVE ( 'NONE', #6095, #4279, #2038, .T. ) ;
#1232 = AXIS2_PLACEMENT_3D ( 'NONE', #3970, #354, #3898 ) ;
#1233 = CARTESIAN_POINT ( 'NONE',  ( -76.24407742761806617, 9.465962080432312575, 67.70693216671679693 ) ) ;
#1234 = CIRCLE ( 'NONE', #7124, 3.000000000000002665 ) ;
#1235 = CARTESIAN_POINT ( 'NONE',  ( 17.83347657843358647, 8.044579914714846680, -24.55753665503316441 ) ) ;
#1236 = AXIS2_PLACEMENT_3D ( 'NONE', #1553, #865, #6272 ) ;
#1237 = CARTESIAN_POINT ( 'NONE',  ( -75.69086542164833986, -20.55155916535962035, 74.80278962720933578 ) ) ;
#1238 = ORIENTED_EDGE ( 'NONE', *, *, #5494, .F. ) ;
#1239 = CARTESIAN_POINT ( 'NONE',  ( -77.49658693645316987, 8.544941357668950133, 73.18711363563139116 ) ) ;
#1240 = EDGE_LOOP ( 'NONE', ( #4193, #2391 ) ) ;
#1241 = AXIS2_PLACEMENT_3D ( 'NONE', #4992, #5029, #3275 ) ;
#1242 = AXIS2_PLACEMENT_3D ( 'NONE', #4376, #1946, #5565 ) ;
#1243 = CARTESIAN_POINT ( 'NONE',  ( 0.000000000000000000, -15.58646397823418539, -23.02296433319569502 ) ) ;
#1244 = CARTESIAN_POINT ( 'NONE',  ( -74.89240069615958362, 7.671136679928985735, 74.38875539191509745 ) ) ;
#1245 = ORIENTED_EDGE ( 'NONE', *, *, #5871, .F. ) ;
#1246 = CARTESIAN_POINT ( 'NONE',  ( -48.77768383176253764, 8.248440834640383912, 50.89006495185252277 ) ) ;
#1247 = CIRCLE ( 'NONE', #5063, 5.000000000000007994 ) ;
#1248 = CARTESIAN_POINT ( 'NONE',  ( 15.19644633671317990, 9.065004341513880348, -23.98958152568997448 ) ) ;
#1249 = CARTESIAN_POINT ( 'NONE',  ( -65.67768383176139935, 8.648440834640384267, 9.090064951852534492 ) ) ;
#1250 = VERTEX_POINT ( 'NONE', #5295 ) ;
#1251 = CARTESIAN_POINT ( 'NONE',  ( 19.48199905349573058, 9.448440834640383201, 68.69655409800461143 ) ) ;
#1252 = CARTESIAN_POINT ( 'NONE',  ( -28.77768383176221079, 9.448440834640383201, 39.89006495185252987 ) ) ;
#1253 = DIRECTION ( 'NONE',  ( 0.000000000000000000, 1.000000000000000000, -0.000000000000000000 ) ) ;
#1254 = CARTESIAN_POINT ( 'NONE',  ( -74.77768383175860833, -13.55155916535961858, 73.89006495185046219 ) ) ;
#1255 = ORIENTED_EDGE ( 'NONE', *, *, #380, .F. ) ;
#1256 = FACE_OUTER_BOUND ( 'NONE', #5340, .T. ) ;
#1257 = CARTESIAN_POINT ( 'NONE',  ( 14.01267090601542442, 9.326091845868809571, 73.11325714682571686 ) ) ;
#1258 = VECTOR ( 'NONE', #123, 1000.000000000000000 ) ;
#1259 = DIRECTION ( 'NONE',  ( 0.000000000000000000, 0.000000000000000000, 1.000000000000000000 ) ) ;
#1260 = CARTESIAN_POINT ( 'NONE',  ( -71.81671987819325409, 9.448440834640381425, 72.79994473657301057 ) ) ;
#1261 = ORIENTED_EDGE ( 'NONE', *, *, #343, .F. ) ;
#1262 = EDGE_LOOP ( 'NONE', ( #7249, #1301, #1444, #5454 ) ) ;
#1263 = ADVANCED_FACE ( 'NONE', ( #3429 ), #2263, .F. ) ;
#1264 = AXIS2_PLACEMENT_3D ( 'NONE', #4547, #2814, #4519 ) ;
#1265 = CARTESIAN_POINT ( 'NONE',  ( 21.13504084360030788, -20.55155916535962035, -22.02311663803929775 ) ) ;
#1266 = CARTESIAN_POINT ( 'NONE',  ( 12.45607871690693180, 7.448440834640383201, 72.40101847777252431 ) ) ;
#1267 = CYLINDRICAL_SURFACE ( 'NONE', #3578, 1.250000000000001110 ) ;
#1268 = EDGE_CURVE ( 'NONE', #1681, #6262, #6945, .T. ) ;
#1269 = DIRECTION ( 'NONE',  ( 0.000000000000000000, 0.8035776941305446952, -0.5951998735683977637 ) ) ;
#1270 = CARTESIAN_POINT ( 'NONE',  ( 19.71110906367973925, 9.214276729990398707, -18.63644486482659701 ) ) ;
#1271 = TOROIDAL_SURFACE ( 'NONE', #3250, 3.000000000000007994, 0.5000000000000000000 ) ;
#1272 = CARTESIAN_POINT ( 'NONE',  ( -48.77768383176253764, 8.248440834640383912, 50.89006495185252277 ) ) ;
#1273 = EDGE_LOOP ( 'NONE', ( #3603, #5850, #2589, #1542 ) ) ;
#1274 = CARTESIAN_POINT ( 'NONE',  ( 18.86955371682842042, 9.464668978626756157, 67.79387399446311235 ) ) ;
#1275 = AXIS2_PLACEMENT_3D ( 'NONE', #5587, #6738, #1438 ) ;
#1276 = DIRECTION ( 'NONE',  ( -0.000000000000000000, -1.000000000000000000, 0.000000000000000000 ) ) ;
#1277 = CARTESIAN_POINT ( 'NONE',  ( 15.77741441289384916, 8.544635254623843323, -24.30552882908330403 ) ) ;
#1278 = ADVANCED_FACE ( 'NONE', ( #2909 ), #4568, .F. ) ;
#1279 = DIRECTION ( 'NONE',  ( 0.000000000000000000, 1.000000000000000000, -0.000000000000000000 ) ) ;
#1280 = ORIENTED_EDGE ( 'NONE', *, *, #2180, .T. ) ;
#1281 = CARTESIAN_POINT ( 'NONE',  ( -77.75681657134582281, 7.483343488740149319, 73.38633885674862256 ) ) ;
#1282 = ORIENTED_EDGE ( 'NONE', *, *, #5360, .F. ) ;
#1283 = CARTESIAN_POINT ( 'NONE',  ( 20.73757010950320989, -20.55155916535961680, 73.30809753950963170 ) ) ;
#1284 = CARTESIAN_POINT ( 'NONE',  ( -74.33779740459047503, 7.782478616789829218, 74.37315910810552566 ) ) ;
#1285 = VERTEX_POINT ( 'NONE', #6366 ) ;
#1286 = DIRECTION ( 'NONE',  ( 0.000000000000000000, 0.000000000000000000, 1.000000000000000000 ) ) ;
#1287 = LINE ( 'NONE', #213, #3375 ) ;
#1288 = DIRECTION ( 'NONE',  ( 1.000000000000000000, 0.000000000000000000, 0.000000000000000000 ) ) ;
#1289 = ORIENTED_EDGE ( 'NONE', *, *, #3269, .F. ) ;
#1290 = FACE_OUTER_BOUND ( 'NONE', #6764, .T. ) ;
#1291 = CARTESIAN_POINT ( 'NONE',  ( 18.47901178362031871, 7.483343550852294968, -24.60295076435389916 ) ) ;
#1292 =( BOUNDED_SURFACE ( )  B_SPLINE_SURFACE ( 3, 2, ( 
 ( #1080, #5761, #3321 ),
 ( #7419, #3435, #2158 ),
 ( #1619, #1045, #5265 ),
 ( #7601, #1729, #5836 ),
 ( #4644, #6987, #579 ),
 ( #4085, #6412, #1153 ),
 ( #2917, #3506, #1954 ),
 ( #5575, #6799, #5533 ),
 ( #2569, #4310, #4387 ),
 ( #4916, #1457, #270 ) ),
 .UNSPECIFIED., .F., .F., .F. ) 
 B_SPLINE_SURFACE_WITH_KNOTS ( ( 4, 2, 2, 2, 4 ),
 ( 3, 3 ),
 ( 0.000000000000000000, 0.0006324469077538131395, 0.001264893815507626279, 0.001897340723261439419, 0.002529787631015252558 ),
 ( 0.000000000000000000, 1.000000000000000000 ),
 .UNSPECIFIED. ) 
 GEOMETRIC_REPRESENTATION_ITEM ( )  RATIONAL_B_SPLINE_SURFACE ( (
 ( 1.000000000000000000, 0.7071067811865500152, 1.000000000000000000),
 ( 1.000000000000000000, 0.7482557864061257780, 1.000000000000000000),
 ( 1.000000000000000000, 0.7859595632324060110, 1.000000000000000000),
 ( 1.000000000000000000, 0.8543387531414882163, 1.000000000000000000),
 ( 1.000000000000000000, 0.8850570986936338036, 1.000000000000000000),
 ( 1.000000000000000000, 0.9378057023052951413, 1.000000000000000000),
 ( 1.000000000000000000, 0.9598562173316967927, 1.000000000000000000),
 ( 1.000000000000000000, 0.9910687533215830625, 1.000000000000000000),
 ( 1.000000000000000000, 1.000069207638702107, 1.000000000000000000),
 ( 1.000000000000000000, 1.000000000000000000, 1.000000000000000000) ) ) 
 REPRESENTATION_ITEM ( '' )  SURFACE ( )  );
#1293 = CIRCLE ( 'NONE', #3765, 3.500000000000003109 ) ;
#1294 = CARTESIAN_POINT ( 'NONE',  ( 20.15713039321099842, -21.55755916535962768, 72.96966011013000752 ) ) ;
#1295 = ORIENTED_EDGE ( 'NONE', *, *, #3404, .F. ) ;
#1296 = LINE ( 'NONE', #4909, #5717 ) ;
#1297 = CARTESIAN_POINT ( 'NONE',  ( -28.77768383176202605, 8.648440834640384267, 53.39006495185253698 ) ) ;
#1298 = CARTESIAN_POINT ( 'NONE',  ( -77.53202448806209190, -21.55755916535962413, 73.21336063616755041 ) ) ;
#1299 = LINE ( 'NONE', #4913, #1784 ) ;
#1300 = CIRCLE ( 'NONE', #818, 0.8000000000000003775 ) ;
#1301 = ORIENTED_EDGE ( 'NONE', *, *, #1974, .T. ) ;
#1302 = ORIENTED_EDGE ( 'NONE', *, *, #7096, .T. ) ;
#1303 = CARTESIAN_POINT ( 'NONE',  ( -77.95924519774045791, 8.379405462532751869, -22.72171508115544469 ) ) ;
#1304 = CARTESIAN_POINT ( 'NONE',  ( -78.19536865596904818, 8.052076284334663825, -22.02311663803610031 ) ) ;
#1305 = AXIS2_PLACEMENT_3D ( 'NONE', #6589, #637, #5936 ) ;
#1306 = CARTESIAN_POINT ( 'NONE',  ( -78.21785769577699909, 7.983886600261980604, -21.76410567152538178 ) ) ;
#1307 = EDGE_CURVE ( 'NONE', #7239, #1170, #4731, .T. ) ;
#1308 = FACE_OUTER_BOUND ( 'NONE', #3266, .T. ) ;
#1309 = CARTESIAN_POINT ( 'NONE',  ( 20.64199057441114249, 8.060620197511116913, -20.18163299735300598 ) ) ;
#1310 = DIRECTION ( 'NONE',  ( 1.000000000000000000, -0.000000000000000000, 0.000000000000000000 ) ) ;
#1311 = ORIENTED_EDGE ( 'NONE', *, *, #1000, .T. ) ;
#1312 = CARTESIAN_POINT ( 'NONE',  ( 21.05697763190580218, -15.55155916535961858, 72.58843383562239637 ) ) ;
#1313 = EDGE_CURVE ( 'NONE', #2428, #1009, #3614, .T. ) ;
#1314 = CARTESIAN_POINT ( 'NONE',  ( -78.27019106027884732, 7.762072216011362435, 70.65558498349577121 ) ) ;
#1315 = FACE_OUTER_BOUND ( 'NONE', #1204, .T. ) ;
#1316 = ADVANCED_FACE ( 'NONE', ( #4637 ), #1723, .T. ) ;
#1317 = ADVANCED_FACE ( 'NONE', ( #6443 ), #694, .T. ) ;
#1318 = CARTESIAN_POINT ( 'NONE',  ( 14.90952060380334387, 9.448440834640383201, 73.43110041402432842 ) ) ;
#1319 = ORIENTED_EDGE ( 'NONE', *, *, #61, .T. ) ;
#1320 = CARTESIAN_POINT ( 'NONE',  ( 8.419724872965139196E-16, 7.448440834640383201, -17.90993504814754544 ) ) ;
#1321 = ORIENTED_EDGE ( 'NONE', *, *, #2688, .T. ) ;
#1322 = CARTESIAN_POINT ( 'NONE',  ( -76.69010385102970417, -15.55155916535962746, 66.27025438539956781 ) ) ;
#1323 = EDGE_CURVE ( 'NONE', #2815, #6668, #4135, .T. ) ;
#1324 = CIRCLE ( 'NONE', #5254, 0.7999999999999986011 ) ;
#1325 = DIRECTION ( 'NONE',  ( 1.284980352575409001E-16, -0.000000000000000000, 1.000000000000000000 ) ) ;
#1326 = ORIENTED_EDGE ( 'NONE', *, *, #6478, .F. ) ;
#1327 = CARTESIAN_POINT ( 'NONE',  ( -77.94412292163569589, -21.55755916535962768, -22.63156277782826464 ) ) ;
#1328 = CARTESIAN_POINT ( 'NONE',  ( 13.69770227585125255, 9.448440834640386754, -22.73235730146078737 ) ) ;
#1329 = DIRECTION ( 'NONE',  ( 0.000000000000000000, 0.000000000000000000, -1.000000000000000000 ) ) ;
#1330 = ORIENTED_EDGE ( 'NONE', *, *, #3438, .F. ) ;
#1331 = CARTESIAN_POINT ( 'NONE',  ( 19.51218167699868644, 9.300056510458727388, 67.74358904560071437 ) ) ;
#1332 = CARTESIAN_POINT ( 'NONE',  ( 20.40589739316575901, 8.544942509756959126, -22.17875312179415204 ) ) ;
#1333 = EDGE_CURVE ( 'NONE', #1379, #4234, #5487, .T. ) ;
#1334 = TOROIDAL_SURFACE ( 'NONE', #595, 1.600000000000000089, 0.8000000000000000444 ) ;
#1335 = DIRECTION ( 'NONE',  ( -0.8777383814805197471, -6.090533504480570737E-15, -0.4791402025252712860 ) ) ;
#1336 = ORIENTED_EDGE ( 'NONE', *, *, #4388, .T. ) ;
#1337 = DIRECTION ( 'NONE',  ( 0.000000000000000000, 0.000000000000000000, 1.000000000000000000 ) ) ;
#1338 = CARTESIAN_POINT ( 'NONE',  ( 15.34358386346240088, 9.116219144989109679, 73.85010359366322064 ) ) ;
#1339 = CARTESIAN_POINT ( 'NONE',  ( 20.71097940580265728, 7.795538714758333043, 71.17662792708884467 ) ) ;
#1340 = CARTESIAN_POINT ( 'NONE',  ( 18.13549775811718590, -15.55155916535961858, 73.80278962720933578 ) ) ;
#1341 = DIRECTION ( 'NONE',  ( 0.000000000000000000, -1.000000000000000000, 0.000000000000000000 ) ) ;
#1342 = CARTESIAN_POINT ( 'NONE',  ( -75.76399890288654149, 8.227715252746843788, -24.47127177263061526 ) ) ;
#1343 = CARTESIAN_POINT ( 'NONE',  ( -76.84302603123403230, 7.483345623703198335, -24.35725495290608222 ) ) ;
#1344 = CARTESIAN_POINT ( 'NONE',  ( -78.19536865596990083, 8.052076284331947775, -22.02311663803609676 ) ) ;
#1345 = CARTESIAN_POINT ( 'NONE',  ( 20.08272732214945222, -15.54555916535960947, -22.54647404852308412 ) ) ;
#1346 = CARTESIAN_POINT ( 'NONE',  ( -78.69040850711752455, -20.55155916535962035, 71.80324654174016530 ) ) ;
#1347 = DIRECTION ( 'NONE',  ( 0.000000000000000000, 0.000000000000000000, 1.000000000000000000 ) ) ;
#1348 = EDGE_LOOP ( 'NONE', ( #4651, #6198, #5041, #6410 ) ) ;
#1349 = DIRECTION ( 'NONE',  ( 0.000000000000000000, 0.000000000000000000, -1.000000000000000000 ) ) ;
#1350 = DIRECTION ( 'NONE',  ( 0.000000000000000000, 0.000000000000000000, 1.000000000000000000 ) ) ;
#1351 = CARTESIAN_POINT ( 'NONE',  ( 16.50598666648328461, 7.931597523179976683, -24.56543944914210797 ) ) ;
#1352 = CARTESIAN_POINT ( 'NONE',  ( -48.77768383176253764, 7.448440834640383201, 60.19006495185251993 ) ) ;
#1353 = CARTESIAN_POINT ( 'NONE',  ( 20.40589738021557409, 8.544942509652853957, 71.95906281103569313 ) ) ;
#1354 = ORIENTED_EDGE ( 'NONE', *, *, #4515, .F. ) ;
#1355 = CARTESIAN_POINT ( 'NONE',  ( -77.27120054964655083, 7.483343475635587438, 73.87123279780585960 ) ) ;
#1356 = ORIENTED_EDGE ( 'NONE', *, *, #4605, .F. ) ;
#1357 = AXIS2_PLACEMENT_3D ( 'NONE', #5947, #3149, #6680 ) ;
#1358 = CARTESIAN_POINT ( 'NONE',  ( 19.10206474133863708, -20.55155916535962035, 74.64961622934005447 ) ) ;
#1359 = TOROIDAL_SURFACE ( 'NONE', #382, 1.600000000000000089, 0.8000000000000000444 ) ;
#1360 = ADVANCED_FACE ( 'NONE', ( #4341 ), #5448, .F. ) ;
#1361 = DIRECTION ( 'NONE',  ( 0.000000000000000000, 0.000000000000000000, -1.000000000000000000 ) ) ;
#1362 = EDGE_LOOP ( 'NONE', ( #3292, #3408, #1595, #3220 ) ) ;
#1364 = CARTESIAN_POINT ( 'NONE',  ( 13.65748747253656958, 9.448440834640141617, -22.79724167298931903 ) ) ;
#1363 = AXIS2_PLACEMENT_3D ( 'NONE', #3766, #1866, #4334 ) ;
#1365 = AXIS2_PLACEMENT_3D ( 'NONE', #1144, #7054, #1797 ) ;
#1366 = FACE_OUTER_BOUND ( 'NONE', #1580, .T. ) ;
#1367 = ORIENTED_EDGE ( 'NONE', *, *, #4468, .F. ) ;
#1368 = DIRECTION ( 'NONE',  ( -4.701147631373470820E-17, 0.000000000000000000, 1.000000000000000000 ) ) ;
#1369 = EDGE_CURVE ( 'NONE', #6640, #5051, #848, .T. ) ;
#1370 = CARTESIAN_POINT ( 'NONE',  ( 20.45816927622842130, 8.061418491174464407, -23.17672077716133217 ) ) ;
#1371 = EDGE_CURVE ( 'NONE', #578, #3564, #70, .T. ) ;
#1372 = CARTESIAN_POINT ( 'NONE',  ( 18.83861686948633363, 8.380763463464985463, -24.28934656467348319 ) ) ;
#1373 = EDGE_LOOP ( 'NONE', ( #3226, #6986, #5009, #4641 ) ) ;
#1374 = DIRECTION ( 'NONE',  ( 0.000000000000000000, -1.000000000000000000, 0.000000000000000000 ) ) ;
#1375 = CARTESIAN_POINT ( 'NONE',  ( 19.63891614591359058, 9.448440834640386754, -18.62069298995959699 ) ) ;
#1376 = CARTESIAN_POINT ( 'NONE',  ( 20.47719097905935115, 8.632963865841276174, 69.58746787904695452 ) ) ;
#1377 = EDGE_CURVE ( 'NONE', #6960, #4159, #2451, .T. ) ;
#1378 = DIRECTION ( 'NONE',  ( 0.000000000000000000, 1.000000000000000000, -0.000000000000000000 ) ) ;
#1379 = VERTEX_POINT ( 'NONE', #4187 ) ;
#1380 = CIRCLE ( 'NONE', #3969, 1.250000000000001110 ) ;
#1381 = CARTESIAN_POINT ( 'NONE',  ( -77.69040849972404317, -15.55155916536506311, 72.06491573470226797 ) ) ;
#1382 = CARTESIAN_POINT ( 'NONE',  ( -75.47615287211928603, 7.925352099011611529, -24.56421865324482567 ) ) ;
#1383 = AXIS2_PLACEMENT_3D ( 'NONE', #7512, #10, #2356 ) ;
#1384 = CARTESIAN_POINT ( 'NONE',  ( -78.07937040544565832, 8.525300528786937448, -19.93306670168119155 ) ) ;
#1385 = CARTESIAN_POINT ( 'NONE',  ( 17.22231616824143430, -15.55155916535962213, 72.49006495185042809 ) ) ;
#1386 = FACE_OUTER_BOUND ( 'NONE', #2908, .T. ) ;
#1387 = ORIENTED_EDGE ( 'NONE', *, *, #3364, .T. ) ;
#1388 = CARTESIAN_POINT ( 'NONE',  ( -28.77768383176221079, 8.248440834640383912, 39.89006495185252987 ) ) ;
#1389 = CIRCLE ( 'NONE', #1383, 1.600000000000000755 ) ;
#1390 = CARTESIAN_POINT ( 'NONE',  ( -48.77768383176253764, 9.448440834640383201, 50.89006495185252277 ) ) ;
#1391 = CARTESIAN_POINT ( 'NONE',  ( 13.72839048598148715, 9.423548506767939870, -22.98394080883141299 ) ) ;
#1392 = VECTOR ( 'NONE', #80, 1000.000000000000000 ) ;
#1393 = CARTESIAN_POINT ( 'NONE',  ( 14.07584026199306315, 9.300056510458192705, -23.39980055690823235 ) ) ;
#1394 = CARTESIAN_POINT ( 'NONE',  ( 19.97445313610782591, 8.511607315455183453, 73.18046557762571069 ) ) ;
#1395 = ORIENTED_EDGE ( 'NONE', *, *, #4945, .F. ) ;
#1396 = CARTESIAN_POINT ( 'NONE',  ( 18.74660652698870678, 8.612146619160217398, -24.26486302360068237 ) ) ;
#1397 = EDGE_LOOP ( 'NONE', ( #7331, #3990, #4769, #5275 ) ) ;
#1398 = CARTESIAN_POINT ( 'NONE',  ( 19.10206474133863708, -15.55155916535961858, 74.64961622934005447 ) ) ;
#1399 = AXIS2_PLACEMENT_3D ( 'NONE', #6933, #3418, #2897 ) ;
#1400 = CARTESIAN_POINT ( 'NONE',  ( -73.10069312292014843, 8.948440834640388530, -24.18201938333139367 ) ) ;
#1401 = LINE ( 'NONE', #6010, #2479 ) ;
#1402 = ORIENTED_EDGE ( 'NONE', *, *, #860, .F. ) ;
#1403 = CARTESIAN_POINT ( 'NONE',  ( -77.67304840258590559, -20.55155916535962390, -24.28296445165592843 ) ) ;
#1404 = CARTESIAN_POINT ( 'NONE',  ( -77.18725736502412360, 8.544942533166391740, -23.73765909835178434 ) ) ;
#1405 = CARTESIAN_POINT ( 'NONE',  ( -65.67768383176139935, 7.448440834640384978, 9.090064951852534492 ) ) ;
#1406 = VERTEX_POINT ( 'NONE', #4790 ) ;
#1407 = DIRECTION ( 'NONE',  ( -0.000000000000000000, 1.000000000000000000, -0.000000000000000000 ) ) ;
#1408 = CARTESIAN_POINT ( 'NONE',  ( 18.72017147948044524, 8.544941387686147749, -24.22159457846129627 ) ) ;
#1409 = EDGE_CURVE ( 'NONE', #7363, #5508, #1296, .T. ) ;
#1410 = CARTESIAN_POINT ( 'NONE',  ( 20.17742854365391736, 8.488181070202150735, -23.14480346624179319 ) ) ;
#1411 = ORIENTED_EDGE ( 'NONE', *, *, #6761, .F. ) ;
#1412 = CARTESIAN_POINT ( 'NONE',  ( 19.00304185100664611, -8.006795679951171252, -16.43560820187817484 ) ) ;
#1413 = DIRECTION ( 'NONE',  ( 1.000000000000000000, -0.000000000000000000, 0.000000000000000000 ) ) ;
#1414 = DIRECTION ( 'NONE',  ( 0.000000000000000000, -1.000000000000000000, 0.000000000000000000 ) ) ;
#1415 = EDGE_CURVE ( 'NONE', #6262, #5393, #6590, .T. ) ;
#1416 = CARTESIAN_POINT ( 'NONE',  ( -73.34026322418273480, 9.448440834640395636, 73.52328009629199812 ) ) ;
#1417 = CARTESIAN_POINT ( 'NONE',  ( -76.28230851411061053, -20.55155916535893112, -24.22611532651364286 ) ) ;
#1418 = VERTEX_POINT ( 'NONE', #3659 ) ;
#1419 = VECTOR ( 'NONE', #2031, 1000.000000000000000 ) ;
#1420 = CARTESIAN_POINT ( 'NONE',  ( -77.91661047923952310, 8.488130558084575839, -22.66676917939247460 ) ) ;
#1421 = EDGE_CURVE ( 'NONE', #1722, #2249, #6983, .T. ) ;
#1422 = CARTESIAN_POINT ( 'NONE',  ( -74.59601753379462252, 7.730273955583579770, -24.60566017386946669 ) ) ;
#1423 = CARTESIAN_POINT ( 'NONE',  ( -76.24407742761782458, 9.465962080428736769, -17.92680226302024238 ) ) ;
#1424 = AXIS2_PLACEMENT_3D ( 'NONE', #7595, #2329, #4116 ) ;
#1425 = CARTESIAN_POINT ( 'NONE',  ( -78.27634305973528228, 7.699739676222655760, 71.00352803871511753 ) ) ;
#1426 = FACE_OUTER_BOUND ( 'NONE', #4536, .T. ) ;
#1427 = EDGE_LOOP ( 'NONE', ( #226, #2915, #2864 ) ) ;
#1428 = DIRECTION ( 'NONE',  ( 0.000000000000000000, -1.000000000000000000, 0.000000000000000000 ) ) ;
#1429 = VECTOR ( 'NONE', #1664, 1000.000000000000000 ) ;
#1430 = ADVANCED_FACE ( 'NONE', ( #6061, #799, #2990, #5335, #1256, #66, #5945, #4754, #5374, #6561, #5408, #2488, #1915 ), #4268, .T. ) ;
#1431 = CARTESIAN_POINT ( 'NONE',  ( 19.39454828189168722, 9.448440834640383201, 68.50469082138499743 ) ) ;
#1432 = DIRECTION ( 'NONE',  ( 0.000000000000000000, 1.000000000000000000, -0.000000000000000000 ) ) ;
#1433 = CARTESIAN_POINT ( 'NONE',  ( 13.51866669204814109, 9.448440834640386754, 72.40101847777147270 ) ) ;
#1434 = DIRECTION ( 'NONE',  ( -0.01745240643728337981, -0.9998476951563911586, 2.423527569861767078E-13 ) ) ;
#1435 = ORIENTED_EDGE ( 'NONE', *, *, #956, .T. ) ;
#1436 = FACE_OUTER_BOUND ( 'NONE', #6186, .T. ) ;
#1437 = ORIENTED_EDGE ( 'NONE', *, *, #1984, .T. ) ;
#1438 = DIRECTION ( 'NONE',  ( 0.000000000000000000, -0.000000000000000000, -1.000000000000000000 ) ) ;
#1439 = DIRECTION ( 'NONE',  ( 0.000000000000000000, 1.000000000000000000, -0.000000000000000000 ) ) ;
#1440 = CARTESIAN_POINT ( 'NONE',  ( -72.02022097947636325, 9.358908916493065888, 73.06066095886113487 ) ) ;
#1441 = VERTEX_POINT ( 'NONE', #3188 ) ;
#1442 = CARTESIAN_POINT ( 'NONE',  ( -53.97768383176140361, 7.448440834640383201, 21.19006495185253058 ) ) ;
#1443 = CARTESIAN_POINT ( 'NONE',  ( -64.87768383176140219, 8.648440834640384267, -17.10993504814755184 ) ) ;
#1444 = ORIENTED_EDGE ( 'NONE', *, *, #6826, .F. ) ;
#1445 = CARTESIAN_POINT ( 'NONE',  ( 19.88245915657719820, -15.55155916535962035, 72.81034982682874102 ) ) ;
#1446 = DIRECTION ( 'NONE',  ( 0.000000000000000000, 0.000000000000000000, 1.000000000000000000 ) ) ;
#1447 = CARTESIAN_POINT ( 'NONE',  ( 19.63725707420775990, 8.520204480255330282, -23.75480685380082946 ) ) ;
#1448 = EDGE_LOOP ( 'NONE', ( #5524, #6741, #825, #6450 ) ) ;
#1449 = FACE_OUTER_BOUND ( 'NONE', #5397, .T. ) ;
#1450 = CARTESIAN_POINT ( 'NONE',  ( 19.77473985383626243, 9.231085939624609438, -18.55229292669076813 ) ) ;
#1451 = DIRECTION ( 'NONE',  ( 1.000000000000000000, 0.000000000000000000, 0.000000000000000000 ) ) ;
#1452 = CARTESIAN_POINT ( 'NONE',  ( 21.13504084360030788, -20.55155916535962035, 71.80324654174016530 ) ) ;
#1453 = DIRECTION ( 'NONE',  ( 1.000000000000000000, 0.000000000000000000, 0.000000000000000000 ) ) ;
#1454 = AXIS2_PLACEMENT_3D ( 'NONE', #6206, #7357, #2132 ) ;
#1455 = CARTESIAN_POINT ( 'NONE',  ( -76.15063889043608469, 8.553226829873715076, -24.33321351617702533 ) ) ;
#1456 = EDGE_CURVE ( 'NONE', #3624, #628, #3897, .T. ) ;
#1457 = CARTESIAN_POINT ( 'NONE',  ( -71.07403435556535953, 9.448440834640386754, 72.40101847777165744 ) ) ;
#1458 = DIRECTION ( 'NONE',  ( 0.000000000000000000, 0.000000000000000000, 1.000000000000000000 ) ) ;
#1459 = CARTESIAN_POINT ( 'NONE',  ( -70.15787326530769974, -15.55155916535962213, 72.80248497112151540 ) ) ;
#1460 = CARTESIAN_POINT ( 'NONE',  ( -77.83262597189317944, 8.728462049921393628, -19.05728595673196324 ) ) ;
#1461 = ORIENTED_EDGE ( 'NONE', *, *, #385, .T. ) ;
#1462 = DIRECTION ( 'NONE',  ( 0.000000000000000000, 0.000000000000000000, -1.000000000000000000 ) ) ;
#1463 = ADVANCED_FACE ( 'NONE', ( #5101 ), #567, .T. ) ;
#1464 = B_SPLINE_SURFACE_WITH_KNOTS ( 'NONE', 1, 3, ( 
 ( #723, #3657, #2944, #1213, #3569, #5293, #2907, #5901, #4114, #4151, #25, #2988 ),
 ( #3032, #5985, #1721, #1180, #4076, #4670, #6559, #1873, #1294, #102, #3065, #5258 ) ),
 .UNSPECIFIED., .F., .F., .F.,
 ( 2, 2 ),
 ( 4, 2, 2, 2, 2, 4 ),
 ( 0.000000000000000000, 1.000000000000000000 ),
 ( 0.000000000000000000, 0.2500000000000000000, 0.3750000000000000000, 0.5000000000000000000, 0.7500000000000000000, 1.000000000000000000 ),
 .UNSPECIFIED. ) ;
#1465 = CARTESIAN_POINT ( 'NONE',  ( 18.73326969416276100, 9.448440834640386754, 67.18641547565727024 ) ) ;
#1466 = PLANE ( 'NONE',  #6333 ) ;
#1467 = CARTESIAN_POINT ( 'NONE',  ( 17.07796271825632672, 7.653210449133708515, -24.61040566721210610 ) ) ;
#1468 = CARTESIAN_POINT ( 'NONE',  ( 19.25718458634169750, 8.488181070205705225, 73.84517732725804251 ) ) ;
#1469 = ORIENTED_EDGE ( 'NONE', *, *, #807, .F. ) ;
#1470 = DIRECTION ( 'NONE',  ( -1.000000000000000000, -0.000000000000000000, 0.000000000000000000 ) ) ;
#1471 = VERTEX_POINT ( 'NONE', #2716 ) ;
#1472 = ADVANCED_FACE ( 'NONE', ( #1449 ), #7445, .F. ) ;
#1473 = EDGE_LOOP ( 'NONE', ( #5472, #5781, #7464, #5620 ) ) ;
#1474 = CARTESIAN_POINT ( 'NONE',  ( -74.77768383175860833, 9.448440834640395636, 73.89006495185046219 ) ) ;
#1475 = CARTESIAN_POINT ( 'NONE',  ( -73.34026322418279165, 9.448440834640383201, -23.74315019259113058 ) ) ;
#1476 = CARTESIAN_POINT ( 'NONE',  ( -78.38682532785665558, -20.55155916535962390, 73.13290425493768510 ) ) ;
#1477 = ORIENTED_EDGE ( 'NONE', *, *, #6903, .T. ) ;
#1478 = CARTESIAN_POINT ( 'NONE',  ( -78.67080641513429384, -20.55155916535962035, 72.19609994822174315 ) ) ;
#1479 = CARTESIAN_POINT ( 'NONE',  ( -76.55840951452383081, -8.006795679951169475, 66.21573810557904949 ) ) ;
#1480 = VERTEX_POINT ( 'NONE', #3346 ) ;
#1481 = CARTESIAN_POINT ( 'NONE',  ( 20.71091104937782390, 7.750563299779559046, 71.27527353331842619 ) ) ;
#1482 = DIRECTION ( 'NONE',  ( 0.000000000000000000, 1.000000000000000000, -0.000000000000000000 ) ) ;
#1483 = VECTOR ( 'NONE', #3988, 1000.000000000000000 ) ;
#1484 = DIRECTION ( 'NONE',  ( 0.000000000000000000, 1.000000000000000000, -0.000000000000000000 ) ) ;
#1485 = EDGE_LOOP ( 'NONE', ( #175, #3577, #7164, #147 ) ) ;
#1486 = PRESENTATION_STYLE_ASSIGNMENT (( #6250 ) ) ;
#1487 = B_SPLINE_CURVE_WITH_KNOTS ( 'NONE', 3,
 ( #1674, #6888, #1632, #5207, #556, #2893, #6855, #1709 ),
 .UNSPECIFIED., .F., .F.,
 ( 4, 2, 2, 4 ),
 ( -9.937569738992395305E-06, 0.0006569729591955461492, 0.001323883488130084838, 0.002657704545999126870 ),
 .UNSPECIFIED. ) ;
#1488 = CIRCLE ( 'NONE', #1735, 1.600000000000000755 ) ;
#1489 = CARTESIAN_POINT ( 'NONE',  ( -77.77775480591598978, -17.21822583190057188, -22.02311663803931197 ) ) ;
#1490 = CYLINDRICAL_SURFACE ( 'NONE', #1241, 2.000000000000001776 ) ;
#1491 = CARTESIAN_POINT ( 'NONE',  ( 19.57554586044415856, 8.788141924602243193, -23.70640583467205076 ) ) ;
#1492 = CARTESIAN_POINT ( 'NONE',  ( 0.000000000000000000, -20.55155916535962035, 0.000000000000000000 ) ) ;
#1493 = VECTOR ( 'NONE', #4034, 1000.000000000000000 ) ;
#1494 = CIRCLE ( 'NONE', #2474, 0.7999999999999951594 ) ;
#1495 = CARTESIAN_POINT ( 'NONE',  ( 20.72259713390993241, 7.678798450552460686, -21.15826432201876273 ) ) ;
#1496 = CARTESIAN_POINT ( 'NONE',  ( -74.39382263620625224, 7.753359033578640869, -24.59769625457660780 ) ) ;
#1497 = ORIENTED_EDGE ( 'NONE', *, *, #6, .T. ) ;
#1498 = CARTESIAN_POINT ( 'NONE',  ( -78.25965591302542634, 7.791194047982900273, -20.75021182475614978 ) ) ;
#1499 = CIRCLE ( 'NONE', #5789, 1.599999999999990319 ) ;
#1500 = CARTESIAN_POINT ( 'NONE',  ( 19.18105207033443449, 8.747320617770922624, 73.80937966883038825 ) ) ;
#1501 = CARTESIAN_POINT ( 'NONE',  ( -78.26647029648664500, 7.746718912145903246, -20.74020826914838267 ) ) ;
#1502 = ORIENTED_EDGE ( 'NONE', *, *, #5494, .T. ) ;
#1503 = CARTESIAN_POINT ( 'NONE',  ( -74.46253040894021069, 7.720059768086072083, 74.38262861477832644 ) ) ;
#1504 = B_SPLINE_CURVE_WITH_KNOTS ( 'NONE', 3,
 ( #1882, #2337, #6567, #697, #2420, #112, #2919, #3373 ),
 .UNSPECIFIED., .F., .F.,
 ( 4, 2, 2, 4 ),
 ( 0.000000000000000000, 0.001312187113813299963, 0.001968280670719936391, 0.002624374227626573037 ),
 .UNSPECIFIED. ) ;
#1505 = CIRCLE ( 'NONE', #770, 9.300000000000002487 ) ;
#1506 = DIRECTION ( 'NONE',  ( 0.000000000000000000, 0.000000000000000000, 1.000000000000000000 ) ) ;
#1507 = EDGE_CURVE ( 'NONE', #2675, #5551, #7361, .T. ) ;
#1508 = DIRECTION ( 'NONE',  ( 0.000000000000000000, 0.000000000000000000, 1.000000000000000000 ) ) ;
#1509 = CARTESIAN_POINT ( 'NONE',  ( 15.54532545940296906, 8.948440834640383201, 73.96214928703224700 ) ) ;
#1510 = CIRCLE ( 'NONE', #2739, 0.8000000000000003775 ) ;
#1511 = ORIENTED_EDGE ( 'NONE', *, *, #3592, .T. ) ;
#1512 = ADVANCED_FACE ( 'NONE', ( #4950 ), #7556, .T. ) ;
#1513 = CARTESIAN_POINT ( 'NONE',  ( 20.55534132870568342, 8.406090002772478087, -22.18950577548044834 ) ) ;
#1514 = ORIENTED_EDGE ( 'NONE', *, *, #611, .F. ) ;
#1515 = ORIENTED_EDGE ( 'NONE', *, *, #1974, .F. ) ;
#1516 = DIRECTION ( 'NONE',  ( -1.000000000000000000, 0.000000000000000000, 0.000000000000000000 ) ) ;
#1517 = CARTESIAN_POINT ( 'NONE',  ( -76.39398453299591552, 8.380763463461581964, 74.06947646837819832 ) ) ;
#1518 = AXIS2_PLACEMENT_3D ( 'NONE', #2547, #7389, #3172 ) ;
#1519 = EDGE_CURVE ( 'NONE', #1250, #240, #447, .T. ) ;
#1520 = ORIENTED_EDGE ( 'NONE', *, *, #7513, .T. ) ;
#1521 = CARTESIAN_POINT ( 'NONE',  ( -28.77768383176221079, 8.248440834640383912, 30.59006495185252916 ) ) ;
#1522 = EDGE_CURVE ( 'NONE', #1529, #6421, #6701, .T. ) ;
#1523 = CARTESIAN_POINT ( 'NONE',  ( -77.94585844480469916, 8.544941391475317616, -22.32325762566782501 ) ) ;
#1524 = ORIENTED_EDGE ( 'NONE', *, *, #722, .T. ) ;
#1525 = CARTESIAN_POINT ( 'NONE',  ( 20.71487983116977105, 7.720059768082679241, 70.57491152903926945 ) ) ;
#1526 = CARTESIAN_POINT ( 'NONE',  ( 20.71845343290297237, 7.694509739110434232, 71.06432039374426779 ) ) ;
#1527 = AXIS2_PLACEMENT_3D ( 'NONE', #634, #4139, #7550 ) ;
#1528 = CARTESIAN_POINT ( 'NONE',  ( -77.06641718443752609, 8.511493513874727412, 73.64363413773084233 ) ) ;
#1529 = VERTEX_POINT ( 'NONE', #2640 ) ;
#1530 = DIRECTION ( 'NONE',  ( 1.000000000000000000, 0.000000000000000000, -4.701147631373462191E-17 ) ) ;
#1531 = LINE ( 'NONE', #3234, #3229 ) ;
#1532 = FACE_OUTER_BOUND ( 'NONE', #6985, .T. ) ;
#1533 = CARTESIAN_POINT ( 'NONE',  ( -78.18525552444089044, 8.202985146767037605, -21.90896893931467559 ) ) ;
#1534 = FACE_OUTER_BOUND ( 'NONE', #6118, .T. ) ;
#1535 = CARTESIAN_POINT ( 'NONE',  ( 20.70972097063568640, 7.809366199485555882, -20.79151062135002093 ) ) ;
#1536 = CARTESIAN_POINT ( 'NONE',  ( -73.52113283090709217, 8.410864462889165338, -24.38400798406816250 ) ) ;
#1537 = ORIENTED_EDGE ( 'NONE', *, *, #1125, .F. ) ;
#1538 = CARTESIAN_POINT ( 'NONE',  ( -77.84023165769693264, 8.973136777679986409, -19.40443002968009267 ) ) ;
#1539 = MANIFOLD_SOLID_BREP ( 'Cut-Extrude6', #7037 ) ;
#1540 = VECTOR ( 'NONE', #2545, 1000.000000000000000 ) ;
#1541 = DIRECTION ( 'NONE',  ( 0.000000000000000000, 0.000000000000000000, 1.000000000000000000 ) ) ;
#1542 = ORIENTED_EDGE ( 'NONE', *, *, #6392, .F. ) ;
#1543 = CARTESIAN_POINT ( 'NONE',  ( 20.22238714243250612, -17.21822583254391503, 71.80324654174016530 ) ) ;
#1544 =( BOUNDED_CURVE ( )  B_SPLINE_CURVE ( 3, ( #5953, #6489, #114, #1266 ),
 .UNSPECIFIED., .F., .T. ) 
 B_SPLINE_CURVE_WITH_KNOTS ( ( 4, 4 ),
 ( 1.178313095313155090, 1.263806357859584617 ),
 .UNSPECIFIED. ) 
 CURVE ( )  GEOMETRIC_REPRESENTATION_ITEM ( )  RATIONAL_B_SPLINE_CURVE ( ( 1.000000000000000000, 0.9993910012473939952, 0.9993910012473939952, 1.000000000000000000 ) ) 
 REPRESENTATION_ITEM ( '' )  );
#1545 = CIRCLE ( 'NONE', #1055, 0.7999999999999986011 ) ;
#1546 = CARTESIAN_POINT ( 'NONE',  ( 8.922316168238594969, 9.448440834640383201, 9.090064951852532715 ) ) ;
#1547 = CARTESIAN_POINT ( 'NONE',  ( 16.89192880484470294, 7.823684850265576252, 74.37528914676708780 ) ) ;
#1548 = LINE ( 'NONE', #2849, #4253 ) ;
#1549 = DIRECTION ( 'NONE',  ( 0.000000000000000000, 0.000000000000000000, -1.000000000000000000 ) ) ;
#1550 = EDGE_LOOP ( 'NONE', ( #6466, #3611, #5659, #2377 ) ) ;
#1551 = ORIENTED_EDGE ( 'NONE', *, *, #6865, .F. ) ;
#1552 = ADVANCED_FACE ( 'NONE', ( #6792 ), #6178, .F. ) ;
#1553 = CARTESIAN_POINT ( 'NONE',  ( -65.97768383176139650, -20.55655916577720532, 28.59006495185253272 ) ) ;
#1554 = ADVANCED_FACE ( 'NONE', ( #259 ), #2601, .F. ) ;
#1555 = CARTESIAN_POINT ( 'NONE',  ( -78.27279922184477812, 7.701992840659904083, 70.69544649258419611 ) ) ;
#1556 = ORIENTED_EDGE ( 'NONE', *, *, #4420, .T. ) ;
#1557 = CARTESIAN_POINT ( 'NONE',  ( -77.67424953641027230, -20.55155916535961680, 74.06204200470007493 ) ) ;
#1558 = VECTOR ( 'NONE', #3553, 1000.000000000000000 ) ;
#1559 = DIRECTION ( 'NONE',  ( 0.000000000000000000, 0.000000000000000000, 1.000000000000000000 ) ) ;
#1560 =( NAMED_UNIT ( * ) PLANE_ANGLE_UNIT ( ) SI_UNIT ( $, .RADIAN. ) );
#1561 = ORIENTED_EDGE ( 'NONE', *, *, #7391, .F. ) ;
#1562 = CARTESIAN_POINT ( 'NONE',  ( 20.65951549365913209, 7.990434924070489942, 71.69921925540300833 ) ) ;
#1563 = CARTESIAN_POINT ( 'NONE',  ( -74.77768383175860833, 9.448440834640395636, 67.89006495185046219 ) ) ;
#1564 = EDGE_CURVE ( 'NONE', #5585, #6757, #3152, .T. ) ;
#1565 = CIRCLE ( 'NONE', #1816, 0.8000000000000003775 ) ;
#1566 = DIRECTION ( 'NONE',  ( 0.000000000000000000, -1.000000000000000000, 0.000000000000000000 ) ) ;
#1567 = ORIENTED_EDGE ( 'NONE', *, *, #5638, .F. ) ;
#1568 = CARTESIAN_POINT ( 'NONE',  ( -78.00538764852070983, 8.548579397571089089, 72.25238809837631493 ) ) ;
#1569 = CARTESIAN_POINT ( 'NONE',  ( 19.51350610113332351, -20.55155916536010707, 73.60244685412156684 ) ) ;
#1570 = DIRECTION ( 'NONE',  ( -0.9998476951563912696, 0.01745240643728354982, 0.000000000000000000 ) ) ;
#1571 = CARTESIAN_POINT ( 'NONE',  ( -77.31875179694516476, 9.448440834640384978, -18.79718403400267235 ) ) ;
#1572 = EDGE_CURVE ( 'NONE', #4303, #7567, #4258, .T. ) ;
#1573 = ADVANCED_FACE ( 'NONE', ( #5748 ), #2901, .T. ) ;
#1574 = DIRECTION ( 'NONE',  ( -0.000000000000000000, -1.000000000000000000, 0.000000000000000000 ) ) ;
#1575 = CARTESIAN_POINT ( 'NONE',  ( -71.52693392679505280, 9.445605437472982757, -22.40711240876164823 ) ) ;
#1576 = ORIENTED_EDGE ( 'NONE', *, *, #3364, .F. ) ;
#1577 = DIRECTION ( 'NONE',  ( -0.000000000000000000, 1.000000000000000000, -0.000000000000000000 ) ) ;
#1578 = CARTESIAN_POINT ( 'NONE',  ( 19.30191132652086239, -21.55755916535962768, -24.04474927311896337 ) ) ;
#1579 = CARTESIAN_POINT ( 'NONE',  ( -77.64818699748799702, 9.072981248605714200, -19.06366718727995746 ) ) ;
#1580 = EDGE_LOOP ( 'NONE', ( #6238, #4657, #6434, #4747 ) ) ;
#1581 = AXIS2_PLACEMENT_3D ( 'NONE', #6440, #3459, #644 ) ;
#1582 = FACE_OUTER_BOUND ( 'NONE', #5698, .T. ) ;
#1583 = CARTESIAN_POINT ( 'NONE',  ( -78.07366421957604530, -15.55155916535961858, -23.85552407694446941 ) ) ;
#1584 = CARTESIAN_POINT ( 'NONE',  ( -76.68691868151914548, 9.448440834640383201, 67.92931643853980006 ) ) ;
#1585 = CARTESIAN_POINT ( 'NONE',  ( 19.94299970647772824, 8.544941350458621798, 73.18470145692441520 ) ) ;
#1586 = LINE ( 'NONE', #6269, #1763 ) ;
#1587 = EDGE_LOOP ( 'NONE', ( #5539, #618, #5834, #5264 ) ) ;
#1588 =( BOUNDED_SURFACE ( )  B_SPLINE_SURFACE ( 3, 2, ( 
 ( #6616, #3252, #324 ),
 ( #1353, #6040, #782 ),
 ( #6344, #400, #4052 ),
 ( #3937, #2274, #1085 ),
 ( #3440, #5237, #2773 ),
 ( #2124, #2806, #6847 ),
 ( #1624, #3906, #6268 ),
 ( #1585, #2240, #7461 ),
 ( #975, #6958, #3327 ),
 ( #5199, #5656, #1015 ),
 ( #1701, #5805, #4471 ),
 ( #2738, #3981, #4506 ),
 ( #3368, #3406, #5086 ),
 ( #6377, #6810, #7423 ),
 ( #2162, #1118, #551 ),
 ( #510, #3475, #5695 ),
 ( #473, #2888, #6924 ),
 ( #5119, #4581, #5765 ) ),
 .UNSPECIFIED., .F., .F., .T. ) 
 B_SPLINE_SURFACE_WITH_KNOTS ( ( 4, 2, 2, 2, 2, 2, 2, 2, 4 ),
 ( 3, 3 ),
 ( 0.000000000000000000, 0.0001168493411946832299, 0.0002336986823893664599, 0.0003505480235840497034, 0.0004673973647787329198, 0.0005842467059734161904, 0.0007010960471680994068, 0.0008179453883627826232, 0.0009347947295574658396 ),
 ( 0.6311822323583393679, 1.000000000000000000 ),
 .UNSPECIFIED. ) 
 GEOMETRIC_REPRESENTATION_ITEM ( )  RATIONAL_B_SPLINE_SURFACE ( (
 ( 0.8664944433509191857, 0.8942416707847964386, 1.000000000000000000),
 ( 0.8664944167894341742, 0.8942416497437375433, 1.000000000000000000),
 ( 0.8664942722827939647, 0.8942415352707431264, 1.000000000000000000),
 ( 0.8664942716990784444, 0.8942415348083445625, 1.000000000000000000),
 ( 0.8664944437392754217, 0.8942416710924383505, 1.000000000000000000),
 ( 0.8664944429617900123, 0.8942416704765421276, 1.000000000000000000),
 ( 0.8664942671734141566, 0.8942415312232750990, 1.000000000000000000),
 ( 0.8664942661095669241, 0.8942415303805334448, 1.000000000000000000),
 ( 0.8664944434246357741, 0.8942416708431919492, 1.000000000000000000),
 ( 0.8664944432771692906, 0.8942416707263743936, 1.000000000000000000),
 ( 0.8664942672486521946, 0.8942415312828759788, 1.000000000000000000),
 ( 0.8664942660354173487, 0.8942415303217947642, 1.000000000000000000),
 ( 0.8664944420685818383, 0.8942416697689745675, 1.000000000000000000),
 ( 0.8664944446236082509, 0.8942416717929752012, 1.000000000000000000),
 ( 0.8664942726139495122, 0.8942415355330728399, 1.000000000000000000),
 ( 0.8664942713719887557, 0.8942415345492359391, 1.000000000000000000),
 ( 0.8664944171274790996, 0.8942416500115246691, 1.000000000000000000),
 ( 0.8664944433509191857, 0.8942416707847964386, 1.000000000000000000) ) ) 
 REPRESENTATION_ITEM ( '' )  SURFACE ( )  );
#1589 = FACE_OUTER_BOUND ( 'NONE', #6674, .T. ) ;
#1590 = CARTESIAN_POINT ( 'NONE',  ( -72.58447142503092664, 9.448440834640383201, -23.36886710922192378 ) ) ;
#1591 = ORIENTED_EDGE ( 'NONE', *, *, #7570, .T. ) ;
#1592 = CARTESIAN_POINT ( 'NONE',  ( -74.60274190959690088, 7.728405380561447657, 74.38594253983785620 ) ) ;
#1593 = CARTESIAN_POINT ( 'NONE',  ( -76.08361899680764395, -15.55155916535961858, -25.02265972350643963 ) ) ;
#1594 = FACE_OUTER_BOUND ( 'NONE', #2583, .T. ) ;
#1595 = ORIENTED_EDGE ( 'NONE', *, *, #2866, .T. ) ;
#1596 = CARTESIAN_POINT ( 'NONE',  ( 20.52177545328992636, -20.55155916535962035, -23.85086267431240614 ) ) ;
#1597 = EDGE_CURVE ( 'NONE', #2443, #2755, #3022, .T. ) ;
#1598 = CARTESIAN_POINT ( 'NONE',  ( -77.49131010467255010, 8.788224654008113035, 73.12627044497521922 ) ) ;
#1599 = EDGE_LOOP ( 'NONE', ( #4854, #4250, #6870, #3787 ) ) ;
#1600 = CARTESIAN_POINT ( 'NONE',  ( -78.69040850711205337, -15.55155916535961858, -22.41587021319759288 ) ) ;
#1601 = EDGE_CURVE ( 'NONE', #6464, #1804, #5838, .T. ) ;
#1602 = FACE_OUTER_BOUND ( 'NONE', #2808, .T. ) ;
#1603 = CARTESIAN_POINT ( 'NONE',  ( -77.41089897620017268, 9.448440834640395636, 69.45264434427464550 ) ) ;
#1604 = CARTESIAN_POINT ( 'NONE',  ( -77.33014044401400611, 9.231071296754315370, -18.55234242977594761 ) ) ;
#1605 = ADVANCED_FACE ( 'NONE', ( #7518 ), #7441, .T. ) ;
#1606 = CIRCLE ( 'NONE', #1232, 1.599999999999990319 ) ;
#1607 = PLANE ( 'NONE',  #2580 ) ;
#1608 = VECTOR ( 'NONE', #6149, 1000.000000000000000 ) ;
#1609 = CARTESIAN_POINT ( 'NONE',  ( -71.96924422921759401, 9.795504604080612410, -23.21103042767975211 ) ) ;
#1610 = ORIENTED_EDGE ( 'NONE', *, *, #352, .T. ) ;
#1611 = CARTESIAN_POINT ( 'NONE',  ( 17.70072826696625867, 7.801986561083568361, 74.37053150642128685 ) ) ;
#1612 = EDGE_CURVE ( 'NONE', #3694, #3943, #1300, .T. ) ;
#1613 = ADVANCED_FACE ( 'NONE', ( #2323 ), #5600, .T. ) ;
#1614 = CARTESIAN_POINT ( 'NONE',  ( 20.25497909189794044, 8.451330654353817806, 72.78066258259146082 ) ) ;
#1615 = CIRCLE ( 'NONE', #7257, 9.300000000000002487 ) ;
#1616 = CARTESIAN_POINT ( 'NONE',  ( -76.92674310555624118, 9.372423822257452741, -18.01567326950533499 ) ) ;
#1617 = TOROIDAL_SURFACE ( 'NONE', #3225, 1.600000000000000089, 0.8000000000000000444 ) ;
#1618 = ORIENTED_EDGE ( 'NONE', *, *, #139, .T. ) ;
#1619 = CARTESIAN_POINT ( 'NONE',  ( -72.75181400023055289, 9.065004341513901664, 73.76971142939093795 ) ) ;
#1620 = AXIS2_PLACEMENT_3D ( 'NONE', #1955, #4462, #4312 ) ;
#1621 = FACE_OUTER_BOUND ( 'NONE', #356, .T. ) ;
#1622 = FACE_OUTER_BOUND ( 'NONE', #913, .T. ) ;
#1623 = CARTESIAN_POINT ( 'NONE',  ( -77.67079196244745276, 14.44844083464038853, 73.32486965202848239 ) ) ;
#1624 = CARTESIAN_POINT ( 'NONE',  ( 20.10448984714720311, 8.544941357265017245, 72.94276347343884481 ) ) ;
#1625 = CARTESIAN_POINT ( 'NONE',  ( -66.77768383176139366, 8.648440834640384267, 19.59006495185253627 ) ) ;
#1626 = ORIENTED_EDGE ( 'NONE', *, *, #43, .T. ) ;
#1627 = VECTOR ( 'NONE', #5390, 1000.000000000000000 ) ;
#1628 = CARTESIAN_POINT ( 'NONE',  ( -71.81693531844777567, 9.448440834640383201, -23.01916989790964507 ) ) ;
#1629 = CARTESIAN_POINT ( 'NONE',  ( -73.62055736360291291, 8.507708798558399010, 74.20506992336586904 ) ) ;
#1630 = AXIS2_PLACEMENT_3D ( 'NONE', #1635, #2896, #4549 ) ;
#1631 = CARTESIAN_POINT ( 'NONE',  ( -66.77768383176137945, 8.648440834640384267, 29.39006495185253343 ) ) ;
#1632 = CARTESIAN_POINT ( 'NONE',  ( -71.36332265225163951, 9.430948278456318334, 72.73957170004482009 ) ) ;
#1633 =( BOUNDED_SURFACE ( )  B_SPLINE_SURFACE ( 3, 2, ( 
 ( #6375, #434, #3980 ),
 ( #5118, #3325, #5153 ),
 ( #2737, #7459, #2239 ),
 ( #6923, #1700, #4018 ),
 ( #3439, #6957, #3474 ),
 ( #4051, #5236, #5804 ),
 ( #1584, #550, #2887 ),
 ( #2197, #3936, #4539 ),
 ( #1158, #6993, #3511 ),
 ( #6681, #3776, #5491 ) ),
 .UNSPECIFIED., .F., .F., .F. ) 
 B_SPLINE_SURFACE_WITH_KNOTS ( ( 4, 2, 2, 2, 4 ),
 ( 3, 3 ),
 ( 0.000000000000000000, 0.0006324766926356762244, 0.001264953385271352449, 0.001897430077907028782, 0.002529906770542704898 ),
 ( 0.000000000000000000, 1.000000000000000000 ),
 .UNSPECIFIED. ) 
 GEOMETRIC_REPRESENTATION_ITEM ( )  RATIONAL_B_SPLINE_SURFACE ( (
 ( 1.000000000000000000, 0.7071067811865487940, 1.000000000000000000),
 ( 1.000000000000000000, 0.7482605807270032994, 1.000000000000000000),
 ( 1.000000000000000000, 0.7859662412954016020, 1.000000000000000000),
 ( 1.000000000000000000, 0.8543471657465389058, 1.000000000000000000),
 ( 1.000000000000000000, 0.8850653624179257717, 1.000000000000000000),
 ( 1.000000000000000000, 0.9378133947796060133, 1.000000000000000000),
 ( 1.000000000000000000, 0.9598637189156318250, 1.000000000000000000),
 ( 1.000000000000000000, 0.9910703068288320150, 1.000000000000000000),
 ( 1.000000000000000000, 1.000069067823733393, 1.000000000000000000),
 ( 1.000000000000000000, 1.000000000000000000, 1.000000000000000000) ) ) 
 REPRESENTATION_ITEM ( '' )  SURFACE ( )  );
#1634 = VERTEX_POINT ( 'NONE', #2939 ) ;
#1635 = CARTESIAN_POINT ( 'NONE',  ( 18.73326969416349641, 7.448440834640383201, -22.02311663800294639 ) ) ;
#1636 = LINE ( 'NONE', #2711, #4552 ) ;
#1637 = AXIS2_PLACEMENT_3D ( 'NONE', #5807, #6378, #5087 ) ;
#1638 = DIRECTION ( 'NONE',  ( 0.000000000000000000, 0.000000000000000000, 1.000000000000000000 ) ) ;
#1639 = CARTESIAN_POINT ( 'NONE',  ( -78.12672419039739680, 8.214560169126558620, 72.07263342080786117 ) ) ;
#1640 = ORIENTED_EDGE ( 'NONE', *, *, #7578, .F. ) ;
#1641 = CARTESIAN_POINT ( 'NONE',  ( 19.85207210981118919, 7.483345640559552869, -23.97996892251699563 ) ) ;
#1642 = EDGE_CURVE ( 'NONE', #4012, #6800, #811, .T. ) ;
#1643 = TOROIDAL_SURFACE ( 'NONE', #5931, 9.300000000000000711, 0.8000000000000000444 ) ;
#1644 = CARTESIAN_POINT ( 'NONE',  ( -78.03255864257755547, 8.632963865839307971, -19.80733797534849927 ) ) ;
#1645 = CARTESIAN_POINT ( 'NONE',  ( 8.722316168239592216, -20.55655916577720532, -19.10993504814758737 ) ) ;
#1646 = CARTESIAN_POINT ( 'NONE',  ( -76.63271889992648767, 9.430414557011772558, -17.70061292853571899 ) ) ;
#1647 = AXIS2_PLACEMENT_3D ( 'NONE', #1243, #4777, #745 ) ;
#1648 = ADVANCED_FACE ( 'NONE', ( #17 ), #5286, .F. ) ;
#1649 = CARTESIAN_POINT ( 'NONE',  ( 20.72195004801601570, 7.686655007323953015, -21.02707815424306048 ) ) ;
#1650 = DIRECTION ( 'NONE',  ( 0.000000000000000000, 0.000000000000000000, -1.000000000000000000 ) ) ;
#1651 = EDGE_LOOP ( 'NONE', ( #5885, #2464, #5760, #6971 ) ) ;
#1652 = DIRECTION ( 'NONE',  ( 0.000000000000000000, 1.000000000000000000, -0.000000000000000000 ) ) ;
#1653 = CARTESIAN_POINT ( 'NONE',  ( 16.97112380402243303, 7.730581171996136369, 74.38150176814198744 ) ) ;
#1654 = CARTESIAN_POINT ( 'NONE',  ( 19.45852166137259331, 8.788224654009098913, 73.60369122475920278 ) ) ;
#1655 = CARTESIAN_POINT ( 'NONE',  ( -78.28008778005491308, 7.633562314420489159, -21.14843353829051509 ) ) ;
#1656 = ORIENTED_EDGE ( 'NONE', *, *, #2028, .F. ) ;
#1657 = ORIENTED_EDGE ( 'NONE', *, *, #3958, .F. ) ;
#1658 = CYLINDRICAL_SURFACE ( 'NONE', #1008, 0.8000000000000003775 ) ;
#1659 = PRODUCT_RELATED_PRODUCT_CATEGORY ( 'part', '', ( #5039 ) ) ;
#1660 = AXIS2_PLACEMENT_3D ( 'NONE', #3500, #5903, #5144 ) ;
#1661 = EDGE_CURVE ( 'NONE', #6960, #285, #5522, .T. ) ;
#1662 = EDGE_CURVE ( 'NONE', #2086, #7283, #3492, .T. ) ;
#1663 = CARTESIAN_POINT ( 'NONE',  ( -74.35786714828523714, 7.891161181050614815, -24.58617355184686204 ) ) ;
#1664 = DIRECTION ( 'NONE',  ( -0.000000000000000000, 1.000000000000000000, -0.000000000000000000 ) ) ;
#1665 = CARTESIAN_POINT ( 'NONE',  ( 16.82018830054604663, 7.878444469301890685, 74.36762060298823940 ) ) ;
#1666 = CARTESIAN_POINT ( 'NONE',  ( 20.61700316434210478, 8.124720590879963567, -21.96391720599773478 ) ) ;
#1667 = FACE_OUTER_BOUND ( 'NONE', #4817, .T. ) ;
#1668 = ORIENTED_EDGE ( 'NONE', *, *, #1268, .F. ) ;
#1669 = EDGE_CURVE ( 'NONE', #2182, #1832, #1064, .T. ) ;
#1670 = AXIS2_PLACEMENT_3D ( 'NONE', #2156, #1693, #355 ) ;
#1671 = DIRECTION ( 'NONE',  ( -1.284980352575409001E-16, 0.000000000000000000, -1.000000000000000000 ) ) ;
#1672 = CARTESIAN_POINT ( 'NONE',  ( -76.51148396014083630, 9.448440834640383201, 67.54434072078595364 ) ) ;
#1673 = CARTESIAN_POINT ( 'NONE',  ( -48.77768383176253764, 9.448440834640383201, 50.89006495185252277 ) ) ;
#1674 = CARTESIAN_POINT ( 'NONE',  ( -71.07403435556572902, 9.448440834640383201, 72.40101847777251010 ) ) ;
#1675 = AXIS2_PLACEMENT_3D ( 'NONE', #5793, #4040, #2797 ) ;
#1676 = ORIENTED_EDGE ( 'NONE', *, *, #7105, .T. ) ;
#1677 = CARTESIAN_POINT ( 'NONE',  ( 19.96790519703651867, -20.55155916535961325, -24.40591543596674384 ) ) ;
#1678 = CARTESIAN_POINT ( 'NONE',  ( -16.26673030583651069, 8.648440834640384267, 24.89006495185057233 ) ) ;
#1679 = CIRCLE ( 'NONE', #4265, 0.7999999999999986011 ) ;
#1680 = CARTESIAN_POINT ( 'NONE',  ( -78.00096229978043993, 8.553226829872679460, 72.26302001054119728 ) ) ;
#1681 = VERTEX_POINT ( 'NONE', #6553 ) ;
#1682 = CARTESIAN_POINT ( 'NONE',  ( -48.77768383176253764, 8.248440834640383912, 50.89006495185252277 ) ) ;
#1683 = B_SPLINE_CURVE_WITH_KNOTS ( 'NONE', 3,
 ( #3202, #3245, #5502, #2574, #4923, #4966, #3125, #7267, #3862, #2656, #6727, #5004, #4466, #6692, #1503, #7346, #3708, #5540, #2616, #2042, #2119, #776, #5464, #3934, #6918, #4537 ),
 .UNSPECIFIED., .F., .F.,
 ( 4, 2, 2, 2, 2, 2, 2, 2, 2, 2, 2, 2, 4 ),
 ( 0.000000000000000000, 0.0007330763455139735919, 0.001466152691027947184, 0.002199229036541920992, 0.002932305382055894367, 0.003665381727569868176, 0.004398458073083841985, 0.004581727159462314729, 0.004764996245840787473, 0.004948265332219261084, 0.005131534418597734695, 0.005498072591354681050, 0.005864610764111627406 ),
 .UNSPECIFIED. ) ;
#1684 = CARTESIAN_POINT ( 'NONE',  ( 20.62988786092263638, 8.202985146770794600, -21.90896893931924083 ) ) ;
#1685 = CARTESIAN_POINT ( 'NONE',  ( 8.922316168238591416, 7.448440834640383201, -16.30993504814755113 ) ) ;
#1686 = CARTESIAN_POINT ( 'NONE',  ( 15.54532545940296018, 8.948440834640388530, -24.18201938333139367 ) ) ;
#1687 = CARTESIAN_POINT ( 'NONE',  ( 17.89943480144228616, 8.099783894722003552, 74.32622428163961104 ) ) ;
#1688 = CARTESIAN_POINT ( 'NONE',  ( -71.05974323931876313, 9.448239009812748890, -22.59247627783780032 ) ) ;
#1689 = ORIENTED_EDGE ( 'NONE', *, *, #620, .F. ) ;
#1690 = DIRECTION ( 'NONE',  ( -0.000000000000000000, -1.000000000000000000, 0.000000000000000000 ) ) ;
#1691 = CARTESIAN_POINT ( 'NONE',  ( 18.02853044288859863, 7.988692805791470342, 74.32781579931673832 ) ) ;
#1692 = CARTESIAN_POINT ( 'NONE',  ( -16.26673030583651069, 9.448440834640383201, 34.19006495185058014 ) ) ;
#1693 = DIRECTION ( 'NONE',  ( 1.541976423090495831E-15, 0.000000000000000000, 1.000000000000000000 ) ) ;
#1694 = ORIENTED_EDGE ( 'NONE', *, *, #3543, .T. ) ;
#1695 = ORIENTED_EDGE ( 'NONE', *, *, #3258, .F. ) ;
#1696 = CARTESIAN_POINT ( 'NONE',  ( 3.733269694163487973, 9.448440834640383201, 24.89006495185043377 ) ) ;
#1697 = CARTESIAN_POINT ( 'NONE',  ( -75.69086542164312448, -15.55155916535961858, -24.02265972350847534 ) ) ;
#1698 = CARTESIAN_POINT ( 'NONE',  ( 17.45379265122879175, 7.758620921500242851, -24.60277184700102637 ) ) ;
#1699 = ADVANCED_FACE ( 'NONE', ( #1863 ), #2478, .F. ) ;
#1700 = CARTESIAN_POINT ( 'NONE',  ( -77.31871929393264509, 9.448440834640383201, 68.57726938741328127 ) ) ;
#1701 = CARTESIAN_POINT ( 'NONE',  ( 19.51936485199574278, 8.544941357671527626, 73.60896805656051356 ) ) ;
#1702 = CARTESIAN_POINT ( 'NONE',  ( -66.27768383176041311, 9.448440834640383201, -17.88043504814759999 ) ) ;
#1703 = ORIENTED_EDGE ( 'NONE', *, *, #292, .T. ) ;
#1704 = CIRCLE ( 'NONE', #4525, 1.599999999999990319 ) ;
#1705 = CARTESIAN_POINT ( 'NONE',  ( -78.28031055893578127, 7.630920137471606246, 70.87830553566752201 ) ) ;
#1706 = CARTESIAN_POINT ( 'NONE',  ( -28.77768383176202605, 9.448440834640383201, 61.89006495185253698 ) ) ;
#1707 = DIRECTION ( 'NONE',  ( 0.000000000000000000, 1.000000000000000000, -0.000000000000000000 ) ) ;
#1708 = ADVANCED_FACE ( 'NONE', ( #679 ), #5484, .T. ) ;
#1709 = CARTESIAN_POINT ( 'NONE',  ( -73.10069312292009158, 8.948440834640393859, 73.96214928703224700 ) ) ;
#1710 = ADVANCED_FACE ( 'NONE', ( #3058 ), #2373, .F. ) ;
#1711 = EDGE_LOOP ( 'NONE', ( #4965, #1935, #71, #32 ) ) ;
#1712 = CARTESIAN_POINT ( 'NONE',  ( 20.11888187289378038, -20.55155916535962035, -24.28191210099991437 ) ) ;
#1713 = FACE_OUTER_BOUND ( 'NONE', #4831, .T. ) ;
#1714 = CARTESIAN_POINT ( 'NONE',  ( -74.58306537246737378, 7.701992840670935259, 74.38518034193424455 ) ) ;
#1715 = ORIENTED_EDGE ( 'NONE', *, *, #4857, .F. ) ;
#1716 = CARTESIAN_POINT ( 'NONE',  ( -16.26673030583651069, 8.248440834640383912, 24.89006495185057233 ) ) ;
#1717 = CARTESIAN_POINT ( 'NONE',  ( -8.777683831760253241, 9.448440834640383201, 50.89006495185251566 ) ) ;
#1718 = DIRECTION ( 'NONE',  ( -0.000000000000000000, 1.000000000000000000, -0.000000000000000000 ) ) ;
#1719 = DIRECTION ( 'NONE',  ( -0.000000000000000000, -1.000000000000000000, 0.000000000000000000 ) ) ;
#1720 = DIRECTION ( 'NONE',  ( 0.000000000000000000, 0.000000000000000000, 1.000000000000000000 ) ) ;
#1721 = CARTESIAN_POINT ( 'NONE',  ( 18.74062327088893198, -21.55755916535962058, 74.05764429917185510 ) ) ;
#1722 = VERTEX_POINT ( 'NONE', #4218 ) ;
#1723 = CYLINDRICAL_SURFACE ( 'NONE', #1424, 0.7999999999999986011 ) ;
#1724 = CARTESIAN_POINT ( 'NONE',  ( -75.69086542164833986, -18.88489249869295250, -25.02265972350847889 ) ) ;
#1725 = DIRECTION ( 'NONE',  ( 1.000000000000000000, 0.000000000000000000, 1.224646799147353207E-16 ) ) ;
#1726 = CARTESIAN_POINT ( 'NONE',  ( 20.72073080795241040, 7.673282781943958852, -20.90761242133572395 ) ) ;
#1727 = EDGE_LOOP ( 'NONE', ( #2334, #2520, #3163, #3643 ) ) ;
#1728 = ORIENTED_EDGE ( 'NONE', *, *, #6392, .T. ) ;
#1729 = CARTESIAN_POINT ( 'NONE',  ( -72.46493281761105720, 9.448440834640381425, 73.43113291703708967 ) ) ;
#1730 = TOROIDAL_SURFACE ( 'NONE', #6998, 3.000000000000007994, 0.5000000000000000000 ) ;
#1731 = FACE_OUTER_BOUND ( 'NONE', #3590, .T. ) ;
#1732 = CARTESIAN_POINT ( 'NONE',  ( -75.22331703695236627, 7.912350803933506427, -24.58183704332336816 ) ) ;
#1733 = VECTOR ( 'NONE', #607, 1000.000000000000000 ) ;
#1734 = CARTESIAN_POINT ( 'NONE',  ( 15.54532545940296018, 8.948440834640388530, -24.18201938333139367 ) ) ;
#1735 = AXIS2_PLACEMENT_3D ( 'NONE', #4393, #3788, #1960 ) ;
#1736 = EDGE_CURVE ( 'NONE', #1767, #7517, #1679, .T. ) ;
#1737 = CARTESIAN_POINT ( 'NONE',  ( -77.84976816694043578, 8.948440834640383201, 69.21307424301201650 ) ) ;
#1738 = CARTESIAN_POINT ( 'NONE',  ( 19.44550836321532827, 9.326091845869251884, -17.90028978592331299 ) ) ;
#1739 = CARTESIAN_POINT ( 'NONE',  ( 18.15727272127268677, 8.318043598400745253, -24.48563453880574059 ) ) ;
#1740 = ORIENTED_EDGE ( 'NONE', *, *, #4958, .F. ) ;
#1741 = AXIS2_PLACEMENT_3D ( 'NONE', #3610, #252, #5938 ) ;
#1742 = AXIS2_PLACEMENT_3D ( 'NONE', #6329, #1072, #494 ) ;
#1743 = EDGE_CURVE ( 'NONE', #6812, #4900, #4681, .T. ) ;
#1744 = CARTESIAN_POINT ( 'NONE',  ( -77.78338947662990677, 8.795987546006928781, 69.08112057634897951 ) ) ;
#1745 = CARTESIAN_POINT ( 'NONE',  ( 17.22231616824143430, 8.948440834640383201, 73.89006495185043377 ) ) ;
#1746 = AXIS2_PLACEMENT_3D ( 'NONE', #6758, #6645, #4423 ) ;
#1747 = ORIENTED_EDGE ( 'NONE', *, *, #4935, .T. ) ;
#1748 = CARTESIAN_POINT ( 'NONE',  ( 20.73296508447626962, 7.483345647514946464, 71.80324654174016530 ) ) ;
#1749 = CARTESIAN_POINT ( 'NONE',  ( 20.29891883116205875, 14.44844083463901896, -23.27011035190520261 ) ) ;
#1750 = EDGE_CURVE ( 'NONE', #719, #424, #4295, .T. ) ;
#1751 = VECTOR ( 'NONE', #4455, 1000.000000000000000 ) ;
#1752 = CARTESIAN_POINT ( 'NONE',  ( -76.15158219161368436, 8.553655610968620593, 74.11296131317129721 ) ) ;
#1753 = EDGE_LOOP ( 'NONE', ( #1847, #448 ) ) ;
#1754 = CARTESIAN_POINT ( 'NONE',  ( -55.57768383176140503, 7.448440834640383201, 21.19006495185253058 ) ) ;
#1755 = CARTESIAN_POINT ( 'NONE',  ( 20.44959940243196783, 8.549060423973960710, 72.25343554242434152 ) ) ;
#1756 = DIRECTION ( 'NONE',  ( 0.000000000000000000, -1.000000000000000000, 0.000000000000000000 ) ) ;
#1757 = FACE_OUTER_BOUND ( 'NONE', #298, .T. ) ;
#1758 = AXIS2_PLACEMENT_3D ( 'NONE', #5215, #216, #4826 ) ;
#1759 = CARTESIAN_POINT ( 'NONE',  ( 17.30274817042691993, 7.682209202646550494, 74.39006495185044798 ) ) ;
#1760 = LINE ( 'NONE', #603, #2593 ) ;
#1761 = ORIENTED_EDGE ( 'NONE', *, *, #4599, .T. ) ;
#1762 = DIRECTION ( 'NONE',  ( 0.000000000000000000, 0.000000000000000000, -1.000000000000000000 ) ) ;
#1763 = VECTOR ( 'NONE', #5766, 1000.000000000000000 ) ;
#1764 = CARTESIAN_POINT ( 'NONE',  ( 14.33986817165842709, 9.409695858028111815, 72.88893645764129303 ) ) ;
#1765 = DIRECTION ( 'NONE',  ( 0.000000000000000000, -1.000000000000000000, 0.000000000000000000 ) ) ;
#1766 = DIRECTION ( 'NONE',  ( -1.541976423090495831E-15, -0.000000000000000000, -1.000000000000000000 ) ) ;
#1767 = VERTEX_POINT ( 'NONE', #6051 ) ;
#1768 = ORIENTED_EDGE ( 'NONE', *, *, #2644, .T. ) ;
#1769 = CARTESIAN_POINT ( 'NONE',  ( -75.69086542164623665, 8.052076284333516298, -24.52761987236037200 ) ) ;
#1770 = CARTESIAN_POINT ( 'NONE',  ( 20.98186744573202489, -20.55155916535962035, -22.98968362124676545 ) ) ;
#1771 = CARTESIAN_POINT ( 'NONE',  ( -66.47768383176139650, 7.448440834640383201, 9.090064951852534492 ) ) ;
#1772 = DIRECTION ( 'NONE',  ( 0.000000000000000000, 1.000000000000000000, -0.000000000000000000 ) ) ;
#1773 = CARTESIAN_POINT ( 'NONE',  ( 20.71007737466938536, 7.753359033572489345, -20.72607385260898383 ) ) ;
#1774 = DIRECTION ( 'NONE',  ( 0.000000000000000000, 1.000000000000000000, 0.000000000000000000 ) ) ;
#1775 = ORIENTED_EDGE ( 'NONE', *, *, #1995, .T. ) ;
#1776 = CARTESIAN_POINT ( 'NONE',  ( 20.29891883116203743, 14.44844083463901896, 73.05024025560879863 ) ) ;
#1777 = CARTESIAN_POINT ( 'NONE',  ( -77.44496276603310037, 9.088635658407373086, 68.18428741064172982 ) ) ;
#1778 = CARTESIAN_POINT ( 'NONE',  ( 15.87732377229355407, 8.309928590301034035, -24.43081062152693761 ) ) ;
#1779 = FACE_OUTER_BOUND ( 'NONE', #967, .T. ) ;
#1780 = EDGE_LOOP ( 'NONE', ( #5148, #4317, #1078, #5636, #6818, #6737, #3756, #4294 ) ) ;
#1781 = CARTESIAN_POINT ( 'NONE',  ( -76.70318370436483235, 8.544942532290848547, 73.84142066122088011 ) ) ;
#1782 = ORIENTED_EDGE ( 'NONE', *, *, #6767, .F. ) ;
#1783 = ADVANCED_FACE ( 'NONE', ( #5440 ), #791, .F. ) ;
#1784 = VECTOR ( 'NONE', #4837, 1000.000000000000000 ) ;
#1785 = CARTESIAN_POINT ( 'NONE',  ( 18.13549775813113385, 14.44844083464038142, -24.49900777566194066 ) ) ;
#1786 = ADVANCED_FACE ( 'NONE', ( #212 ), #2553, .F. ) ;
#1787 = CARTESIAN_POINT ( 'NONE',  ( -75.19629441821962246, 7.890372993047017225, 74.36630416451623660 ) ) ;
#1788 = VERTEX_POINT ( 'NONE', #5891 ) ;
#1789 = CARTESIAN_POINT ( 'NONE',  ( -74.77768383175860833, 34.44844083464037965, -21.10993504814956268 ) ) ;
#1790 = AXIS2_PLACEMENT_3D ( 'NONE', #562, #6323, #2216 ) ;
#1791 = DIRECTION ( 'NONE',  ( 1.000000000000000000, 0.000000000000000000, 1.224646799147353207E-16 ) ) ;
#1792 = ORIENTED_EDGE ( 'NONE', *, *, #660, .T. ) ;
#1793 = DIRECTION ( 'NONE',  ( 0.000000000000000000, 0.000000000000000000, -1.000000000000000000 ) ) ;
#1794 = CARTESIAN_POINT ( 'NONE',  ( 21.13504084360030788, -20.55155916535962035, 71.80324654174016530 ) ) ;
#1795 = AXIS2_PLACEMENT_3D ( 'NONE', #3755, #239, #3130 ) ;
#1796 = CARTESIAN_POINT ( 'NONE',  ( -16.26673030583651069, 8.248440834640383912, 24.89006495185057233 ) ) ;
#1797 = DIRECTION ( 'NONE',  ( 0.000000000000000000, 0.000000000000000000, 1.000000000000000000 ) ) ;
#1798 = ORIENTED_EDGE ( 'NONE', *, *, #6613, .T. ) ;
#1799 = CARTESIAN_POINT ( 'NONE',  ( -55.57768383176139793, 8.648440834640384267, 30.19006495185253058 ) ) ;
#1800 = CARTESIAN_POINT ( 'NONE',  ( 14.46485331596476520, 9.358908916491694541, 73.06066095886380651 ) ) ;
#1801 = CARTESIAN_POINT ( 'NONE',  ( 20.53987097482223945, 8.305923014571355623, 72.01675601361235124 ) ) ;
#1802 = ADVANCED_FACE ( 'NONE', ( #2401 ), #3682, .T. ) ;
#1803 = DIRECTION ( 'NONE',  ( 0.000000000000000000, -1.000000000000000000, 0.000000000000000000 ) ) ;
#1804 = VERTEX_POINT ( 'NONE', #6168 ) ;
#1805 = EDGE_LOOP ( 'NONE', ( #6428, #1469, #5549, #6232 ) ) ;
#1806 = CARTESIAN_POINT ( 'NONE',  ( -74.81618232189984496, 7.633562314420565542, -24.61233899644587098 ) ) ;
#1807 = CARTESIAN_POINT ( 'NONE',  ( 19.46601494446154845, -20.55155916535961325, -24.71855612152688764 ) ) ;
#1808 = CARTESIAN_POINT ( 'NONE',  ( -78.27678528806457336, 7.667234662095157027, -21.29580875127663120 ) ) ;
#1809 = DIRECTION ( 'NONE',  ( 0.000000000000000000, 0.000000000000000000, 1.000000000000000000 ) ) ;
#1810 = CARTESIAN_POINT ( 'NONE',  ( 20.70914132966161247, 7.813330026795848759, -21.43132938837968737 ) ) ;
#1811 = CARTESIAN_POINT ( 'NONE',  ( 8.922316168238591416, 8.248440834640383912, -16.30993504814755113 ) ) ;
#1812 = EDGE_LOOP ( 'NONE', ( #6713, #7418, #2234, #1657 ) ) ;
#1813 = CARTESIAN_POINT ( 'NONE',  ( 19.88959510251265783, 9.088635658409643270, 68.18428741063497966 ) ) ;
#1814 = CARTESIAN_POINT ( 'NONE',  ( -78.25679698317068755, 7.865988062560285599, 70.50516432802044164 ) ) ;
#1815 = LINE ( 'NONE', #4170, #1558 ) ;
#1816 = AXIS2_PLACEMENT_3D ( 'NONE', #6331, #2946, #1762 ) ;
#1817 = EDGE_LOOP ( 'NONE', ( #3094, #4062 ) ) ;
#1818 = CARTESIAN_POINT ( 'NONE',  ( -76.98959080938449517, 8.061416762584762807, 74.04707238509388390 ) ) ;
#1819 = ORIENTED_EDGE ( 'NONE', *, *, #444, .T. ) ;
#1820 = AXIS2_PLACEMENT_3D ( 'NONE', #2891, #3331, #7543 ) ;
#1821 = DIRECTION ( 'NONE',  ( 0.000000000000000000, -1.000000000000000000, 0.000000000000000000 ) ) ;
#1822 = CARTESIAN_POINT ( 'NONE',  ( -75.53253410894087949, 8.054643552692871467, 74.30958274408467901 ) ) ;
#1823 = EDGE_LOOP ( 'NONE', ( #9, #2709, #1052, #3685 ) ) ;
#1824 = CARTESIAN_POINT ( 'NONE',  ( -77.21983030212830101, -21.55755916535962058, -23.76713124477883454 ) ) ;
#1825 = CARTESIAN_POINT ( 'NONE',  ( 15.02915381897282110, 9.448440834640383201, -23.36889014786654784 ) ) ;
#1826 = DIRECTION ( 'NONE',  ( -1.000000000000000000, 0.000000000000000000, 0.000000000000000000 ) ) ;
#1827 = ORIENTED_EDGE ( 'NONE', *, *, #2167, .F. ) ;
#1828 = DIRECTION ( 'NONE',  ( 1.000000000000000000, 0.000000000000000000, 0.000000000000000000 ) ) ;
#1829 = CARTESIAN_POINT ( 'NONE',  ( 17.37995996787121555, 7.717912465770885966, 74.38721073960026331 ) ) ;
#1830 = EDGE_CURVE ( 'NONE', #6421, #4997, #4481, .T. ) ;
#1831 = CARTESIAN_POINT ( 'NONE',  ( 20.13504084360030788, -15.55155916535961858, -22.02311663803929775 ) ) ;
#1832 = VERTEX_POINT ( 'NONE', #1442 ) ;
#1833 = CARTESIAN_POINT ( 'NONE',  ( 18.73326969416348575, 7.448440834640383201, -16.34369759681506551 ) ) ;
#1834 = CARTESIAN_POINT ( 'NONE',  ( 14.85476082164048606, 9.498684368464980210, 73.47688020265326259 ) ) ;
#1835 = CARTESIAN_POINT ( 'NONE',  ( 20.44521252956181812, 8.553655610971189205, 72.26396331170647613 ) ) ;
#1836 = CARTESIAN_POINT ( 'NONE',  ( -74.77768383175860833, 7.448440834640383201, 70.89006495185046219 ) ) ;
#1837 = ORIENTED_EDGE ( 'NONE', *, *, #485, .F. ) ;
#1838 = ORIENTED_EDGE ( 'NONE', *, *, #1142, .F. ) ;
#1839 = CARTESIAN_POINT ( 'NONE',  ( -72.15724866310991104, 9.044040304695007748, -23.83802777257731620 ) ) ;
#1840 = DIRECTION ( 'NONE',  ( 0.000000000000000000, 0.000000000000000000, -1.000000000000000000 ) ) ;
#1841 = EDGE_CURVE ( 'NONE', #3601, #1480, #6426, .T. ) ;
#1842 = CARTESIAN_POINT ( 'NONE',  ( -78.26190156307060874, 7.829588582899003946, -20.77405650218878463 ) ) ;
#1843 = CARTESIAN_POINT ( 'NONE',  ( -78.31185419305805340, -15.55155916535961858, -23.53381834002566109 ) ) ;
#1844 = CARTESIAN_POINT ( 'NONE',  ( -76.14000697826989494, 8.548579397569987748, -24.33763886491778905 ) ) ;
#1845 = CARTESIAN_POINT ( 'NONE',  ( 20.61875671415618783, 8.136072262618178286, -20.23955276234770650 ) ) ;
#1846 = DIRECTION ( 'NONE',  ( 0.000000000000000000, 0.000000000000000000, 1.000000000000000000 ) ) ;
#1847 = ORIENTED_EDGE ( 'NONE', *, *, #676, .T. ) ;
#1848 = CARTESIAN_POINT ( 'NONE',  ( 20.11349889873563157, 8.915084426768059345, 68.90298103531834784 ) ) ;
#1849 = VECTOR ( 'NONE', #2791, 1000.000000000000000 ) ;
#1850 = CARTESIAN_POINT ( 'NONE',  ( -77.26647672719622051, 9.214276729990016790, 68.41657476852735442 ) ) ;
#1851 = B_SPLINE_CURVE_WITH_KNOTS ( 'NONE', 3,
 ( #5403, #1945, #135, #1331, #3143, #6016, #754, #3101, #5482, #5897, #642, #2140, #6823, #6710, #1525, #4521, #6213, #4372, #7400, #5596, #2635, #1481, #2710, #3805, #1562, #5061 ),
 .UNSPECIFIED., .F., .F.,
 ( 4, 2, 2, 2, 2, 2, 2, 2, 2, 2, 2, 2, 4 ),
 ( 3.469446951953614189E-18, 0.0007330763455143965391, 0.001466152691028789609, 0.002199229036543182570, 0.002932305382057575748, 0.003665381727571969360, 0.004398458073086361671, 0.004581727159464970590, 0.004764996245843579510, 0.004948265332222188430, 0.005131534418600796482, 0.005498072591357975290, 0.005864610764115154966 ),
 .UNSPECIFIED. ) ;
#1852 = CIRCLE ( 'NONE', #5538, 0.7999999999999986011 ) ;
#1853 = CARTESIAN_POINT ( 'NONE',  ( 16.41005187379661834, 8.213665038668223062, -24.51968284699834655 ) ) ;
#1854 = CARTESIAN_POINT ( 'NONE',  ( 15.78489556066560517, 9.448440834640383201, 73.52328009629198391 ) ) ;
#1855 = ORIENTED_EDGE ( 'NONE', *, *, #133, .F. ) ;
#1856 = CARTESIAN_POINT ( 'NONE',  ( -77.74878875480960971, 8.061416763180798029, 73.38019296299111716 ) ) ;
#1857 = ORIENTED_EDGE ( 'NONE', *, *, #302, .T. ) ;
#1858 = VECTOR ( 'NONE', #6251, 1000.000000000000000 ) ;
#1859 = AXIS2_PLACEMENT_3D ( 'NONE', #3186, #1335, #7210 ) ;
#1860 = CARTESIAN_POINT ( 'NONE',  ( 18.13549775813112674, -20.55155916535962035, 74.80278962720933578 ) ) ;
#1861 = CARTESIAN_POINT ( 'NONE',  ( -74.41796060835092419, 7.791194047988355464, 74.37203703311608649 ) ) ;
#1862 = VERTEX_POINT ( 'NONE', #2135 ) ;
#1863 = FACE_OUTER_BOUND ( 'NONE', #1130, .T. ) ;
#1864 = VECTOR ( 'NONE', #5722, 1000.000000000000000 ) ;
#1865 = CARTESIAN_POINT ( 'NONE',  ( 14.31436529394017043, 9.327224768159076973, -23.40951254871553644 ) ) ;
#1866 = DIRECTION ( 'NONE',  ( 0.000000000000000000, 1.000000000000000000, -0.000000000000000000 ) ) ;
#1867 = ORIENTED_EDGE ( 'NONE', *, *, #6472, .T. ) ;
#1868 = DIRECTION ( 'NONE',  ( 0.000000000000000000, 1.000000000000000000, -0.000000000000000000 ) ) ;
#1869 = CARTESIAN_POINT ( 'NONE',  ( 20.29155231387287728, 8.544942541975034445, -22.75108896043792583 ) ) ;
#1870 = AXIS2_PLACEMENT_3D ( 'NONE', #6696, #4969, #4322 ) ;
#1871 = CARTESIAN_POINT ( 'NONE',  ( 16.85258938925489858, 7.746718912138593538, 74.37885141657957888 ) ) ;
#1872 = EDGE_CURVE ( 'NONE', #5185, #3762, #3778, .T. ) ;
#1873 = CARTESIAN_POINT ( 'NONE',  ( 19.98596099981292440, -21.55755916535872529, 73.22591772052759040 ) ) ;
#1874 = ORIENTED_EDGE ( 'NONE', *, *, #5094, .T. ) ;
#1875 = CARTESIAN_POINT ( 'NONE',  ( 16.78242974111466879, 7.782478616768399249, 74.37315910810913522 ) ) ;
#1876 = AXIS2_PLACEMENT_3D ( 'NONE', #6325, #7012, #2366 ) ;
#1877 = CARTESIAN_POINT ( 'NONE',  ( -75.57671772290569834, 8.202985146751634815, 74.29763664453696492 ) ) ;
#1878 = CARTESIAN_POINT ( 'NONE',  ( 20.72472011653764312, 7.633562314421273420, -21.14843353830064032 ) ) ;
#1879 = EDGE_LOOP ( 'NONE', ( #6593, #4974, #5362, #3316 ) ) ;
#1880 = ORIENTED_EDGE ( 'NONE', *, *, #2636, .T. ) ;
#1881 = ADVANCED_FACE ( 'NONE', ( #295 ), #2632, .F. ) ;
#1882 = CARTESIAN_POINT ( 'NONE',  ( -73.10069312292014843, 8.948440834640383201, -24.18201938333139367 ) ) ;
#1883 = EDGE_CURVE ( 'NONE', #2283, #4971, #2286, .T. ) ;
#1884 = AXIS2_PLACEMENT_3D ( 'NONE', #5621, #4474, #6159 ) ;
#1885 = CARTESIAN_POINT ( 'NONE',  ( -77.75718679706149317, 7.483343472789920625, -23.60599569937237874 ) ) ;
#1886 = CARTESIAN_POINT ( 'NONE',  ( -78.16570254938845608, 8.145783991419818904, -22.15571092483644478 ) ) ;
#1887 = CARTESIAN_POINT ( 'NONE',  ( 19.87085429699173389, -15.54555916535960947, -23.02412431443968543 ) ) ;
#1888 = CARTESIAN_POINT ( 'NONE',  ( 20.72345903639850206, 7.646448962285671058, -21.23230963426340168 ) ) ;
#1889 = DIRECTION ( 'NONE',  ( 0.000000000000000000, 0.000000000000000000, 1.000000000000000000 ) ) ;
#1890 = ORIENTED_EDGE ( 'NONE', *, *, #2829, .T. ) ;
#1891 = CARTESIAN_POINT ( 'NONE',  ( 18.94148888511491791, 9.917325419397176489, 67.83287997796317370 ) ) ;
#1892 = ADVANCED_FACE ( 'NONE', ( #3518 ), #5809, .F. ) ;
#1893 = VECTOR ( 'NONE', #4291, 1000.000000000000000 ) ;
#1894 = CARTESIAN_POINT ( 'NONE',  ( -78.26912064804857039, 7.730581172010827729, 70.63887258761643295 ) ) ;
#1895 = CARTESIAN_POINT ( 'NONE',  ( 17.92078520859747570, 7.925352099008664553, -24.56421865324554332 ) ) ;
#1896 = DIRECTION ( 'NONE',  ( 0.000000000000000000, 1.000000000000000000, -0.000000000000000000 ) ) ;
#1897 = ORIENTED_EDGE ( 'NONE', *, *, #4281, .F. ) ;
#1898 = CARTESIAN_POINT ( 'NONE',  ( -78.27073260062131510, 7.483343539463197303, 72.14727205793361975 ) ) ;
#1899 = ORIENTED_EDGE ( 'NONE', *, *, #433, .T. ) ;
#1900 = EDGE_CURVE ( 'NONE', #7234, #2933, #5240, .T. ) ;
#1901 = DIRECTION ( 'NONE',  ( 0.000000000000000000, -0.05233595624294378607, 0.9986295347545739443 ) ) ;
#1902 = CARTESIAN_POINT ( 'NONE',  ( -72.25274717586725615, 8.992513638546927979, 73.68112389491291481 ) ) ;
#1903 = ORIENTED_EDGE ( 'NONE', *, *, #3030, .F. ) ;
#1904 = CARTESIAN_POINT ( 'NONE',  ( -77.01208445103826250, -15.54555916535960591, -23.52930022727885628 ) ) ;
#1905 = DIRECTION ( 'NONE',  ( -7.709882115452479153E-16, 0.000000000000000000, -1.000000000000000000 ) ) ;
#1906 = CIRCLE ( 'NONE', #5111, 3.000000000000002665 ) ;
#1907 = DIRECTION ( 'NONE',  ( 0.000000000000000000, 0.000000000000000000, -1.000000000000000000 ) ) ;
#1908 = EDGE_LOOP ( 'NONE', ( #3911, #7022, #5319, #2546 ) ) ;
#1909 = CARTESIAN_POINT ( 'NONE',  ( 18.73326969416348575, 9.448440834640383201, -17.40628557195670822 ) ) ;
#1910 = CARTESIAN_POINT ( 'NONE',  ( 18.13549775812519016, 8.544942533840098164, -24.29351645368269175 ) ) ;
#1911 = B_SPLINE_SURFACE_WITH_KNOTS ( 'NONE', 1, 3, ( 
 ( #4793, #144, #5411, #3190, #7297, #6716, #7138, #262, #4231, #7175, #3697, #6563 ),
 ( #2527, #2491, #6638, #2603, #7214, #1298, #4306, #1917, #6600, #3661, #764, #4954 ) ),
 .UNSPECIFIED., .F., .F., .F.,
 ( 2, 2 ),
 ( 4, 2, 2, 2, 2, 4 ),
 ( 0.000000000000000000, 1.000000000000000000 ),
 ( 0.000000000000000000, 0.2500000000000000000, 0.3750000000000000000, 0.5000000000000000000, 0.7500000000000000000, 1.000000000000000000 ),
 .UNSPECIFIED. ) ;
#1912 = AXIS2_PLACEMENT_3D ( 'NONE', #7215, #1951, #6139 ) ;
#1913 = CARTESIAN_POINT ( 'NONE',  ( 3.733269694163488861, 8.648440834640384267, 16.39006495185043377 ) ) ;
#1914 = ORIENTED_EDGE ( 'NONE', *, *, #6104, .F. ) ;
#1915 = FACE_BOUND ( 'NONE', #501, .T. ) ;
#1916 = CARTESIAN_POINT ( 'NONE',  ( 15.86719512496509843, 8.678206238417088159, 74.12295738932108691 ) ) ;
#1917 = CARTESIAN_POINT ( 'NONE',  ( -77.11353660043558023, -21.55755916535962413, 73.65370978341941566 ) ) ;
#1918 = CARTESIAN_POINT ( 'NONE',  ( -77.95244740354270618, -20.55155916535962035, -22.02311663803931197 ) ) ;
#1919 = CARTESIAN_POINT ( 'NONE',  ( 0.000000000000000000, 7.483345647514950016, 74.40071386808529041 ) ) ;
#1920 = CARTESIAN_POINT ( 'NONE',  ( 20.52177545328992636, -20.55155916535962035, -23.85086267431240614 ) ) ;
#1921 = AXIS2_PLACEMENT_3D ( 'NONE', #1754, #4107, #1286 ) ;
#1922 = CARTESIAN_POINT ( 'NONE',  ( -78.27653775542901826, 7.695950993731719869, -21.21701281097812952 ) ) ;
#1923 = DIRECTION ( 'NONE',  ( 0.000000000000000000, 1.000000000000000000, -0.000000000000000000 ) ) ;
#1924 = CARTESIAN_POINT ( 'NONE',  ( 21.13504084360030788, -15.55155916535961858, -22.02311663803929775 ) ) ;
#1925 = EDGE_CURVE ( 'NONE', #1788, #1959, #6046, .T. ) ;
#1926 = DIRECTION ( 'NONE',  ( 0.000000000000000000, 1.000000000000000000, -0.000000000000000000 ) ) ;
#1927 = EDGE_LOOP ( 'NONE', ( #41, #1689, #3281, #2010 ) ) ;
#1928 = CARTESIAN_POINT ( 'NONE',  ( 20.11542429892888251, 14.44844083464038853, 73.32486965202848239 ) ) ;
#1929 = DIRECTION ( 'NONE',  ( 0.000000000000000000, 1.000000000000000000, -0.000000000000000000 ) ) ;
#1930 = EDGE_CURVE ( 'NONE', #6007, #6503, #2043, .T. ) ;
#1931 = CARTESIAN_POINT ( 'NONE',  ( 17.87648679161435084, 7.983886600259779698, -24.55010891216820212 ) ) ;
#1932 = CARTESIAN_POINT ( 'NONE',  ( 15.54532545940297261, 9.448440834640383201, 73.96214928703224700 ) ) ;
#1933 = ORIENTED_EDGE ( 'NONE', *, *, #860, .T. ) ;
#1934 = CARTESIAN_POINT ( 'NONE',  ( -75.84668169085571776, 8.544942509650079288, 74.07364616382332656 ) ) ;
#1935 = ORIENTED_EDGE ( 'NONE', *, *, #1597, .T. ) ;
#1936 = CARTESIAN_POINT ( 'NONE',  ( 0.000000000000000000, -15.55155916535961858, -24.02265972350847534 ) ) ;
#1937 = AXIS2_PLACEMENT_3D ( 'NONE', #381, #2723, #5679 ) ;
#1938 = ADVANCED_FACE ( 'NONE', ( #7580 ), #7544, .F. ) ;
#1939 = CARTESIAN_POINT ( 'NONE',  ( -73.43269143580212699, 8.309928590305712959, 74.21094052522555273 ) ) ;
#1940 = ORIENTED_EDGE ( 'NONE', *, *, #5736, .T. ) ;
#1941 = CARTESIAN_POINT ( 'NONE',  ( -78.00516962949144784, -21.55755916535962768, -22.02311663802979425 ) ) ;
#1942 = DIRECTION ( 'NONE',  ( 0.000000000000000000, 1.000000000000000000, -0.000000000000000000 ) ) ;
#1943 = DIRECTION ( 'NONE',  ( 0.000000000000000000, 0.000000000000000000, 1.000000000000000000 ) ) ;
#1944 = ORIENTED_EDGE ( 'NONE', *, *, #278, .F. ) ;
#1945 = CARTESIAN_POINT ( 'NONE',  ( 18.95207411187578472, 9.448440834640383201, 67.29799572527180374 ) ) ;
#1946 = DIRECTION ( 'NONE',  ( -0.000000000000000000, -1.000000000000000000, -0.000000000000000000 ) ) ;
#1947 = ORIENTED_EDGE ( 'NONE', *, *, #1872, .F. ) ;
#1948 = CARTESIAN_POINT ( 'NONE',  ( 19.52589491712614489, -20.55155916535961680, -23.83129098447489014 ) ) ;
#1949 = CARTESIAN_POINT ( 'NONE',  ( 19.88922955986882712, 9.177180926313445397, -18.73009623731601891 ) ) ;
#1950 = CARTESIAN_POINT ( 'NONE',  ( 20.65283365118887460, 8.134931476370084624, 70.16655232001023990 ) ) ;
#1951 = DIRECTION ( 'NONE',  ( 0.000000000000000000, 1.000000000000000000, -0.000000000000000000 ) ) ;
#1952 = VERTEX_POINT ( 'NONE', #6999 ) ;
#1953 = CARTESIAN_POINT ( 'NONE',  ( -78.17237082785989344, 8.124720590884138005, -21.96391720599479669 ) ) ;
#1954 = CARTESIAN_POINT ( 'NONE',  ( -71.81701132256337416, 9.448440834640383201, 72.79933611043011865 ) ) ;
#1955 = CARTESIAN_POINT ( 'NONE',  ( -65.97768383176139650, 8.648440834640382491, 30.19006495185253058 ) ) ;
#1956 = DIRECTION ( 'NONE',  ( 0.000000000000000000, 0.000000000000000000, 1.000000000000000000 ) ) ;
#1957 = CARTESIAN_POINT ( 'NONE',  ( -77.50577655618630502, 9.044040304695041499, -18.48949987950074814 ) ) ;
#1958 = DIRECTION ( 'NONE',  ( 1.000000000000000000, 0.000000000000000000, 1.224646799147353207E-16 ) ) ;
#1959 = VERTEX_POINT ( 'NONE', #5125 ) ;
#1960 = DIRECTION ( 'NONE',  ( 0.000000000000000000, 0.000000000000000000, 1.000000000000000000 ) ) ;
#1961 = CARTESIAN_POINT ( 'NONE',  ( -78.69040850711752455, -15.55155916535961858, 71.80324654174016530 ) ) ;
#1962 = EDGE_CURVE ( 'NONE', #5012, #3641, #4622, .T. ) ;
#1963 = CARTESIAN_POINT ( 'NONE',  ( 14.41387656570018017, 9.795504604080871758, -23.21103042767949987 ) ) ;
#1964 = LINE ( 'NONE', #6079, #2852 ) ;
#1965 = FACE_OUTER_BOUND ( 'NONE', #7479, .T. ) ;
#1966 = EDGE_LOOP ( 'NONE', ( #5091, #5602, #3767, #1227 ) ) ;
#1967 = CARTESIAN_POINT ( 'NONE',  ( 19.63670613431176193, 8.520204089304536765, -23.75535702645222358 ) ) ;
#1968 = ORIENTED_EDGE ( 'NONE', *, *, #1011, .F. ) ;
#1969 = CIRCLE ( 'NONE', #6264, 3.000000000000002665 ) ;
#1970 = EDGE_CURVE ( 'NONE', #2134, #361, #2657, .T. ) ;
#1971 = DIRECTION ( 'NONE',  ( 1.000000000000000000, -0.000000000000000000, -0.000000000000000000 ) ) ;
#1972 = AXIS2_PLACEMENT_3D ( 'NONE', #1388, #815, #4886 ) ;
#1973 = DIRECTION ( 'NONE',  ( -0.000000000000000000, -1.000000000000000000, 0.000000000000000000 ) ) ;
#1974 = EDGE_CURVE ( 'NONE', #6544, #6822, #4735, .T. ) ;
#1975 = DIRECTION ( 'NONE',  ( 1.000000000000000000, 0.000000000000000000, 0.000000000000000000 ) ) ;
#1976 = ORIENTED_EDGE ( 'NONE', *, *, #6942, .T. ) ;
#1977 = CARTESIAN_POINT ( 'NONE',  ( 0.000000000000000000, -15.58646397823418539, 72.80309423689655546 ) ) ;
#1978 = CARTESIAN_POINT ( 'NONE',  ( 15.54532545940295840, 9.448440834640386754, -24.18201938333139012 ) ) ;
#1979 = VECTOR ( 'NONE', #2802, 1000.000000000000000 ) ;
#1980 = DIRECTION ( 'NONE',  ( 0.000000000000000000, 1.000000000000000000, -0.000000000000000000 ) ) ;
#1981 = EDGE_LOOP ( 'NONE', ( #1695, #1165, #3131, #5164 ) ) ;
#1982 = CARTESIAN_POINT ( 'NONE',  ( -66.27768383176041311, 7.448440834640384978, -20.33943504814757475 ) ) ;
#1983 = CARTESIAN_POINT ( 'NONE',  ( 18.13549775813113385, 7.483345647514950016, -24.62058396438442998 ) ) ;
#1984 = EDGE_CURVE ( 'NONE', #6749, #283, #6964, .T. ) ;
#1985 = AXIS2_PLACEMENT_3D ( 'NONE', #2016, #4366, #6955 ) ;
#1986 = CARTESIAN_POINT ( 'NONE',  ( -65.97768383176141072, 7.448440834640383201, 21.19006495185253058 ) ) ;
#1987 = ORIENTED_EDGE ( 'NONE', *, *, #3063, .F. ) ;
#1988 = CARTESIAN_POINT ( 'NONE',  ( 20.16804150191930844, -20.55155916535962035, -23.02601178849112884 ) ) ;
#1989 = CARTESIAN_POINT ( 'NONE',  ( 19.85553131268296667, 9.448440834640383201, -19.67251444057372822 ) ) ;
#1990 = CARTESIAN_POINT ( 'NONE',  ( 17.22231616824143430, 34.44844083464037965, 70.89006495185043377 ) ) ;
#1991 = DIRECTION ( 'NONE',  ( 0.7896809462202305507, -0.5849067274844155229, -0.1851705249768258177 ) ) ;
#1992 = FACE_OUTER_BOUND ( 'NONE', #2973, .T. ) ;
#1993 = EDGE_LOOP ( 'NONE', ( #4082, #6498, #4884, #3749 ) ) ;
#1994 = VECTOR ( 'NONE', #671, 1000.000000000000000 ) ;
#1995 = EDGE_CURVE ( 'NONE', #2989, #5402, #6319, .T. ) ;
#1996 = CARTESIAN_POINT ( 'NONE',  ( -78.02348779804270862, 8.332612655759051634, -22.57636437945121699 ) ) ;
#1997 = CARTESIAN_POINT ( 'NONE',  ( -74.57006520536526750, 7.673907331965840406, -24.60821730560905962 ) ) ;
#1998 = CIRCLE ( 'NONE', #3240, 8.500000000000007105 ) ;
#1999 = CARTESIAN_POINT ( 'NONE',  ( -64.87768383176140219, 8.648440834640384267, -16.30993504814755468 ) ) ;
#2000 = CARTESIAN_POINT ( 'NONE',  ( -78.69040850711752455, -20.55155916535962035, 0.000000000000000000 ) ) ;
#2001 = DIRECTION ( 'NONE',  ( -1.000000000000000000, 0.000000000000000000, -0.000000000000000000 ) ) ;
#2002 = ORIENTED_EDGE ( 'NONE', *, *, #1841, .T. ) ;
#2003 = CARTESIAN_POINT ( 'NONE',  ( 20.39707974001551349, -20.55155916535962035, 0.000000000000000000 ) ) ;
#2004 = VECTOR ( 'NONE', #4808, 1000.000000000000000 ) ;
#2005 = DIRECTION ( 'NONE',  ( 0.000000000000000000, 1.000000000000000000, -0.000000000000000000 ) ) ;
#2006 = CARTESIAN_POINT ( 'NONE',  ( 14.16513119435463075, 9.917325419396785691, -22.82910776502383499 ) ) ;
#2007 = VECTOR ( 'NONE', #4219, 1000.000000000000000 ) ;
#2008 = CARTESIAN_POINT ( 'NONE',  ( -76.28863735768069887, 7.448440834640383201, -16.34369759687748669 ) ) ;
#2009 = DIRECTION ( 'NONE',  ( 0.000000000000000000, -1.000000000000000000, 0.000000000000000000 ) ) ;
#2010 = ORIENTED_EDGE ( 'NONE', *, *, #7606, .F. ) ;
#2011 = CARTESIAN_POINT ( 'NONE',  ( 19.05809949077742971, 8.567371545802725308, -24.09424120105640910 ) ) ;
#2012 = ORIENTED_EDGE ( 'NONE', *, *, #6054, .T. ) ;
#2013 = DIRECTION ( 'NONE',  ( 0.000000000000000000, 1.000000000000000000, -0.000000000000000000 ) ) ;
#2014 = AXIS2_PLACEMENT_3D ( 'NONE', #1063, #2319, #1202 ) ;
#2015 = CARTESIAN_POINT ( 'NONE',  ( -65.97768383176139650, 8.648440834640384267, 28.59006495185253272 ) ) ;
#2016 = CARTESIAN_POINT ( 'NONE',  ( -78.69040850711752455, -15.55155916535961858, 0.000000000000000000 ) ) ;
#2017 = ORIENTED_EDGE ( 'NONE', *, *, #7557, .T. ) ;
#2018 = CARTESIAN_POINT ( 'NONE',  ( -78.67080641513429384, -15.55155916535961858, 72.19609994822174315 ) ) ;
#2019 = CARTESIAN_POINT ( 'NONE',  ( -77.75885167777050810, 7.483343475635615860, -23.60345176596224803 ) ) ;
#2020 = ORIENTED_EDGE ( 'NONE', *, *, #7570, .F. ) ;
#2021 = DIRECTION ( 'NONE',  ( -1.000000000000000000, 0.000000000000000000, 0.000000000000000000 ) ) ;
#2022 = CARTESIAN_POINT ( 'NONE',  ( 18.31405857714462471, 7.483345655143434527, -24.62058396424803064 ) ) ;
#2023 = EDGE_CURVE ( 'NONE', #4542, #2731, #3288, .T. ) ;
#2024 = EDGE_CURVE ( 'NONE', #491, #2058, #574, .T. ) ;
#2025 = ORIENTED_EDGE ( 'NONE', *, *, #5256, .T. ) ;
#2026 = DIRECTION ( 'NONE',  ( 0.000000000000000000, 0.000000000000000000, 1.000000000000000000 ) ) ;
#2027 = CARTESIAN_POINT ( 'NONE',  ( 19.01294017220090637, 9.448440834640381425, -17.73856898933458837 ) ) ;
#2028 = EDGE_CURVE ( 'NONE', #5050, #3564, #3480, .T. ) ;
#2029 = CARTESIAN_POINT ( 'NONE',  ( 20.71515296709300102, 7.758620921499048251, 71.12154143483626001 ) ) ;
#2030 = FACE_OUTER_BOUND ( 'NONE', #5557, .T. ) ;
#2031 = DIRECTION ( 'NONE',  ( -0.000000000000000000, 1.000000000000000000, -0.000000000000000000 ) ) ;
#2032 = CARTESIAN_POINT ( 'NONE',  ( 18.13549775812072795, -17.21822583254391503, -24.11000602234067358 ) ) ;
#2033 = B_SPLINE_CURVE_WITH_KNOTS ( 'NONE', 3,
 ( #2310, #1016, #436, #5120, #6995, #4092, #6420, #3513, #7463, #3983 ),
 .UNSPECIFIED., .F., .F.,
 ( 4, 2, 2, 2, 4 ),
 ( 0.000000000000000000, 0.2500000000000000000, 0.5000000000000000000, 0.7500000000000000000, 1.000000000000000000 ),
 .UNSPECIFIED. ) ;
#2034 = CARTESIAN_POINT ( 'NONE',  ( -78.15338332241105945, 8.318043598380212345, -22.04489160119568680 ) ) ;
#2035 = CARTESIAN_POINT ( 'NONE',  ( -78.09855940513604367, 8.309928590301081996, -19.76494265220251023 ) ) ;
#2036 = ADVANCED_FACE ( 'NONE', ( #4097 ), #6424, .T. ) ;
#2037 = EDGE_CURVE ( 'NONE', #2639, #5011, #1022, .T. ) ;
#2038 = CIRCLE ( 'NONE', #1675, 1.229499999999987603 ) ;
#2039 = CARTESIAN_POINT ( 'NONE',  ( -77.95244740353271595, -20.55155916535962035, 71.80324654172990506 ) ) ;
#2040 = CYLINDRICAL_SURFACE ( 'NONE', #2647, 1.599999999999990319 ) ;
#2041 = ORIENTED_EDGE ( 'NONE', *, *, #4096, .F. ) ;
#2042 = CARTESIAN_POINT ( 'NONE',  ( -74.93638946787547184, 7.657507362946075702, 74.39009764507395062 ) ) ;
#2043 = CIRCLE ( 'NONE', #3903, 0.8000000000000020428 ) ;
#2044 = CARTESIAN_POINT ( 'NONE',  ( 18.84473842155536971, 9.448440834640386754, 67.36545105945846501 ) ) ;
#2045 = CARTESIAN_POINT ( 'NONE',  ( 14.12612521085496198, 9.464668978626781026, -22.75717259673690762 ) ) ;
#2046 = CARTESIAN_POINT ( 'NONE',  ( 14.78696362429789524, 8.943802633947219860, -23.95739455668494600 ) ) ;
#2047 = CARTESIAN_POINT ( 'NONE',  ( 17.22231616824157641, 7.682209202646506085, 74.39006495185043377 ) ) ;
#2048 = ORIENTED_EDGE ( 'NONE', *, *, #5358, .T. ) ;
#2049 = CARTESIAN_POINT ( 'NONE',  ( 20.59801483325123073, 8.318046578274765679, -22.04489512224264303 ) ) ;
#2050 = ORIENTED_EDGE ( 'NONE', *, *, #4570, .F. ) ;
#2051 = ORIENTED_EDGE ( 'NONE', *, *, #1883, .T. ) ;
#2052 = LINE ( 'NONE', #6815, #304 ) ;
#2053 = CARTESIAN_POINT ( 'NONE',  ( -73.15494302654829539, 9.448440834640383201, -23.64198753663772479 ) ) ;
#2054 = FACE_OUTER_BOUND ( 'NONE', #2529, .T. ) ;
#2055 = ORIENTED_EDGE ( 'NONE', *, *, #2504, .T. ) ;
#2056 = CARTESIAN_POINT ( 'NONE',  ( -76.08692998474676017, -15.55155916535961502, 74.80278962720382196 ) ) ;
#2057 = CARTESIAN_POINT ( 'NONE',  ( -76.36316317388013886, 7.483343555370352895, -24.53751004043103023 ) ) ;
#2058 = VERTEX_POINT ( 'NONE', #163 ) ;
#2059 = FACE_OUTER_BOUND ( 'NONE', #1485, .T. ) ;
#2060 = DIRECTION ( 'NONE',  ( -9.080519965958008905E-14, -0.9998476951563911586, -0.01745240643728360880 ) ) ;
#2061 = DIRECTION ( 'NONE',  ( 0.000000000000000000, 0.000000000000000000, -1.000000000000000000 ) ) ;
#2062 = ORIENTED_EDGE ( 'NONE', *, *, #3204, .F. ) ;
#2063 = DIRECTION ( 'NONE',  ( 0.000000000000000000, 0.000000000000000000, 1.000000000000000000 ) ) ;
#2064 = EDGE_CURVE ( 'NONE', #653, #7567, #1815, .T. ) ;
#2065 = DIRECTION ( 'NONE',  ( 0.000000000000000000, -0.000000000000000000, -1.000000000000000000 ) ) ;
#2066 = CARTESIAN_POINT ( 'NONE',  ( 20.39707973122177265, -20.55155916535966298, 72.10248395185092818 ) ) ;
#2067 = CARTESIAN_POINT ( 'NONE',  ( -74.77768383175860833, -15.55155916535962213, -21.10993504814956268 ) ) ;
#2068 = DIRECTION ( 'NONE',  ( 1.000000000000000000, 0.000000000000000000, 1.224646799147353207E-16 ) ) ;
#2069 = ADVANCED_FACE ( 'NONE', ( #1315 ), #803, .F. ) ;
#2070 = CARTESIAN_POINT ( 'NONE',  ( -75.69086542164833986, -15.55155916535961858, 73.80278962720933578 ) ) ;
#2071 = CARTESIAN_POINT ( 'NONE',  ( -74.06135433000473256, 7.931597523177017273, -24.56543944914278299 ) ) ;
#2072 = ORIENTED_EDGE ( 'NONE', *, *, #1333, .T. ) ;
#2073 = EDGE_CURVE ( 'NONE', #7055, #7577, #2122, .T. ) ;
#2074 = DIRECTION ( 'NONE',  ( 0.000000000000000000, -1.000000000000000000, 0.000000000000000000 ) ) ;
#2075 = DIRECTION ( 'NONE',  ( 0.000000000000000000, 0.000000000000000000, 1.000000000000000000 ) ) ;
#2076 = CARTESIAN_POINT ( 'NONE',  ( 18.68870976410002172, 9.465962080430500691, -17.92680226301964197 ) ) ;
#2077 = ORIENTED_EDGE ( 'NONE', *, *, #4394, .T. ) ;
#2078 = CARTESIAN_POINT ( 'NONE',  ( -65.97768383176141072, 8.248440834640383912, 19.59006495185253627 ) ) ;
#2079 = EDGE_CURVE ( 'NONE', #111, #26, #2542, .T. ) ;
#2080 =( BOUNDED_SURFACE ( )  B_SPLINE_SURFACE ( 3, 2, ( 
 ( #3280, #3855, #5610 ),
 ( #349, #4879, #6721 ),
 ( #1382, #3815, #4459 ),
 ( #6141, #2610, #809 ),
 ( #927, #769, #889 ),
 ( #4961, #846, #3239 ),
 ( #3117, #3782, #7261 ),
 ( #3744, #229, #7303 ),
 ( #314, #3196, #6756 ),
 ( #1997, #6685, #1422 ),
 ( #5496, #2649, #4996 ),
 ( #1496, #2532, #3159 ),
 ( #4351, #6106, #6068 ),
 ( #2071, #4421, #6185 ),
 ( #5034, #2689, #7375 ),
 ( #2111, #1536, #5457 ),
 ( #188, #7219, #1104 ),
 ( #3461, #2261, #5791 ),
 ( #4566, #422, #2152 ),
 ( #2295, #2761, #6909 ),
 ( #6255, #4495, #6364 ),
 ( #535, #5220, #6943 ),
 ( #4635, #6227, #1609 ),
 ( #4601, #7411, #5681 ),
 ( #1001, #7486, #1038 ),
 ( #1688, #1575, #4004 ) ),
 .UNSPECIFIED., .F., .F., .F. ) 
 B_SPLINE_SURFACE_WITH_KNOTS ( ( 4, 2, 2, 2, 2, 2, 2, 2, 2, 2, 2, 2, 4 ),
 ( 3, 3 ),
 ( -7.024383245207710402E-15, 0.0004059079117337090941, 0.0008118158234744426256, 0.001014769779344809391, 0.001217723735215176049, 0.001420677691085542923, 0.001623631646955909580, 0.002435447470437376426, 0.003247263293918843489, 0.004059079117400310119, 0.004870894940881777616, 0.005682710764363245112, 0.006494526587844711742 ),
 ( 0.000000000000000000, 1.000000000000000000 ),
 .UNSPECIFIED. ) 
 GEOMETRIC_REPRESENTATION_ITEM ( )  RATIONAL_B_SPLINE_SURFACE ( (
 ( 1.000000000000000000, 0.9818831614230945082, 1.000000000000000000),
 ( 1.000000000000000000, 0.9858912546611175998, 1.000000000000000000),
 ( 1.000000000000000000, 0.9892182363076564844, 1.000000000000000000),
 ( 1.000000000000000000, 0.9944994644901887781, 1.000000000000000000),
 ( 1.000000000000000000, 0.9964607609858127102, 1.000000000000000000),
 ( 1.000000000000000000, 0.9982769252875267618, 1.000000000000000000),
 ( 1.000000000000000000, 0.9986913398381704887, 1.000000000000000000),
 ( 1.000000000000000000, 0.9989925556973746623, 1.000000000000000000),
 ( 1.000000000000000000, 0.9988545302738669474, 1.000000000000000000),
 ( 1.000000000000000000, 0.9981108309271837786, 1.000000000000000000),
 ( 1.000000000000000000, 0.9975139540682392836, 1.000000000000000000),
 ( 1.000000000000000000, 0.9959783744784486137, 1.000000000000000000),
 ( 1.000000000000000000, 0.9950335425802455669, 1.000000000000000000),
 ( 1.000000000000000000, 0.9894579634635023435, 1.000000000000000000),
 ( 1.000000000000000000, 0.9822323753943077440, 1.000000000000000000),
 ( 1.000000000000000000, 0.9626772435885585510, 1.000000000000000000),
 ( 1.000000000000000000, 0.9503521877041154475, 1.000000000000000000),
 ( 1.000000000000000000, 0.9207838801576155863, 1.000000000000000000),
 ( 1.000000000000000000, 0.9033680405109953959, 1.000000000000000000),
 ( 1.000000000000000000, 0.8650724882881872801, 1.000000000000000000),
 ( 1.000000000000000000, 0.8441272710124034795, 1.000000000000000000),
 ( 1.000000000000000000, 0.8003071236678027667, 1.000000000000000000),
 ( 1.000000000000000000, 0.7777745649699473462, 1.000000000000000000),
 ( 1.000000000000000000, 0.7366300689699050164, 1.000000000000000000),
 ( 1.000000000000000000, 0.7177916643020539889, 1.000000000000000000),
 ( 1.000000000000000000, 0.7052517021446803591, 1.000000000000000000) ) ) 
 REPRESENTATION_ITEM ( '' )  SURFACE ( )  );
#2081 = ADVANCED_FACE ( 'NONE', ( #897 ), #6835, .T. ) ;
#2082 = LINE ( 'NONE', #3752, #4188 ) ;
#2083 = FACE_BOUND ( 'NONE', #4839, .T. ) ;
#2084 = CARTESIAN_POINT ( 'NONE',  ( 14.19976895213326706, 9.448440834640383201, 72.93685542522635501 ) ) ;
#2085 = DIRECTION ( 'NONE',  ( 0.000000000000000000, 0.000000000000000000, -1.000000000000000000 ) ) ;
#2086 = VERTEX_POINT ( 'NONE', #6695 ) ;
#2087 = PLANE ( 'NONE',  #3246 ) ;
#2088 = ORIENTED_EDGE ( 'NONE', *, *, #380, .T. ) ;
#2089 = ORIENTED_EDGE ( 'NONE', *, *, #7300, .F. ) ;
#2090 = CARTESIAN_POINT ( 'NONE',  ( 8.122316168238594258, 8.648440834640384267, 9.890064951852531649 ) ) ;
#2091 = FACE_OUTER_BOUND ( 'NONE', #4261, .T. ) ;
#2092 = CARTESIAN_POINT ( 'NONE',  ( -74.89114691861576034, 7.699739676219810924, -24.60859427612646755 ) ) ;
#2093 = EDGE_LOOP ( 'NONE', ( #5035, #3320, #3256, #6283 ) ) ;
#2094 = CARTESIAN_POINT ( 'NONE',  ( -76.48051738272478417, -15.55155916535961858, 74.72322890477218493 ) ) ;
#2095 = CARTESIAN_POINT ( 'NONE',  ( -78.27069954797586604, 7.483343550852525894, -22.36663066339849948 ) ) ;
#2096 = ORIENTED_EDGE ( 'NONE', *, *, #5032, .T. ) ;
#2097 = CARTESIAN_POINT ( 'NONE',  ( 20.83145766433950996, -20.55155916535961680, -23.35277435123683532 ) ) ;
#2098 = CARTESIAN_POINT ( 'NONE',  ( 20.62988786092856230, 8.202985146749412593, 71.68909884299488056 ) ) ;
#2099 = VECTOR ( 'NONE', #2461, 1000.000000000000000 ) ;
#2100 = CARTESIAN_POINT ( 'NONE',  ( 19.50665698671553017, 9.332060789679671231, 67.96275204189029751 ) ) ;
#2101 = ORIENTED_EDGE ( 'NONE', *, *, #5640, .T. ) ;
#2102 = CARTESIAN_POINT ( 'NONE',  ( -76.47605271553057094, -15.55155916535961858, -24.94459651181466953 ) ) ;
#2103 = AXIS2_PLACEMENT_3D ( 'NONE', #5216, #643, #6439 ) ;
#2104 = CARTESIAN_POINT ( 'NONE',  ( 20.02071253873765500, 9.448440834640383201, -19.13385846258735157 ) ) ;
#2105 = DIRECTION ( 'NONE',  ( 0.000000000000000000, 0.000000000000000000, 1.000000000000000000 ) ) ;
#2106 = CARTESIAN_POINT ( 'NONE',  ( 19.44363032268734415, 8.776932067064590726, -23.82009536280762063 ) ) ;
#2107 = CARTESIAN_POINT ( 'NONE',  ( -71.07403435556574323, 9.448440834640383201, -22.62088857407165676 ) ) ;
#2108 = AXIS2_PLACEMENT_3D ( 'NONE', #793, #297, #2708 ) ;
#2109 = AXIS2_PLACEMENT_3D ( 'NONE', #5753, #7450, #4531 ) ;
#2110 = DIRECTION ( 'NONE',  ( 0.000000000000000000, -1.000000000000000000, 0.000000000000000000 ) ) ;
#2111 = CARTESIAN_POINT ( 'NONE',  ( -73.43269143581312619, 8.309928590299556106, -24.43081062152766947 ) ) ;
#2112 = ORIENTED_EDGE ( 'NONE', *, *, #5219, .F. ) ;
#2113 = CARTESIAN_POINT ( 'NONE',  ( -76.94827983876888311, 9.358908916493355434, -18.35247219586916501 ) ) ;
#2114 = AXIS2_PLACEMENT_3D ( 'NONE', #2330, #4229, #6562 ) ;
#2115 = CARTESIAN_POINT ( 'NONE',  ( 18.59527122694980505, 8.553226829878948223, 74.11334341986469099 ) ) ;
#2116 = ADVANCED_FACE ( 'NONE', ( #3249 ), #237, .T. ) ;
#2117 = DIRECTION ( 'NONE',  ( -0.000000000000000000, -1.000000000000000000, 0.000000000000000000 ) ) ;
#2118 = VERTEX_POINT ( 'NONE', #1546 ) ;
#2119 = CARTESIAN_POINT ( 'NONE',  ( -74.99413655745901508, 7.678540074747452593, 74.38788540038009955 ) ) ;
#2120 = ADVANCED_FACE ( 'NONE', ( #3904, #4968, #6115, #3128, #5467, #6654, #199, #2083, #3753, #857, #3205, #7311, #6732 ), #1466, .F. ) ;
#2121 = VECTOR ( 'NONE', #3087, 1000.000000000000000 ) ;
#2122 = LINE ( 'NONE', #2697, #2533 ) ;
#2123 = CARTESIAN_POINT ( 'NONE',  ( 18.13549775812944631, 8.052076284336097345, -24.52761987235954777 ) ) ;
#2124 = CARTESIAN_POINT ( 'NONE',  ( 20.17367187759034763, 8.544942532293379855, 72.81556482449131806 ) ) ;
#2125 = AXIS2_PLACEMENT_3D ( 'NONE', #1645, #1718, #7482 ) ;
#2126 = ORIENTED_EDGE ( 'NONE', *, *, #5325, .F. ) ;
#2127 = CARTESIAN_POINT ( 'NONE',  ( 20.13504084360030788, -15.55155916535961858, 0.000000000000000000 ) ) ;
#2128 = ORIENTED_EDGE ( 'NONE', *, *, #5815, .F. ) ;
#2129 = VERTEX_POINT ( 'NONE', #2659 ) ;
#2130 = B_SPLINE_CURVE_WITH_KNOTS ( 'NONE', 3,
 ( #6965, #4060, #5811, #5383, #1127, #3482, #555, #7106 ),
 .UNSPECIFIED., .F., .F.,
 ( 4, 2, 2, 4 ),
 ( 0.000000000000000000, 0.001312187113813972818, 0.001968280670720959011, 0.002624374227627945637 ),
 .UNSPECIFIED. ) ;
#2131 = CARTESIAN_POINT ( 'NONE',  ( 15.54532545940296018, 8.948440834640388530, -24.18201938333139367 ) ) ;
#2132 = DIRECTION ( 'NONE',  ( 0.000000000000000000, 0.000000000000000000, 1.000000000000000000 ) ) ;
#2133 = AXIS2_PLACEMENT_3D ( 'NONE', #1160, #1087, #7425 ) ;
#2134 = VERTEX_POINT ( 'NONE', #5006 ) ;
#2135 = CARTESIAN_POINT ( 'NONE',  ( -28.77768383176202605, 8.248440834640383912, 70.39006495185253698 ) ) ;
#2136 = CARTESIAN_POINT ( 'NONE',  ( -76.70291328562996114, 8.544942525639349640, -24.06134057584817754 ) ) ;
#2137 = EDGE_CURVE ( 'NONE', #3880, #2443, #4023, .T. ) ;
#2138 =( LENGTH_UNIT ( ) NAMED_UNIT ( * ) SI_UNIT ( .MILLI., .METRE. ) );
#2139 = EDGE_LOOP ( 'NONE', ( #2253, #6617, #5828, #1747 ) ) ;
#2140 = CARTESIAN_POINT ( 'NONE',  ( 20.65671760974893445, 8.011754687175081102, 70.04397863299520566 ) ) ;
#2141 = DIRECTION ( 'NONE',  ( 0.000000000000000000, 1.000000000000000000, -0.000000000000000000 ) ) ;
#2142 = VECTOR ( 'NONE', #4272, 1000.000000000000000 ) ;
#2143 = CARTESIAN_POINT ( 'NONE',  ( 20.09281933397078390, 9.072981248605694660, 68.84379709098082856 ) ) ;
#2144 = ORIENTED_EDGE ( 'NONE', *, *, #1507, .T. ) ;
#2145 =( LENGTH_UNIT ( ) NAMED_UNIT ( * ) SI_UNIT ( .MILLI., .METRE. ) );
#2146 = CARTESIAN_POINT ( 'NONE',  ( -77.13091352396079969, 8.788141924600532562, 73.48653573837340502 ) ) ;
#2147 = B_SPLINE_CURVE_WITH_KNOTS ( 'NONE', 3,
 ( #6720, #1381, #4349, #5495, #3195, #228, #6140, #888, #5573, #313, #2648, #2070 ),
 .UNSPECIFIED., .F., .F.,
 ( 4, 2, 2, 2, 2, 4 ),
 ( 0.000000000000000000, 0.2500000000000000000, 0.3750000000000000000, 0.5000000000000000000, 0.7500000000000000000, 1.000000000000000000 ),
 .UNSPECIFIED. ) ;
#2148 = CARTESIAN_POINT ( 'NONE',  ( 0.000000000000000000, 7.483345647514950016, -24.62058396438443708 ) ) ;
#2149 = PLANE ( 'NONE',  #3481 ) ;
#2150 = CARTESIAN_POINT ( 'NONE',  ( -64.87768383176140219, 8.248440834640383912, 9.890064951852535202 ) ) ;
#2151 = CARTESIAN_POINT ( 'NONE',  ( -28.77768383176221079, 8.248440834640383912, 39.89006495185252987 ) ) ;
#2152 = CARTESIAN_POINT ( 'NONE',  ( -72.89895152697070557, 9.116219144995996615, -24.06997368995669362 ) ) ;
#2153 = EDGE_LOOP ( 'NONE', ( #2834, #674, #3707, #4743 ) ) ;
#2154 = CARTESIAN_POINT ( 'NONE',  ( 17.34469075437352359, 7.646448962290271822, 74.39120782000708232 ) ) ;
#2155 = CARTESIAN_POINT ( 'NONE',  ( 19.81329580703398463, 8.642863729249809168, 73.24879325259085761 ) ) ;
#2156 = CARTESIAN_POINT ( 'NONE',  ( -67.57768383176141924, 8.248440834640383912, 1.042031951956399146E-13 ) ) ;
#2157 = ORIENTED_EDGE ( 'NONE', *, *, #4563, .T. ) ;
#2158 = CARTESIAN_POINT ( 'NONE',  ( -73.15496475738090965, 9.448440834640383201, 73.42212930283317007 ) ) ;
#2159 = CARTESIAN_POINT ( 'NONE',  ( 17.33577925509447581, 7.699739676218142925, -24.60859427612660966 ) ) ;
#2160 = EDGE_CURVE ( 'NONE', #4671, #3468, #699, .T. ) ;
#2161 = CARTESIAN_POINT ( 'NONE',  ( -76.33900536815772853, 14.44844083464174211, 74.21469884157610863 ) ) ;
#2162 = CARTESIAN_POINT ( 'NONE',  ( 18.72328587241857889, 8.544941393900787219, 74.00098660868749789 ) ) ;
#2163 = CARTESIAN_POINT ( 'NONE',  ( 18.40507494434793045, 8.214674948181555081, -24.45893450089118915 ) ) ;
#2164 = ORIENTED_EDGE ( 'NONE', *, *, #5964, .T. ) ;
#2165 = STYLED_ITEM ( 'NONE', ( #1486 ), #1539 ) ;
#2166 = CARTESIAN_POINT ( 'NONE',  ( 13.65941467044981295, 9.444146226812348388, -22.79271238911384501 ) ) ;
#2167 = EDGE_CURVE ( 'NONE', #4460, #1285, #6460, .T. ) ;
#2168 = CARTESIAN_POINT ( 'NONE',  ( -78.21543467922963089, 7.988692805775344574, 71.69627922647245555 ) ) ;
#2169 = EDGE_LOOP ( 'NONE', ( #2365, #2975, #2916, #1520 ) ) ;
#2170 = CARTESIAN_POINT ( 'NONE',  ( -74.02633894197808218, 8.162175377370131102, 74.31132652657996118 ) ) ;
#2171 = AXIS2_PLACEMENT_3D ( 'NONE', #6195, #936, #3289 ) ;
#2172 = CARTESIAN_POINT ( 'NONE',  ( -76.99608143479146349, 7.483343474935424844, -24.27493276729086702 ) ) ;
#2173 = DIRECTION ( 'NONE',  ( 0.000000000000000000, 0.000000000000000000, 1.000000000000000000 ) ) ;
#2174 = APPLICATION_PROTOCOL_DEFINITION ( 'draft international standard', 'automotive_design', 1998, #3042 ) ;
#2175 = EDGE_LOOP ( 'NONE', ( #1857, #6055, #4120, #3607 ) ) ;
#2176 = CARTESIAN_POINT ( 'NONE',  ( 21.11543875161757100, -15.55155916535961858, -22.41597004452095021 ) ) ;
#2177 = CARTESIAN_POINT ( 'NONE',  ( 20.71893730917474130, 7.721933119509741594, 71.05270444225844528 ) ) ;
#2178 = ADVANCED_FACE ( 'NONE', ( #6234 ), #432, .T. ) ;
#2179 = EDGE_CURVE ( 'NONE', #2413, #4159, #5865, .T. ) ;
#2180 = EDGE_CURVE ( 'NONE', #2301, #3039, #648, .T. ) ;
#2181 = CARTESIAN_POINT ( 'NONE',  ( -78.19536865596688813, 8.052076284341492141, 71.80324654173669785 ) ) ;
#2182 = VERTEX_POINT ( 'NONE', #7538 ) ;
#2183 = DIRECTION ( 'NONE',  ( 0.000000000000000000, 0.000000000000000000, 1.000000000000000000 ) ) ;
#2184 = CARTESIAN_POINT ( 'NONE',  ( -78.27052063060926912, 7.758620921507469959, -21.34141153114851619 ) ) ;
#2185 = CARTESIAN_POINT ( 'NONE',  ( -78.15446606897796755, 8.314134953983993270, -22.04027410425072020 ) ) ;
#2186 = DIRECTION ( 'NONE',  ( 0.000000000000000000, 0.000000000000000000, 1.000000000000000000 ) ) ;
#2187 = CARTESIAN_POINT ( 'NONE',  ( -76.28863735768069887, 7.448440834640383201, 0.000000000000000000 ) ) ;
#2188 = CARTESIAN_POINT ( 'NONE',  ( 17.22231616824142364, -20.55355916535961569, -21.10993504814957689 ) ) ;
#2189 = ORIENTED_EDGE ( 'NONE', *, *, #1601, .T. ) ;
#2190 = CARTESIAN_POINT ( 'NONE',  ( -75.69086542164833986, -20.55155916535962035, -25.02265972350847889 ) ) ;
#2191 = CARTESIAN_POINT ( 'NONE',  ( 20.16967743108402900, 8.476919711629646415, 72.91638320838337961 ) ) ;
#2192 = CARTESIAN_POINT ( 'NONE',  ( -76.83059465020902223, -20.55155916535766636, 73.77887197334720781 ) ) ;
#2193 = ORIENTED_EDGE ( 'NONE', *, *, #2212, .T. ) ;
#2194 = AXIS2_PLACEMENT_3D ( 'NONE', #6513, #2326, #6476 ) ;
#2195 = LINE ( 'NONE', #2235, #1979 ) ;
#2196 = CARTESIAN_POINT ( 'NONE',  ( 8.722316168239592216, -20.55655916577720532, 10.64006495185241441 ) ) ;
#2197 = CARTESIAN_POINT ( 'NONE',  ( -76.49958383288843322, 9.448440834640383201, 67.55159480542249639 ) ) ;
#2198 = DIRECTION ( 'NONE',  ( 0.000000000000000000, 0.000000000000000000, -1.000000000000000000 ) ) ;
#2199 = DIRECTION ( 'NONE',  ( -1.000000000000000000, 0.000000000000000000, 0.000000000000000000 ) ) ;
#2200 = ORIENTED_EDGE ( 'NONE', *, *, #1054, .F. ) ;
#2201 = EDGE_CURVE ( 'NONE', #3453, #7234, #4538, .T. ) ;
#2202 = CARTESIAN_POINT ( 'NONE',  ( -78.26782898284776024, 7.740352189250792492, 71.25737276966269462 ) ) ;
#2203 = ORIENTED_EDGE ( 'NONE', *, *, #3119, .T. ) ;
#2204 = DIRECTION ( 'NONE',  ( -0.000000000000000000, -1.000000000000000000, 0.000000000000000000 ) ) ;
#2205 = DIRECTION ( 'NONE',  ( 0.000000000000000000, 0.000000000000000000, 1.000000000000000000 ) ) ;
#2206 = CARTESIAN_POINT ( 'NONE',  ( -77.41089897620017268, 9.448440834640395636, -19.67251444057374954 ) ) ;
#2207 = VERTEX_POINT ( 'NONE', #6877 ) ;
#2208 = CARTESIAN_POINT ( 'NONE',  ( 18.92514971920752842, -15.55155916535960792, -24.94309900107129252 ) ) ;
#2209 = B_SPLINE_CURVE_WITH_KNOTS ( 'NONE', 3,
 ( #1265, #113, #7026, #5269, #1770, #152, #4842, #1920, #3666, #2497, #3627, #5912, #1807, #74, #4123, #6452 ),
 .UNSPECIFIED., .F., .F.,
 ( 4, 2, 2, 2, 2, 2, 2, 4 ),
 ( 0.000000000000000000, 0.1249999999999998335, 0.2499999999999996669, 0.3749999999999995004, 0.4999999999999993339, 0.6249999999999991118, 0.7499999999999990008, 1.000000000000000000 ),
 .UNSPECIFIED. ) ;
#2210 = ADVANCED_FACE ( 'NONE', ( #1622 ), #6122, .T. ) ;
#2211 = CARTESIAN_POINT ( 'NONE',  ( 20.69513681161469165, 7.845915417220947319, 71.33855554445706559 ) ) ;
#2212 = EDGE_CURVE ( 'NONE', #5939, #4326, #1906, .T. ) ;
#2213 = CARTESIAN_POINT ( 'NONE',  ( 18.52825133328941121, -15.55155916535961858, -25.02265972350438261 ) ) ;
#2214 = CARTESIAN_POINT ( 'NONE',  ( -78.18525552444096149, 8.202985146766767599, 71.68909884301525892 ) ) ;
#2215 = ORIENTED_EDGE ( 'NONE', *, *, #4301, .T. ) ;
#2216 = DIRECTION ( 'NONE',  ( 0.000000000000000000, 0.000000000000000000, -1.000000000000000000 ) ) ;
#2217 = DIRECTION ( 'NONE',  ( 0.000000000000000000, 1.000000000000000000, -0.000000000000000000 ) ) ;
#2218 = CARTESIAN_POINT ( 'NONE',  ( -66.47768383176139650, 9.448440834640383201, -17.10993504814755184 ) ) ;
#2219 = CARTESIAN_POINT ( 'NONE',  ( -77.84976816694043578, 9.448440834640383201, -19.43294433931111698 ) ) ;
#2220 = ADVANCED_FACE ( 'NONE', ( #1965 ), #931, .T. ) ;
#2221 = CIRCLE ( 'NONE', #5052, 5.000000000000004441 ) ;
#2222 = DIRECTION ( 'NONE',  ( 0.000000000000000000, 0.000000000000000000, 1.000000000000000000 ) ) ;
#2223 = B_SPLINE_CURVE_WITH_KNOTS ( 'NONE', 3,
 ( #4417, #925, #3924, #5571, #6753, #2758, #310, #1491, #2106, #2643, #3891, #7371, #4527, #6864, #4993, #378 ),
 .UNSPECIFIED., .F., .F.,
 ( 4, 2, 2, 2, 2, 2, 2, 4 ),
 ( 6.009258394948636156E-18, 0.0005134118674217710973, 0.001026823734843536340, 0.002053647469687071379, 0.002567059337108834778, 0.003080471204530599045, 0.003593883071952362444, 0.004107294939374126277 ),
 .UNSPECIFIED. ) ;
#2224 = CIRCLE ( 'NONE', #1972, 8.500000000000000000 ) ;
#2225 = CARTESIAN_POINT ( 'NONE',  ( -76.69010385102970417, -15.55155916535961858, 0.000000000000000000 ) ) ;
#2226 = ORIENTED_EDGE ( 'NONE', *, *, #5864, .F. ) ;
#2227 = DIRECTION ( 'NONE',  ( 0.000000000000000000, 0.000000000000000000, 1.000000000000000000 ) ) ;
#2228 = LINE ( 'NONE', #1148, #1864 ) ;
#2229 = CARTESIAN_POINT ( 'NONE',  ( -65.67768383176139935, 9.448440834640383201, -16.30993504814755468 ) ) ;
#2230 = CIRCLE ( 'NONE', #757, 0.7999999999999951594 ) ;
#2231 = ADVANCED_FACE ( 'NONE', ( #5469 ), #6697, .T. ) ;
#2232 = LINE ( 'NONE', #7566, #3397 ) ;
#2233 = CIRCLE ( 'NONE', #6397, 2.000000000000001776 ) ;
#2234 = ORIENTED_EDGE ( 'NONE', *, *, #1142, .T. ) ;
#2235 = CARTESIAN_POINT ( 'NONE',  ( 17.22231616824143430, 9.448440834640395636, 73.89006495185043377 ) ) ;
#2236 = AXIS2_PLACEMENT_3D ( 'NONE', #6023, #649, #2452 ) ;
#2237 = CARTESIAN_POINT ( 'NONE',  ( -74.63251671177593494, 7.713194272299333853, -24.60740171705609924 ) ) ;
#2238 = DIRECTION ( 'NONE',  ( -1.000000000000000000, 0.000000000000000000, 0.000000000000000000 ) ) ;
#2239 = CARTESIAN_POINT ( 'NONE',  ( -77.65731235585342063, 9.065014779628558728, 68.86416337037287860 ) ) ;
#2240 = CARTESIAN_POINT ( 'NONE',  ( 20.19544833302227715, 8.061416752533240526, 73.37744641389888045 ) ) ;
#2241 = CARTESIAN_POINT ( 'NONE',  ( -66.27768383176041311, -20.55655916577720532, -19.10993504814758737 ) ) ;
#2242 = ORIENTED_EDGE ( 'NONE', *, *, #4022, .T. ) ;
#2243 = AXIS2_PLACEMENT_3D ( 'NONE', #2308, #7107, #7607 ) ;
#2244 = CARTESIAN_POINT ( 'NONE',  ( -78.27816073539460717, 7.676539963639445574, 70.87977546269550544 ) ) ;
#2245 = DIRECTION ( 'NONE',  ( 0.000000000000000000, 0.000000000000000000, 1.000000000000000000 ) ) ;
#2246 = VECTOR ( 'NONE', #1756, 1000.000000000000000 ) ;
#2247 = CARTESIAN_POINT ( 'NONE',  ( 18.13549775813114096, -20.55155916535962035, -25.02265972350847889 ) ) ;
#2248 = DIRECTION ( 'NONE',  ( 0.000000000000000000, 0.000000000000000000, -1.000000000000000000 ) ) ;
#2249 = VERTEX_POINT ( 'NONE', #5008 ) ;
#2250 = DIRECTION ( 'NONE',  ( 0.000000000000000000, -1.000000000000000000, 0.000000000000000000 ) ) ;
#2251 = CARTESIAN_POINT ( 'NONE',  ( 20.11542429892928396, 14.44844083464038853, -23.54473974832588823 ) ) ;
#2252 = CARTESIAN_POINT ( 'NONE',  ( -78.13902055623128717, 8.227715252732540563, 71.87638002300056428 ) ) ;
#2253 = ORIENTED_EDGE ( 'NONE', *, *, #4712, .T. ) ;
#2254 = DIRECTION ( 'NONE',  ( 0.000000000000000000, 0.000000000000000000, 1.000000000000000000 ) ) ;
#2255 = AXIS2_PLACEMENT_3D ( 'NONE', #518, #2750, #6930 ) ;
#2256 = CARTESIAN_POINT ( 'NONE',  ( -54.77768383176140077, 7.448440834640384978, 21.19006495185253058 ) ) ;
#2257 = EDGE_CURVE ( 'NONE', #3499, #5402, #2776, .T. ) ;
#2258 = CYLINDRICAL_SURFACE ( 'NONE', #2125, 1.250000000000001110 ) ;
#2259 = DIRECTION ( 'NONE',  ( -1.816428951695313093E-11, 0.000000000000000000, 1.000000000000000000 ) ) ;
#2260 = FACE_OUTER_BOUND ( 'NONE', #536, .T. ) ;
#2261 = CARTESIAN_POINT ( 'NONE',  ( -72.96873945625512192, 8.795987546008205982, -24.11564069301881119 ) ) ;
#2262 = ORIENTED_EDGE ( 'NONE', *, *, #3099, .F. ) ;
#2263 = CYLINDRICAL_SURFACE ( 'NONE', #7060, 8.500000000000000000 ) ;
#2264 = CARTESIAN_POINT ( 'NONE',  ( -75.69086542164833986, -15.55155916535961858, -25.02265972350847889 ) ) ;
#2265 = DIRECTION ( 'NONE',  ( 0.000000000000000000, 1.000000000000000000, -0.000000000000000000 ) ) ;
#2266 = FACE_OUTER_BOUND ( 'NONE', #2473, .T. ) ;
#2267 = ORIENTED_EDGE ( 'NONE', *, *, #4605, .T. ) ;
#2268 = VERTEX_POINT ( 'NONE', #2047 ) ;
#2269 = CARTESIAN_POINT ( 'NONE',  ( -78.69040850711752455, -15.55155916535961858, -22.02311663803931197 ) ) ;
#2270 = EDGE_CURVE ( 'NONE', #411, #719, #3868, .T. ) ;
#2271 = CARTESIAN_POINT ( 'NONE',  ( -77.01229178222696703, -15.55155916535960969, -23.52953758358374614 ) ) ;
#2272 = CARTESIAN_POINT ( 'NONE',  ( -77.02052313484576018, -20.55155916535962390, -24.71907654424767031 ) ) ;
#2273 = CARTESIAN_POINT ( 'NONE',  ( -76.93785913551697320, 14.44844083463901896, 73.96666761477038676 ) ) ;
#2274 = CARTESIAN_POINT ( 'NONE',  ( 20.64096284175585083, 8.061416807606354595, 72.46939118638057664 ) ) ;
#2275 = CARTESIAN_POINT ( 'NONE',  ( 18.20862742998509987, 8.227712288476693558, -24.47127273281574134 ) ) ;
#2276 = ORIENTED_EDGE ( 'NONE', *, *, #1736, .T. ) ;
#2277 = AXIS2_PLACEMENT_3D ( 'NONE', #6718, #3236, #1453 ) ;
#2278 = CARTESIAN_POINT ( 'NONE',  ( -78.21785769577343217, 7.983886600269014089, 71.54423557523638522 ) ) ;
#2279 = DIRECTION ( 'NONE',  ( -0.000000000000000000, 1.000000000000000000, -0.000000000000000000 ) ) ;
#2280 = CARTESIAN_POINT ( 'NONE',  ( -65.97768383176141072, 8.248440834640383912, 20.39006495185253343 ) ) ;
#2281 = CARTESIAN_POINT ( 'NONE',  ( -28.77768383176221079, 7.448440834640383201, 49.19006495185253414 ) ) ;
#2282 = AXIS2_PLACEMENT_3D ( 'NONE', #5855, #2363, #2254 ) ;
#2283 = VERTEX_POINT ( 'NONE', #4398 ) ;
#2284 = CARTESIAN_POINT ( 'NONE',  ( 19.85300242541984872, 7.483345654445042960, 73.75928372037817837 ) ) ;
#2285 = DIRECTION ( 'NONE',  ( 0.000000000000000000, 1.000000000000000000, -0.000000000000000000 ) ) ;
#2286 = CIRCLE ( 'NONE', #75, 0.7999999999999986011 ) ;
#2287 = CARTESIAN_POINT ( 'NONE',  ( -75.69086542162865783, 8.052076284322074784, 74.30774977606485265 ) ) ;
#2288 = ORIENTED_EDGE ( 'NONE', *, *, #6786, .T. ) ;
#2289 = DIRECTION ( 'NONE',  ( 1.000000000000000000, 0.000000000000000000, 0.000000000000000000 ) ) ;
#2290 = DIRECTION ( 'NONE',  ( -1.000000000000000000, 0.000000000000000000, 0.000000000000000000 ) ) ;
#2291 = CARTESIAN_POINT ( 'NONE',  ( 18.13549775813112674, -20.55155916535962035, 74.80278962720933578 ) ) ;
#2292 = DIRECTION ( 'NONE',  ( 1.000000000000000000, 0.000000000000000000, 0.000000000000000000 ) ) ;
#2293 = DIRECTION ( 'NONE',  ( -0.000000000000000000, -1.000000000000000000, 0.000000000000000000 ) ) ;
#2294 = EDGE_CURVE ( 'NONE', #4288, #5393, #4432, .T. ) ;
#2295 = CARTESIAN_POINT ( 'NONE',  ( -72.25274717587087991, 8.992513638545194254, -23.90099399121433876 ) ) ;
#2296 = ORIENTED_EDGE ( 'NONE', *, *, #6816, .F. ) ;
#2297 = CARTESIAN_POINT ( 'NONE',  ( -78.69040850711752455, -18.88489249869295250, 71.80324654174016530 ) ) ;
#2298 = CARTESIAN_POINT ( 'NONE',  ( 17.21202667910725737, 7.676539963638725261, 74.39054185548650366 ) ) ;
#2299 = DIRECTION ( 'NONE',  ( 0.000000000000000000, 1.000000000000000000, -0.000000000000000000 ) ) ;
#2300 = DIRECTION ( 'NONE',  ( -1.284980352575409001E-16, 0.000000000000000000, -1.000000000000000000 ) ) ;
#2301 = VERTEX_POINT ( 'NONE', #938 ) ;
#2302 = EDGE_LOOP ( 'NONE', ( #3153, #5285, #2157, #7318 ) ) ;
#2303 = CARTESIAN_POINT ( 'NONE',  ( -55.57768383176139793, 8.648440834640384267, 29.39006495185252987 ) ) ;
#2304 = EDGE_CURVE ( 'NONE', #689, #1009, #5583, .T. ) ;
#2305 = CARTESIAN_POINT ( 'NONE',  ( -28.77768383176221079, -20.55655916577720532, 48.39006495185252987 ) ) ;
#2306 = CARTESIAN_POINT ( 'NONE',  ( -76.90930243550278078, -15.55155916536006977, -23.61377443535069531 ) ) ;
#2307 = CARTESIAN_POINT ( 'NONE',  ( 18.52825133328941121, -15.55155916535961858, -25.02265972350438261 ) ) ;
#2308 = CARTESIAN_POINT ( 'NONE',  ( -16.26673030583651069, 8.648440834640384267, 24.89006495185057233 ) ) ;
#2309 = CARTESIAN_POINT ( 'NONE',  ( 19.60460122777970327, 9.256231991947968751, -18.06023261916958944 ) ) ;
#2310 = CARTESIAN_POINT ( 'NONE',  ( -78.69040850711752455, -15.55155916535961858, 71.80324654174016530 ) ) ;
#2311 = ORIENTED_EDGE ( 'NONE', *, *, #1872, .T. ) ;
#2312 = EDGE_CURVE ( 'NONE', #2979, #6458, #3509, .T. ) ;
#2313 = EDGE_CURVE ( 'NONE', #4575, #3762, #6690, .T. ) ;
#2314 = CARTESIAN_POINT ( 'NONE',  ( -71.07403435556572902, 9.448440834640386754, -22.62088857407159992 ) ) ;
#2315 = CARTESIAN_POINT ( 'NONE',  ( -74.77768383175880729, 7.682209202646174795, 74.39006495185046219 ) ) ;
#2316 = DIRECTION ( 'NONE',  ( 0.000000000000000000, 0.000000000000000000, 1.000000000000000000 ) ) ;
#2317 = ORIENTED_EDGE ( 'NONE', *, *, #7484, .T. ) ;
#2318 = DIRECTION ( 'NONE',  ( 0.7896809462409577485, -0.5849067274629548008, 0.1851705249562203004 ) ) ;
#2319 = DIRECTION ( 'NONE',  ( 0.000000000000000000, -1.000000000000000000, 0.000000000000000000 ) ) ;
#2320 =( BOUNDED_SURFACE ( )  B_SPLINE_SURFACE ( 3, 2, ( 
 ( #2459, #4124, #1344 ),
 ( #3077, #5874, #733 ),
 ( #2498, #1306, #614 ),
 ( #4843, #4162, #2381 ),
 ( #7220, #2957, #7104 ),
 ( #4803, #7182, #1808 ),
 ( #1922, #3668, #4198 ),
 ( #3584, #4275, #657 ),
 ( #6605, #1223, #3702 ),
 ( #5914, #3000, #5343 ),
 ( #76, #2423, #4763 ),
 ( #1842, #1498, #6802 ),
 ( #5534, #7377, #3896 ),
 ( #969, #271, #3317 ),
 ( #5646, #5076, #6070 ),
 ( #1384, #3197, #2035 ),
 ( #6107, #890, #847 ),
 ( #1538, #5576, #810 ),
 ( #6142, #5497, #2691 ),
 ( #2727, #3816, #4389 ),
 ( #2612, #5612, #4917 ),
 ( #230, #2113, #6188 ),
 ( #6229, #3241, #3784 ),
 ( #3858, #4962, #7304 ),
 ( #386, #1423, #2651 ),
 ( #3160, #6723, #3282 ) ),
 .UNSPECIFIED., .F., .F., .F. ) 
 B_SPLINE_SURFACE_WITH_KNOTS ( ( 4, 2, 2, 2, 2, 2, 2, 2, 2, 2, 2, 2, 4 ),
 ( 3, 3 ),
 ( -5.811540484956800867E-15, 0.0004059079117347491150, 0.0008118158234753097705, 0.001014769779345590017, 0.001217723735215870372, 0.001420677691086150727, 0.001623631646956431081, 0.002435447470437552067, 0.003247263293918673487, 0.004059079117399794906, 0.004870894940880915458, 0.005682710764362036877, 0.006494526587843158297 ),
 ( 0.000000000000000000, 1.000000000000000000 ),
 .UNSPECIFIED. ) 
 GEOMETRIC_REPRESENTATION_ITEM ( )  RATIONAL_B_SPLINE_SURFACE ( (
 ( 1.000000000000000000, 0.9818831614231355864, 1.000000000000000000),
 ( 1.000000000000000000, 0.9858912546611754424, 1.000000000000000000),
 ( 1.000000000000000000, 0.9892182363077647311, 1.000000000000000000),
 ( 1.000000000000000000, 0.9944994644901749004, 1.000000000000000000),
 ( 1.000000000000000000, 0.9964607609858560089, 1.000000000000000000),
 ( 1.000000000000000000, 0.9982769252875356436, 1.000000000000000000),
 ( 1.000000000000000000, 0.9986913398381831453, 1.000000000000000000),
 ( 1.000000000000000000, 0.9989925556973719978, 1.000000000000000000),
 ( 1.000000000000000000, 0.9988545302738551790, 1.000000000000000000),
 ( 1.000000000000000000, 0.9981108309271722323, 1.000000000000000000),
 ( 1.000000000000000000, 0.9975139540682160799, 1.000000000000000000),
 ( 1.000000000000000000, 0.9959783744784262982, 1.000000000000000000),
 ( 1.000000000000000000, 0.9950335425802289135, 1.000000000000000000),
 ( 1.000000000000000000, 0.9894579634634136367, 1.000000000000000000),
 ( 1.000000000000000000, 0.9822323753942011626, 1.000000000000000000),
 ( 1.000000000000000000, 0.9626772435885494472, 1.000000000000000000),
 ( 1.000000000000000000, 0.9503521877039710075, 1.000000000000000000),
 ( 1.000000000000000000, 0.9207838801576319065, 1.000000000000000000),
 ( 1.000000000000000000, 0.9033680405114191680, 1.000000000000000000),
 ( 1.000000000000000000, 0.8650724882876487110, 1.000000000000000000),
 ( 1.000000000000000000, 0.8441272710122861289, 1.000000000000000000),
 ( 1.000000000000000000, 0.8003071236678535039, 1.000000000000000000),
 ( 1.000000000000000000, 0.7777745649698868391, 1.000000000000000000),
 ( 1.000000000000000000, 0.7366300689699512017, 1.000000000000000000),
 ( 1.000000000000000000, 0.7177916643020290088, 1.000000000000000000),
 ( 1.000000000000000000, 0.7052517021446919054, 1.000000000000000000) ) ) 
 REPRESENTATION_ITEM ( '' )  SURFACE ( )  );
#2321 = CARTESIAN_POINT ( 'NONE',  ( -74.76667160673129331, 7.653685632215637469, 74.39060968063586188 ) ) ;
#2322 = ORIENTED_EDGE ( 'NONE', *, *, #1507, .F. ) ;
#2323 = FACE_OUTER_BOUND ( 'NONE', #1823, .T. ) ;
#2324 = CARTESIAN_POINT ( 'NONE',  ( 7.322316168238593548, 9.448440834640383201, 10.69006495185253236 ) ) ;
#2325 = CARTESIAN_POINT ( 'NONE',  ( 20.83093724161900084, -20.55155916535961680, 73.13376372807056214 ) ) ;
#2326 = DIRECTION ( 'NONE',  ( 0.000000000000000000, 1.000000000000000000, -0.000000000000000000 ) ) ;
#2327 = CARTESIAN_POINT ( 'NONE',  ( -76.52802660248848099, 7.483345650366464596, 74.26802014746652958 ) ) ;
#2328 = VERTEX_POINT ( 'NONE', #7273 ) ;
#2329 = DIRECTION ( 'NONE',  ( 1.000000000000000000, 0.000000000000000000, 0.000000000000000000 ) ) ;
#2330 = CARTESIAN_POINT ( 'NONE',  ( -74.77768383175860833, 9.448440834640395636, -21.10993504814956268 ) ) ;
#2331 = DIRECTION ( 'NONE',  ( 0.000000000000000000, -1.000000000000000000, 0.000000000000000000 ) ) ;
#2332 = CARTESIAN_POINT ( 'NONE',  ( 19.15430941537441356, 9.412597152529414757, -17.65694865922863244 ) ) ;
#2333 = ORIENTED_EDGE ( 'NONE', *, *, #6430, .T. ) ;
#2334 = ORIENTED_EDGE ( 'NONE', *, *, #6962, .T. ) ;
#2335 = AXIS2_PLACEMENT_3D ( 'NONE', #7597, #2331, #4675 ) ;
#2336 = CIRCLE ( 'NONE', #3214, 2.000000000000000000 ) ;
#2337 = CARTESIAN_POINT ( 'NONE',  ( -72.73150152155851345, 9.072952396249871043, -23.98048491431493545 ) ) ;
#2338 = CARTESIAN_POINT ( 'NONE',  ( -78.15563902737382307, 7.483345650366450386, -22.86027781887973731 ) ) ;
#2339 = DIRECTION ( 'NONE',  ( 0.000000000000000000, 1.000000000000000000, -0.000000000000000000 ) ) ;
#2340 = AXIS2_PLACEMENT_3D ( 'NONE', #3652, #752, #5365 ) ;
#2341 = EDGE_CURVE ( 'NONE', #5003, #636, #559, .T. ) ;
#2342 = CARTESIAN_POINT ( 'NONE',  ( -78.29293777302098079, -15.55155916535961147, -23.52796763580826678 ) ) ;
#2343 = CIRCLE ( 'NONE', #1859, 0.5000000000000045519 ) ;
#2344 = CARTESIAN_POINT ( 'NONE',  ( -54.77768383176140077, 8.248440834640383912, 20.39006495185253343 ) ) ;
#2345 = CARTESIAN_POINT ( 'NONE',  ( 20.72059842570149257, 7.673907331960476697, -20.90231642177012361 ) ) ;
#2346 = EDGE_CURVE ( 'NONE', #5902, #2301, #5825, .T. ) ;
#2347 = EDGE_CURVE ( 'NONE', #2400, #578, #6814, .T. ) ;
#2348 = CARTESIAN_POINT ( 'NONE',  ( -16.26673030583651069, -20.55655916577720532, 24.89006495185057233 ) ) ;
#2349 = ORIENTED_EDGE ( 'NONE', *, *, #2160, .F. ) ;
#2350 = CARTESIAN_POINT ( 'NONE',  ( 20.52400274192754281, 8.525300528790198840, 69.71319660537992036 ) ) ;
#2351 = CIRCLE ( 'NONE', #6646, 3.000000000000002665 ) ;
#2352 = FACE_OUTER_BOUND ( 'NONE', #7594, .T. ) ;
#2353 = CARTESIAN_POINT ( 'NONE',  ( 16.04544782177278250, 8.525300528787516541, -24.41162162183644568 ) ) ;
#2354 = CARTESIAN_POINT ( 'NONE',  ( 14.26156765493114165, 9.448440834640383201, 72.79929980161067249 ) ) ;
#2355 = ORIENTED_EDGE ( 'NONE', *, *, #3353, .F. ) ;
#2356 = DIRECTION ( 'NONE',  ( 0.000000000000000000, 0.000000000000000000, 1.000000000000000000 ) ) ;
#2357 = ORIENTED_EDGE ( 'NONE', *, *, #4285, .F. ) ;
#2358 = CARTESIAN_POINT ( 'NONE',  ( 19.64619946011749718, -15.55155916535961858, -24.64410540944697914 ) ) ;
#2359 = AXIS2_PLACEMENT_3D ( 'NONE', #299, #2676, #2021 ) ;
#2360 = ADVANCED_FACE ( 'NONE', ( #2622 ), #1588, .T. ) ;
#2361 = CARTESIAN_POINT ( 'NONE',  ( -73.52113283089690299, 8.410864462896071814, 74.16413788776584681 ) ) ;
#2362 = ORIENTED_EDGE ( 'NONE', *, *, #3633, .T. ) ;
#2363 = DIRECTION ( 'NONE',  ( 0.000000000000000000, 1.000000000000000000, -0.000000000000000000 ) ) ;
#2364 = CARTESIAN_POINT ( 'NONE',  ( 19.81878695477132268, 8.788141924602424382, 73.24329464404489443 ) ) ;
#2365 = ORIENTED_EDGE ( 'NONE', *, *, #485, .T. ) ;
#2366 = DIRECTION ( 'NONE',  ( -1.000000000000000000, 0.000000000000000000, 0.000000000000000000 ) ) ;
#2367 = CARTESIAN_POINT ( 'NONE',  ( -74.77768383175860833, 8.948440834640383201, -21.10993504814956268 ) ) ;
#2368 =( BOUNDED_SURFACE ( )  B_SPLINE_SURFACE ( 3, 2, ( 
 ( #7501, #1666, #4019 ),
 ( #7540, #79, #5307 ),
 ( #6418, #4807, #1159 ),
 ( #3045, #3512, #4127 ),
 ( #6456, #4727, #1810 ),
 ( #5842, #7067, #7149 ),
 ( #1888, #5958, #4241 ),
 ( #7030, #5917, #3670 ),
 ( #38, #616, #2426 ),
 ( #2345, #586, #2462 ),
 ( #3003, #4164, #6491 ),
 ( #1773, #2383, #702 ),
 ( #2924, #5273, #116 ),
 ( #7608, #6572, #1225 ),
 ( #1309, #1845, #1193 ),
 ( #2961, #5998, #3548 ),
 ( #4767, #4688, #3588 ),
 ( #5877, #5384, #3631 ),
 ( #659, #5346, #7108 ),
 ( #735, #6534, #4202 ),
 ( #3079, #1270, #7575 ),
 ( #2309, #4649, #6994 ),
 ( #1738, #4091, #3786 ),
 ( #6190, #813, #273 ),
 ( #6145, #2076, #893 ),
 ( #6109, #5500, #4354 ) ),
 .UNSPECIFIED., .F., .F., .F. ) 
 B_SPLINE_SURFACE_WITH_KNOTS ( ( 4, 2, 2, 2, 2, 2, 2, 2, 2, 2, 2, 2, 4 ),
 ( 3, 3 ),
 ( -1.386718973157841095E-14, 0.0004059079117280737364, 0.0008118158234700146355, 0.001014769779340984977, 0.001217723735211955535, 0.001420677691082926093, 0.001623631646953896434, 0.002435447470437778449, 0.003247263293921660247, 0.004059079117405542045, 0.004870894940889424277, 0.005682710764373306508, 0.006494526587857187873 ),
 ( 0.000000000000000000, 1.000000000000000000 ),
 .UNSPECIFIED. ) 
 GEOMETRIC_REPRESENTATION_ITEM ( )  RATIONAL_B_SPLINE_SURFACE ( (
 ( 1.000000000000000000, 0.9818831614227373494, 1.000000000000000000),
 ( 1.000000000000000000, 0.9858912546604241545, 1.000000000000000000),
 ( 1.000000000000000000, 0.9892182363073109830, 1.000000000000000000),
 ( 1.000000000000000000, 0.9944994644898439429, 1.000000000000000000),
 ( 1.000000000000000000, 0.9964607609856037662, 1.000000000000000000),
 ( 1.000000000000000000, 0.9982769252874119648, 1.000000000000000000),
 ( 1.000000000000000000, 0.9986913398380948825, 1.000000000000000000),
 ( 1.000000000000000000, 0.9989925556973838772, 1.000000000000000000),
 ( 1.000000000000000000, 0.9988545302739180176, 1.000000000000000000),
 ( 1.000000000000000000, 0.9981108309273072354, 1.000000000000000000),
 ( 1.000000000000000000, 0.9975139540683795047, 1.000000000000000000),
 ( 1.000000000000000000, 0.9959783744786514514, 1.000000000000000000),
 ( 1.000000000000000000, 0.9950335425804887057, 1.000000000000000000),
 ( 1.000000000000000000, 0.9894579634637289400, 1.000000000000000000),
 ( 1.000000000000000000, 0.9822323753946993197, 1.000000000000000000),
 ( 1.000000000000000000, 0.9626772435890487145, 1.000000000000000000),
 ( 1.000000000000000000, 0.9503521877045691957, 1.000000000000000000),
 ( 1.000000000000000000, 0.9207838801581679222, 1.000000000000000000),
 ( 1.000000000000000000, 0.9033680405118198475, 1.000000000000000000),
 ( 1.000000000000000000, 0.8650724882883406019, 1.000000000000000000),
 ( 1.000000000000000000, 0.8441272710126360712, 1.000000000000000000),
 ( 1.000000000000000000, 0.8003071236682773870, 1.000000000000000000),
 ( 1.000000000000000000, 0.7777745649701657271, 1.000000000000000000),
 ( 1.000000000000000000, 0.7366300689700845394, 1.000000000000000000),
 ( 1.000000000000000000, 0.7177916643020373355, 1.000000000000000000),
 ( 1.000000000000000000, 0.7052517021446998990, 1.000000000000000000) ) ) 
 REPRESENTATION_ITEM ( '' )  SURFACE ( )  );
#2369 = CARTESIAN_POINT ( 'NONE',  ( 17.92686354479391397, 7.928958336236231474, 74.34339567556094153 ) ) ;
#2370 = ORIENTED_EDGE ( 'NONE', *, *, #6165, .F. ) ;
#2371 = CIRCLE ( 'NONE', #7281, 8.499999999999992895 ) ;
#2372 = CARTESIAN_POINT ( 'NONE',  ( 15.87732377231357717, 8.309928590289471728, 74.21094052523341134 ) ) ;
#2373 = B_SPLINE_SURFACE_WITH_KNOTS ( 'NONE', 1, 3, ( 
 ( #7165, #5977, #3561, #3608, #7082, #6504, #1904, #7121, #716, #2980, #6625, #5324 ),
 ( #4862, #4178, #5398, #128, #2516, #7204, #1824, #4257, #4901, #1327, #4744, #1941 ) ),
 .UNSPECIFIED., .F., .F., .F.,
 ( 2, 2 ),
 ( 4, 2, 2, 2, 2, 4 ),
 ( 0.000000000000000000, 1.000000000000000000 ),
 ( 0.000000000000000000, 0.2500000000000000000, 0.3750000000000000000, 0.5000000000000000000, 0.7500000000000000000, 1.000000000000000000 ),
 .UNSPECIFIED. ) ;
#2374 = DIRECTION ( 'NONE',  ( -0.000000000000000000, 1.000000000000000000, -0.000000000000000000 ) ) ;
#2375 = CARTESIAN_POINT ( 'NONE',  ( -74.77768383175860833, 8.948440834640383201, 70.89006495185046219 ) ) ;
#2376 = ORIENTED_EDGE ( 'NONE', *, *, #91, .F. ) ;
#2377 = ORIENTED_EDGE ( 'NONE', *, *, #4045, .F. ) ;
#2378 = CARTESIAN_POINT ( 'NONE',  ( -71.63120792551004001, 9.300056510458276193, -23.39980055690801564 ) ) ;
#2379 = VECTOR ( 'NONE', #2976, 1000.000000000000000 ) ;
#2380 = CYLINDRICAL_SURFACE ( 'NONE', #7397, 0.8000000000000003775 ) ;
#2381 = CARTESIAN_POINT ( 'NONE',  ( -78.25815038633254517, 7.801986561066209802, -21.58834714684179445 ) ) ;
#2382 = CARTESIAN_POINT ( 'NONE',  ( -64.87768383176140219, -20.55655916577720532, -16.30993504814755468 ) ) ;
#2383 = CARTESIAN_POINT ( 'NONE',  ( 20.70428824950950997, 7.791194047974324910, -20.75021182476929837 ) ) ;
#2384 = PLANE ( 'NONE',  #5690 ) ;
#2385 = EDGE_LOOP ( 'NONE', ( #6856, #3678 ) ) ;
#2386 = CARTESIAN_POINT ( 'NONE',  ( 20.18235481004563070, 9.116219144999337942, 69.01133264705809722 ) ) ;
#2387 = CARTESIAN_POINT ( 'NONE',  ( -78.17412437767276856, 8.136072262621295792, 70.01968266604522739 ) ) ;
#2388 = CARTESIAN_POINT ( 'NONE',  ( 17.70072826693069246, 7.801986561064453873, -24.59040160272381570 ) ) ;
#2389 = UNCERTAINTY_MEASURE_WITH_UNIT (LENGTH_MEASURE( 1.000000000000000082E-05 ), #2145, 'distance_accuracy_value', 'NONE');
#2390 = DIRECTION ( 'NONE',  ( 0.000000000000000000, 0.000000000000000000, 1.000000000000000000 ) ) ;
#2391 = ORIENTED_EDGE ( 'NONE', *, *, #7383, .T. ) ;
#2392 = CARTESIAN_POINT ( 'NONE',  ( -64.87768383176140219, 7.448440834640384978, -17.10993504814755184 ) ) ;
#2393 = ORIENTED_EDGE ( 'NONE', *, *, #7154, .T. ) ;
#2394 = B_SPLINE_CURVE_WITH_KNOTS ( 'NONE', 3,
 ( #3110, #727, #3069, #3775, #223, #1339, #2029, #4875, #6024, #6099, #2564, #5452, #182, #1950, #4381, #1376, #3739, #4344 ),
 .UNSPECIFIED., .F., .F.,
 ( 4, 2, 2, 2, 2, 2, 2, 2, 4 ),
 ( 0.000000000000000000, 0.0003960495024109131541, 0.0005940742536163680235, 0.0007920990048218244650, 0.0009901237560272810150, 0.001188148507232737565, 0.001584198009643612501, 0.002376297014465363674, 0.003168396019287114413 ),
 .UNSPECIFIED. ) ;
#2395 = CIRCLE ( 'NONE', #63, 1.600000000000000755 ) ;
#2396 = EDGE_CURVE ( 'NONE', #6464, #3555, #5954, .T. ) ;
#2397 = FACE_OUTER_BOUND ( 'NONE', #5595, .T. ) ;
#2398 = EDGE_CURVE ( 'NONE', #7517, #7542, #1545, .T. ) ;
#2399 = CARTESIAN_POINT ( 'NONE',  ( -74.90005841783606400, 7.646448962276205741, 74.39120782000843235 ) ) ;
#2400 = VERTEX_POINT ( 'NONE', #1050 ) ;
#2401 = FACE_OUTER_BOUND ( 'NONE', #2567, .T. ) ;
#2402 = AXIS2_PLACEMENT_3D ( 'NONE', #375, #5176, #4033 ) ;
#2403 = FACE_OUTER_BOUND ( 'NONE', #5227, .T. ) ;
#2404 = DIRECTION ( 'NONE',  ( -0.000000000000000000, 1.000000000000000000, -0.000000000000000000 ) ) ;
#2405 = ORIENTED_EDGE ( 'NONE', *, *, #7420, .T. ) ;
#2406 = CARTESIAN_POINT ( 'NONE',  ( 19.13219595296404307, 9.448440834640379649, 67.92910099828529269 ) ) ;
#2407 = DIRECTION ( 'NONE',  ( 0.000000000000000000, 0.000000000000000000, 1.000000000000000000 ) ) ;
#2408 = EDGE_CURVE ( 'NONE', #689, #3872, #1548, .T. ) ;
#2409 = ADVANCED_FACE ( 'NONE', ( #5731 ), #2368, .F. ) ;
#2410 = AXIS2_PLACEMENT_3D ( 'NONE', #4587, #2204, #4545 ) ;
#2411 = CARTESIAN_POINT ( 'NONE',  ( -64.87768383176140219, 8.248440834640383912, 9.090064951852534492 ) ) ;
#2412 = CARTESIAN_POINT ( 'NONE',  ( -75.69086542164833986, 7.483345647514946464, 74.40071386808529041 ) ) ;
#2413 = VERTEX_POINT ( 'NONE', #1924 ) ;
#2414 = CARTESIAN_POINT ( 'NONE',  ( -70.15787326530772816, -15.55155916535961502, -23.02235506742066562 ) ) ;
#2415 = CARTESIAN_POINT ( 'NONE',  ( 14.69737951236240114, 8.992513638540080123, 73.68112389492132763 ) ) ;
#2416 = DIRECTION ( 'NONE',  ( 0.000000000000000000, 0.000000000000000000, 1.000000000000000000 ) ) ;
#2417 = CARTESIAN_POINT ( 'NONE',  ( 20.27725830837750465, 8.728462049919551546, -19.05728595673513937 ) ) ;
#2418 = CARTESIAN_POINT ( 'NONE',  ( -8.777683831760253241, 7.448440834640384978, 50.89006495185251566 ) ) ;
#2419 = EDGE_LOOP ( 'NONE', ( #6525, #2262, #7197, #4331 ) ) ;
#2420 = CARTESIAN_POINT ( 'NONE',  ( -71.67849639447345567, 9.373488516422019856, -23.25472780358424174 ) ) ;
#2421 = VECTOR ( 'NONE', #3463, 1000.000000000000000 ) ;
#2422 = CARTESIAN_POINT ( 'NONE',  ( -78.28833274799347919, 7.483345647514946464, -22.02311663803931197 ) ) ;
#2423 = CARTESIAN_POINT ( 'NONE',  ( -78.26912064804776037, 7.730581172013155644, -20.85874268390406527 ) ) ;
#2424 = CARTESIAN_POINT ( 'NONE',  ( -76.47605271553057094, -15.55155916535961858, -24.94459651181466953 ) ) ;
#2425 = CARTESIAN_POINT ( 'NONE',  ( -28.77768383176221079, -20.55655916577720532, 39.89006495185252987 ) ) ;
#2426 = CARTESIAN_POINT ( 'NONE',  ( 20.72204971545095020, 7.686451098050091524, -21.03949431460974040 ) ) ;
#2427 = DIRECTION ( 'NONE',  ( 0.000000000000000000, 0.000000000000000000, -1.000000000000000000 ) ) ;
#2428 = VERTEX_POINT ( 'NONE', #1346 ) ;
#2429 = CARTESIAN_POINT ( 'NONE',  ( 20.70541032449704133, 7.782478616786606018, 70.45017852468838271 ) ) ;
#2430 = CARTESIAN_POINT ( 'NONE',  ( -78.25382519151834515, 7.823861544411014002, 70.47788064293527555 ) ) ;
#2431 = CARTESIAN_POINT ( 'NONE',  ( 17.01469754184348915, 7.673907331967758871, -24.60821730560885001 ) ) ;
#2432 = DIRECTION ( 'NONE',  ( -3.170891326042630556E-13, 1.816602424042912389E-11, 1.000000000000000000 ) ) ;
#2433 = ORIENTED_EDGE ( 'NONE', *, *, #4510, .F. ) ;
#2434 = DIRECTION ( 'NONE',  ( 0.000000000000000000, -1.000000000000000000, -0.000000000000000000 ) ) ;
#2435 = ORIENTED_EDGE ( 'NONE', *, *, #569, .T. ) ;
#2436 = PLANE ( 'NONE',  #1647 ) ;
#2437 = CARTESIAN_POINT ( 'NONE',  ( -74.52649146749985221, 7.730581172022731984, 74.38150176813840631 ) ) ;
#2438 = ORIENTED_EDGE ( 'NONE', *, *, #2506, .T. ) ;
#2439 = CARTESIAN_POINT ( 'NONE',  ( -78.69040850711752455, -20.55155916535962035, 71.80324654174016530 ) ) ;
#2440 = CARTESIAN_POINT ( 'NONE',  ( -8.777683831760253241, 8.648440834640384267, 50.89006495185251566 ) ) ;
#2441 = EDGE_CURVE ( 'NONE', #5668, #294, #6693, .T. ) ;
#2442 = CARTESIAN_POINT ( 'NONE',  ( 17.22231616824143430, 8.948440834640383201, 70.89006495185043377 ) ) ;
#2443 = VERTEX_POINT ( 'NONE', #2654 ) ;
#2444 = DIRECTION ( 'NONE',  ( 0.000000000000000000, 0.000000000000000000, -1.000000000000000000 ) ) ;
#2445 = FACE_OUTER_BOUND ( 'NONE', #5707, .T. ) ;
#2446 = ADVANCED_FACE ( 'NONE', ( #1426 ), #2040, .F. ) ;
#2447 = EDGE_CURVE ( 'NONE', #2455, #5443, #4314, .T. ) ;
#2448 = CARTESIAN_POINT ( 'NONE',  ( 16.37622984940357895, 8.011754687164884814, 74.32446639336100702 ) ) ;
#2449 = CARTESIAN_POINT ( 'NONE',  ( -76.84234697416360405, 7.483345644659197937, 74.13779980974119610 ) ) ;
#2450 = ORIENTED_EDGE ( 'NONE', *, *, #2929, .F. ) ;
#2451 = LINE ( 'NONE', #6675, #6327 ) ;
#2452 = DIRECTION ( 'NONE',  ( 0.000000000000000000, 0.000000000000000000, 1.000000000000000000 ) ) ;
#2453 = DIRECTION ( 'NONE',  ( 0.000000000000000000, 0.000000000000000000, -1.000000000000000000 ) ) ;
#2454 = CARTESIAN_POINT ( 'NONE',  ( 20.64000099245015107, 8.052076284340028423, -22.02311663804677977 ) ) ;
#2455 = VERTEX_POINT ( 'NONE', #5002 ) ;
#2456 = VERTEX_POINT ( 'NONE', #2572 ) ;
#2457 = DIRECTION ( 'NONE',  ( 0.000000000000000000, 0.000000000000000000, -1.000000000000000000 ) ) ;
#2458 = DIRECTION ( 'NONE',  ( 0.000000000000000000, 1.000000000000000000, 0.000000000000000000 ) ) ;
#2459 = CARTESIAN_POINT ( 'NONE',  ( -78.18525552444425841, 8.202985146754837587, -21.90896893930027645 ) ) ;
#2460 = ADVANCED_FACE ( 'NONE', ( #1386 ), #6033, .F. ) ;
#2461 = DIRECTION ( 'NONE',  ( 0.000000000000000000, 0.000000000000000000, -1.000000000000000000 ) ) ;
#2462 = CARTESIAN_POINT ( 'NONE',  ( 20.71804129396195648, 7.730273955576853595, -20.92826875019756372 ) ) ;
#2463 = CARTESIAN_POINT ( 'NONE',  ( -66.27768383176041311, -20.55655916577720532, 13.14006495185241263 ) ) ;
#2464 = ORIENTED_EDGE ( 'NONE', *, *, #6729, .F. ) ;
#2465 = CARTESIAN_POINT ( 'NONE',  ( 20.75648652953880458, -15.55155916535961858, 73.31394824372787866 ) ) ;
#2466 = CIRCLE ( 'NONE', #4662, 0.8000000000000003775 ) ;
#2467 = CARTESIAN_POINT ( 'NONE',  ( 13.51866669204857274, 9.448440834640383201, 72.40101847777251010 ) ) ;
#2468 = CIRCLE ( 'NONE', #7499, 0.8000000000000020428 ) ;
#2469 = CARTESIAN_POINT ( 'NONE',  ( 17.56666011526910154, 7.776662972094740667, -24.59487747978025141 ) ) ;
#2470 = CARTESIAN_POINT ( 'NONE',  ( 14.83688835608398016, 9.448440834640383201, 73.06227278240976375 ) ) ;
#2471 = ORIENTED_EDGE ( 'NONE', *, *, #3958, .T. ) ;
#2472 = CARTESIAN_POINT ( 'NONE',  ( -78.14805130420039347, 8.061418515299017429, 72.63255259273691422 ) ) ;
#2473 = EDGE_LOOP ( 'NONE', ( #5734, #325, #1897, #274 ) ) ;
#2474 = AXIS2_PLACEMENT_3D ( 'NONE', #3419, #4593, #3886 ) ;
#2475 = CARTESIAN_POINT ( 'NONE',  ( 18.33359223225184920, -15.55155916535961858, 74.80278962720657887 ) ) ;
#2476 = CARTESIAN_POINT ( 'NONE',  ( 12.45607871690693180, 7.448440834640383201, 72.40101847777252431 ) ) ;
#2477 = EDGE_LOOP ( 'NONE', ( #1703, #258, #2510 ) ) ;
#2478 = CYLINDRICAL_SURFACE ( 'NONE', #1305, 1.599999999999990319 ) ;
#2479 = VECTOR ( 'NONE', #1325, 1000.000000000000000 ) ;
#2480 = CARTESIAN_POINT ( 'NONE',  ( -78.28833274799347919, 7.483345647514950016, -22.02311663803931197 ) ) ;
#2481 = CARTESIAN_POINT ( 'NONE',  ( 19.85553131268296667, 8.948440834640383201, -19.67251444057372822 ) ) ;
#2482 = ORIENTED_EDGE ( 'NONE', *, *, #525, .T. ) ;
#2483 = CARTESIAN_POINT ( 'NONE',  ( 18.73326969416348575, 9.448440834640383201, 67.18641547565756866 ) ) ;
#2484 = CARTESIAN_POINT ( 'NONE',  ( 18.80164240274223886, 8.061416807605484180, -24.52858172167153228 ) ) ;
#2485 = AXIS2_PLACEMENT_3D ( 'NONE', #4345, #2923, #1269 ) ;
#2486 = FACE_OUTER_BOUND ( 'NONE', #4204, .T. ) ;
#2487 = ORIENTED_EDGE ( 'NONE', *, *, #5732, .T. ) ;
#2488 = FACE_BOUND ( 'NONE', #1240, .T. ) ;
#2489 = CARTESIAN_POINT ( 'NONE',  ( 15.77741441291244939, 8.544635254611815611, 74.08565873279337666 ) ) ;
#2490 = AXIS2_PLACEMENT_3D ( 'NONE', #3183, #3227, #2752 ) ;
#2491 = CARTESIAN_POINT ( 'NONE',  ( -78.00516962211399630, -21.55755916536508465, 72.10685031566059422 ) ) ;
#2492 = DIRECTION ( 'NONE',  ( 0.000000000000000000, 0.000000000000000000, 1.000000000000000000 ) ) ;
#2493 = ORIENTED_EDGE ( 'NONE', *, *, #3156, .T. ) ;
#2494 = ORIENTED_EDGE ( 'NONE', *, *, #470, .T. ) ;
#2495 = CARTESIAN_POINT ( 'NONE',  ( -78.12668328449564115, 8.214674948183636971, -22.29269382426115698 ) ) ;
#2496 = AXIS2_PLACEMENT_3D ( 'NONE', #4883, #4656, #6385 ) ;
#2497 = CARTESIAN_POINT ( 'NONE',  ( 20.11888187289378038, -20.55155916535962035, -24.28191210099991437 ) ) ;
#2498 = CARTESIAN_POINT ( 'NONE',  ( -78.22528543864177664, 8.044579914717049363, -21.72109545834414490 ) ) ;
#2499 = CARTESIAN_POINT ( 'NONE',  ( -78.20820131470738090, 8.134931476365061087, 70.16655232001610898 ) ) ;
#2500 = CARTESIAN_POINT ( 'NONE',  ( -66.77768383176137945, 8.648440834640384267, 30.19006495185253058 ) ) ;
#2501 = CARTESIAN_POINT ( 'NONE',  ( -28.77768383176202605, 9.448440834640383201, 61.89006495185253698 ) ) ;
#2502 = ORIENTED_EDGE ( 'NONE', *, *, #3541, .T. ) ;
#2503 = CARTESIAN_POINT ( 'NONE',  ( 19.65712086841810091, 14.44844083464038853, 73.78317308253654971 ) ) ;
#2504 = EDGE_CURVE ( 'NONE', #7075, #790, #5409, .T. ) ;
#2505 = B_SPLINE_SURFACE_WITH_KNOTS ( 'NONE', 3, 1, ( 
 ( #834, #5631 ),
 ( #5097, #337 ),
 ( #873, #2176 ),
 ( #6746, #5520 ),
 ( #4943, #5021 ),
 ( #2097, #5130 ),
 ( #4626, #5851 ),
 ( #1596, #3449 ),
 ( #2934, #1166 ),
 ( #1712, #558 ),
 ( #1677, #7474 ),
 ( #2816, #1131 ),
 ( #4101, #2785 ),
 ( #3416, #2208 ),
 ( #1026, #1061 ),
 ( #3485, #5165 ) ),
 .UNSPECIFIED., .F., .F., .F.,
 ( 4, 2, 2, 2, 2, 2, 2, 4 ),
 ( 2, 2 ),
 ( 0.000000000000000000, 0.1249999999999998335, 0.2499999999999996669, 0.3749999999999995004, 0.4999999999999993339, 0.6249999999999991118, 0.7499999999999990008, 1.000000000000000000 ),
 ( 0.000000000000000000, 1.000000000000000000 ),
 .UNSPECIFIED. ) ;
#2506 = EDGE_CURVE ( 'NONE', #3972, #6026, #2757, .T. ) ;
#2507 = CARTESIAN_POINT ( 'NONE',  ( -78.18743163060955226, 8.213665038661252638, 70.07780065741454223 ) ) ;
#2508 = CARTESIAN_POINT ( 'NONE',  ( 16.98783619987524673, 7.762072216018441217, -24.60244227666903782 ) ) ;
#2509 = DIRECTION ( 'NONE',  ( 0.000000000000000000, 0.000000000000000000, 1.000000000000000000 ) ) ;
#2510 = ORIENTED_EDGE ( 'NONE', *, *, #3200, .F. ) ;
#2511 = CARTESIAN_POINT ( 'NONE',  ( -77.39606211377287082, 8.061418504288306863, 73.75727193235367452 ) ) ;
#2512 = ORIENTED_EDGE ( 'NONE', *, *, #1409, .F. ) ;
#2513 = CARTESIAN_POINT ( 'NONE',  ( 20.73757010950320989, -15.55155916535961502, 73.30809753950963170 ) ) ;
#2514 = CARTESIAN_POINT ( 'NONE',  ( -72.63056119698414648, 8.782663481720080156, 73.89857670060581540 ) ) ;
#2515 = EDGE_LOOP ( 'NONE', ( #609, #6517, #1435, #6110 ) ) ;
#2516 = CARTESIAN_POINT ( 'NONE',  ( -76.84975406971646805, -21.55755916535917294, -24.03190265379414825 ) ) ;
#2517 = CARTESIAN_POINT ( 'NONE',  ( -77.96126504373170008, 8.544942509650056195, -22.17893290726750166 ) ) ;
#2518 = AXIS2_PLACEMENT_3D ( 'NONE', #4360, #5047, #2699 ) ;
#2519 = CYLINDRICAL_SURFACE ( 'NONE', #1741, 0.8000000000000003775 ) ;
#2520 = ORIENTED_EDGE ( 'NONE', *, *, #3072, .T. ) ;
#2521 = DIRECTION ( 'NONE',  ( -1.000000000000000000, 0.000000000000000000, -4.701147631373462191E-17 ) ) ;
#2522 = CARTESIAN_POINT ( 'NONE',  ( -75.69086542164833986, 7.448440834640383201, 72.40101847777251010 ) ) ;
#2523 = CIRCLE ( 'NONE', #439, 8.499999999999992895 ) ;
#2524 = CARTESIAN_POINT ( 'NONE',  ( -78.02500373651569987, 7.483345623703197447, 72.95540715132462140 ) ) ;
#2525 = VERTEX_POINT ( 'NONE', #5424 ) ;
#2526 = CARTESIAN_POINT ( 'NONE',  ( 18.86913813936361706, -0.3354571777058542592, -16.38676949754027845 ) ) ;
#2527 = CARTESIAN_POINT ( 'NONE',  ( -78.00516962949146205, -21.55755916535962413, 71.80324654173061560 ) ) ;
#2528 = DIRECTION ( 'NONE',  ( 3.965082230804126670E-15, 0.000000000000000000, 1.000000000000000000 ) ) ;
#2529 = EDGE_LOOP ( 'NONE', ( #327, #785, #5143, #6566 ) ) ;
#2530 = EDGE_CURVE ( 'NONE', #696, #4192, #5461, .T. ) ;
#2531 = CARTESIAN_POINT ( 'NONE',  ( -78.13902151642150784, 8.227712288466182855, -22.09624630989719662 ) ) ;
#2532 = CARTESIAN_POINT ( 'NONE',  ( -74.41796060836747984, 7.791194047981285564, -24.59190712941663293 ) ) ;
#2533 = VECTOR ( 'NONE', #820, 1000.000000000000000 ) ;
#2534 = CARTESIAN_POINT ( 'NONE',  ( -77.52982079961422812, 8.511607315455371747, -23.40033567393767555 ) ) ;
#2535 = CARTESIAN_POINT ( 'NONE',  ( 20.44980195859179517, -21.55755916535962413, -22.32672041196169488 ) ) ;
#2536 = ADVANCED_FACE ( 'NONE', ( #6607 ), #3199, .T. ) ;
#2537 = CARTESIAN_POINT ( 'NONE',  ( 19.88272869269623655, 9.191942107238277870, -18.69840973976083021 ) ) ;
#2538 = DIRECTION ( 'NONE',  ( -1.284980352575409001E-16, 0.000000000000000000, -1.000000000000000000 ) ) ;
#2539 = VERTEX_POINT ( 'NONE', #6072 ) ;
#2540 = CARTESIAN_POINT ( 'NONE',  ( 8.722316168239592216, 7.448440834640384978, 10.64006495185241441 ) ) ;
#2541 = CARTESIAN_POINT ( 'NONE',  ( 20.02073619010608141, 9.448440834640384978, 68.91401710911419798 ) ) ;
#2542 = LINE ( 'NONE', #2576, #3409 ) ;
#2543 = CARTESIAN_POINT ( 'NONE',  ( 8.922316168238594969, 8.248440834640383912, 9.090064951852532715 ) ) ;
#2544 = EDGE_CURVE ( 'NONE', #4340, #4908, #3215, .T. ) ;
#2545 = DIRECTION ( 'NONE',  ( 0.000000000000000000, -0.000000000000000000, -1.000000000000000000 ) ) ;
#2546 = ORIENTED_EDGE ( 'NONE', *, *, #4096, .T. ) ;
#2547 = CARTESIAN_POINT ( 'NONE',  ( 19.13534545328752756, -15.58646397823418539, 0.000000000000000000 ) ) ;
#2548 = VERTEX_POINT ( 'NONE', #5725 ) ;
#2549 = FACE_OUTER_BOUND ( 'NONE', #3856, .T. ) ;
#2550 = CARTESIAN_POINT ( 'NONE',  ( 14.07584026199542571, 9.300056510457217485, 73.17993046061157258 ) ) ;
#2551 = CARTESIAN_POINT ( 'NONE',  ( -77.02138260797849512, -20.55155916535961680, 74.49868602522775518 ) ) ;
#2552 = VERTEX_POINT ( 'NONE', #970 ) ;
#2553 = CYLINDRICAL_SURFACE ( 'NONE', #3656, 1.599999999999990319 ) ;
#2554 = CARTESIAN_POINT ( 'NONE',  ( -77.41089897620017268, 8.948440834640383201, -19.67251444057374954 ) ) ;
#2555 = EDGE_CURVE ( 'NONE', #3848, #1634, #3278, .T. ) ;
#2556 = CYLINDRICAL_SURFACE ( 'NONE', #2839, 8.500000000000000000 ) ;
#2557 = EDGE_LOOP ( 'NONE', ( #5976, #5649, #7120, #878 ) ) ;
#2558 = CARTESIAN_POINT ( 'NONE',  ( 19.85553131268296667, 9.448440834640395636, 69.45264434427456024 ) ) ;
#2559 = CARTESIAN_POINT ( 'NONE',  ( 18.96273443607424980, 8.061418505508873622, -24.48108929140100187 ) ) ;
#2560 = DIRECTION ( 'NONE',  ( -0.000000000000000000, -1.000000000000000000, 0.000000000000000000 ) ) ;
#2561 = ORIENTED_EDGE ( 'NONE', *, *, #244, .F. ) ;
#2562 = CARTESIAN_POINT ( 'NONE',  ( -70.01144638042410406, 7.448440834640383201, -22.62088857407165676 ) ) ;
#2563 = CARTESIAN_POINT ( 'NONE',  ( 18.73326969416304877, 9.448440834640386754, -17.40628557195652704 ) ) ;
#2564 = CARTESIAN_POINT ( 'NONE',  ( 20.71978283714776836, 7.713194272301262089, 70.74489783186287184 ) ) ;
#2565 = CARTESIAN_POINT ( 'NONE',  ( -77.64823369792398466, 9.072952396249869267, 68.84388264165035309 ) ) ;
#2566 = CYLINDRICAL_SURFACE ( 'NONE', #2277, 0.7999999999999951594 ) ;
#2567 = EDGE_LOOP ( 'NONE', ( #5869, #7207, #1214, #5212 ) ) ;
#2568 = CARTESIAN_POINT ( 'NONE',  ( -76.38851696024316595, 8.379145511037917160, -24.29198052248047901 ) ) ;
#2569 = CARTESIAN_POINT ( 'NONE',  ( -71.21285513604757966, 9.448440834640221553, 72.57737157669609473 ) ) ;
#2570 = DIRECTION ( 'NONE',  ( -1.000000000000000000, 0.000000000000000000, 0.000000000000000000 ) ) ;
#2571 = CARTESIAN_POINT ( 'NONE',  ( -70.10335698548716721, -8.006795679951258293, 72.67079063461567046 ) ) ;
#2572 = CARTESIAN_POINT ( 'NONE',  ( -55.57768383176139793, 8.248440834640383912, 29.39006495185252987 ) ) ;
#2573 = ORIENTED_EDGE ( 'NONE', *, *, #4946, .F. ) ;
#2574 = CARTESIAN_POINT ( 'NONE',  ( -71.63120792550762417, 9.300056510459249637, 73.17993046060637141 ) ) ;
#2575 = CARTESIAN_POINT ( 'NONE',  ( 19.75438051922339255, 9.448440834640383201, 69.26734587747138505 ) ) ;
#2576 = CARTESIAN_POINT ( 'NONE',  ( -66.77768383176137945, 9.448440834640383201, 30.19006495185253058 ) ) ;
#2577 = EDGE_CURVE ( 'NONE', #4192, #2634, #6211, .T. ) ;
#2578 = CARTESIAN_POINT ( 'NONE',  ( 17.60752474971842574, 7.750563299784397842, -24.59852992928528792 ) ) ;
#2579 = CARTESIAN_POINT ( 'NONE',  ( 18.26810202506352354, 8.145791044634043132, 74.27808143656258721 ) ) ;
#2580 = AXIS2_PLACEMENT_3D ( 'NONE', #1071, #6836, #4002 ) ;
#2581 = ORIENTED_EDGE ( 'NONE', *, *, #3400, .T. ) ;
#2582 = CARTESIAN_POINT ( 'NONE',  ( 20.40436164256576035, 8.379145511041812711, -22.72076817664773785 ) ) ;
#2583 = EDGE_LOOP ( 'NONE', ( #2512, #4619, #2288, #905 ) ) ;
#2584 = CIRCLE ( 'NONE', #7122, 0.5000000000000004441 ) ;
#2585 = FACE_OUTER_BOUND ( 'NONE', #1397, .T. ) ;
#2586 = VECTOR ( 'NONE', #4047, 1000.000000000000000 ) ;
#2587 = DIRECTION ( 'NONE',  ( 0.000000000000000000, 0.000000000000000000, 1.000000000000000000 ) ) ;
#2588 = PLANE ( 'NONE',  #1985 ) ;
#2589 = ORIENTED_EDGE ( 'NONE', *, *, #6207, .F. ) ;
#2590 = CARTESIAN_POINT ( 'NONE',  ( -78.29293777302098079, -20.55155916535961325, -23.52796763580826678 ) ) ;
#2592 = CARTESIAN_POINT ( 'NONE',  ( -78.02253491564464127, 7.483345645030279769, -23.18153629402998916 ) ) ;
#2591 = PRODUCT_DEFINITION_FORMATION_WITH_SPECIFIED_SOURCE ( 'ANY', '', #5039, .NOT_KNOWN. ) ;
#2593 = VECTOR ( 'NONE', #4830, 1000.000000000000000 ) ;
#2594 = ORIENTED_EDGE ( 'NONE', *, *, #4991, .F. ) ;
#2595 = DIRECTION ( 'NONE',  ( 0.000000000000000000, -1.000000000000000000, 0.000000000000000000 ) ) ;
#2596 = CARTESIAN_POINT ( 'NONE',  ( 19.43422314590748101, 8.061416762585619011, -24.26694248136778498 ) ) ;
#2597 = EDGE_CURVE ( 'NONE', #3848, #4303, #4010, .T. ) ;
#2598 = VECTOR ( 'NONE', #1413, 1000.000000000000000 ) ;
#2599 = CARTESIAN_POINT ( 'NONE',  ( 18.13549775812944631, 8.052076284336097345, -24.52761987235954777 ) ) ;
#2600 = ORIENTED_EDGE ( 'NONE', *, *, #292, .F. ) ;
#2601 = PLANE ( 'NONE',  #2402 ) ;
#2602 = DIRECTION ( 'NONE',  ( 1.000000000000000000, 0.000000000000000000, 4.701147631373462191E-17 ) ) ;
#2603 = CARTESIAN_POINT ( 'NONE',  ( -77.77077136829626625, -21.55755916535962413, 72.82956856811571811 ) ) ;
#2604 = DIRECTION ( 'NONE',  ( 0.000000000000000000, 0.000000000000000000, -1.000000000000000000 ) ) ;
#2605 = AXIS2_PLACEMENT_3D ( 'NONE', #5376, #5490, #2453 ) ;
#2606 = CARTESIAN_POINT ( 'NONE',  ( -77.95244739473112361, -20.55155916535846572, -22.32235404814884916 ) ) ;
#2607 = DIRECTION ( 'NONE',  ( 0.000000000000000000, 0.000000000000000000, 1.000000000000000000 ) ) ;
#2608 = CIRCLE ( 'NONE', #154, 9.300000000000002487 ) ;
#2609 = CARTESIAN_POINT ( 'NONE',  ( -77.67450997784374067, 8.595411950461315342, -23.08113104108157998 ) ) ;
#2610 = CARTESIAN_POINT ( 'NONE',  ( -75.22617442437858415, 7.845915417227249833, -24.58275569152138829 ) ) ;
#2611 = CIRCLE ( 'NONE', #7025, 1.599999999999990319 ) ;
#2612 = CARTESIAN_POINT ( 'NONE',  ( -77.36449908255669072, 9.498684368469570316, -18.74237970154344879 ) ) ;
#2613 = CARTESIAN_POINT ( 'NONE',  ( 21.13504084360030788, -15.55155916535961858, 0.000000000000000000 ) ) ;
#2614 = CARTESIAN_POINT ( 'NONE',  ( 20.09287202544985007, 9.072948694877423392, -19.06376371295935712 ) ) ;
#2615 = ORIENTED_EDGE ( 'NONE', *, *, #5370, .F. ) ;
#2616 = CARTESIAN_POINT ( 'NONE',  ( -74.81618232188303352, 7.633562314418703920, 74.39246890014689484 ) ) ;
#2617 = AXIS2_PLACEMENT_3D ( 'NONE', #5706, #1128, #6966 ) ;
#2618 = CARTESIAN_POINT ( 'NONE',  ( 20.10196264578548409, 9.065004341514290687, 68.86419512032115620 ) ) ;
#2619 = CARTESIAN_POINT ( 'NONE',  ( 14.17261373925829027, 9.256231991949331217, -23.49222010768494684 ) ) ;
#2620 = AXIS2_PLACEMENT_3D ( 'NONE', #6820, #3265, #1559 ) ;
#2621 = FACE_OUTER_BOUND ( 'NONE', #5221, .T. ) ;
#2622 = FACE_OUTER_BOUND ( 'NONE', #5950, .T. ) ;
#2623 = ORIENTED_EDGE ( 'NONE', *, *, #470, .F. ) ;
#2624 = CARTESIAN_POINT ( 'NONE',  ( 18.83409620123862993, 8.379405462530954196, -24.29149641413657434 ) ) ;
#2625 = ORIENTED_EDGE ( 'NONE', *, *, #7229, .F. ) ;
#2626 = ORIENTED_EDGE ( 'NONE', *, *, #5864, .T. ) ;
#2627 = CARTESIAN_POINT ( 'NONE',  ( -65.97768383176141072, 7.448440834640384978, 20.39006495185253343 ) ) ;
#2628 = ADVANCED_FACE ( 'NONE', ( #4043 ), #6873, .F. ) ;
#2629 = CARTESIAN_POINT ( 'NONE',  ( -54.77768383176140077, 8.648440834640384267, 21.19006495185253058 ) ) ;
#2630 = CARTESIAN_POINT ( 'NONE',  ( -71.61029403324540965, 9.951699474726405370, 72.39730053982991365 ) ) ;
#2631 = ORIENTED_EDGE ( 'NONE', *, *, #5634, .F. ) ;
#2632 = PLANE ( 'NONE',  #3270 ) ;
#2633 = CARTESIAN_POINT ( 'NONE',  ( -76.99100818311097782, 8.061416751946101300, -24.26618746929597137 ) ) ;
#2634 = VERTEX_POINT ( 'NONE', #5758 ) ;
#2635 = CARTESIAN_POINT ( 'NONE',  ( 20.72013661677070928, 7.678540074750677569, 71.10651767755928176 ) ) ;
#2636 = EDGE_CURVE ( 'NONE', #6813, #7023, #4951, .T. ) ;
#2637 = CARTESIAN_POINT ( 'NONE',  ( 20.71246131933209966, 7.740352189240021552, 71.25737276964311206 ) ) ;
#2638 = CARTESIAN_POINT ( 'NONE',  ( 19.51271679402308834, 8.511607315454766010, -23.86207201601056838 ) ) ;
#2639 = VERTEX_POINT ( 'NONE', #2693 ) ;
#2640 = CARTESIAN_POINT ( 'NONE',  ( -65.97768383176141072, 8.648440834640384267, 20.39006495185253343 ) ) ;
#2641 = DIRECTION ( 'NONE',  ( 0.000000000000000000, 0.000000000000000000, -1.000000000000000000 ) ) ;
#2642 = DIRECTION ( 'NONE',  ( -3.451931573701943749E-11, 0.000000000000000000, 1.000000000000000000 ) ) ;
#2643 = CARTESIAN_POINT ( 'NONE',  ( 19.16903263091992926, 8.732635870823328261, -24.02360979283636055 ) ) ;
#2644 = EDGE_CURVE ( 'NONE', #6812, #3635, #6937, .T. ) ;
#2645 = CYLINDRICAL_SURFACE ( 'NONE', #7427, 3.000000000000002665 ) ;
#2646 = ADVANCED_FACE ( 'NONE', ( #2266 ), #7416, .T. ) ;
#2647 = AXIS2_PLACEMENT_3D ( 'NONE', #3704, #7344, #6689 ) ;
#2648 = CARTESIAN_POINT ( 'NONE',  ( -75.95488718882165813, -15.55155916535961680, 73.80278962052911140 ) ) ;
#2649 = CARTESIAN_POINT ( 'NONE',  ( -74.52649146751409148, 7.730581172013078373, -24.60137186443876089 ) ) ;
#2650 = ORIENTED_EDGE ( 'NONE', *, *, #3681, .T. ) ;
#2651 = CARTESIAN_POINT ( 'NONE',  ( -76.45785345664529586, 9.451046831411089144, -17.49002872738666170 ) ) ;
#2652 = MECHANICAL_DESIGN_GEOMETRIC_PRESENTATION_REPRESENTATION (  '', ( #2165 ), #4374 ) ;
#2653 = CARTESIAN_POINT ( 'NONE',  ( 20.36124281573033912, 8.488130558081081745, 72.44689908307759652 ) ) ;
#2654 = CARTESIAN_POINT ( 'NONE',  ( -64.87768383176140219, 9.448440834640383201, 10.69006495185253591 ) ) ;
#2655 = ORIENTED_EDGE ( 'NONE', *, *, #2735, .T. ) ;
#2656 = CARTESIAN_POINT ( 'NONE',  ( -73.32010141761479360, 8.377809666590586346, 74.17735747411603597 ) ) ;
#2657 = CIRCLE ( 'NONE', #6582, 0.5000000000000004441 ) ;
#2658 = DIRECTION ( 'NONE',  ( 0.000000000000000000, 0.8035776941407481999, 0.5951998735546222274 ) ) ;
#2659 = CARTESIAN_POINT ( 'NONE',  ( -75.69086542164833986, -15.55155916535961858, 74.80278962720933578 ) ) ;
#2660 = CARTESIAN_POINT ( 'NONE',  ( 7.322316168238593548, 8.648440834640384267, 9.890064951852531649 ) ) ;
#2661 = CARTESIAN_POINT ( 'NONE',  ( -76.28863735768069887, 7.448440834640383201, 0.000000000000000000 ) ) ;
#2662 = ORIENTED_EDGE ( 'NONE', *, *, #756, .F. ) ;
#2663 = CARTESIAN_POINT ( 'NONE',  ( -67.57768383176139082, 8.648440834640382491, 21.19006495185253058 ) ) ;
#2664 = ORIENTED_EDGE ( 'NONE', *, *, #2905, .F. ) ;
#2665 =( BOUNDED_CURVE ( )  B_SPLINE_CURVE ( 3, ( #732, #4995, #4841, #7180 ),
 .UNSPECIFIED., .F., .T. ) 
 B_SPLINE_CURVE_WITH_KNOTS ( ( 4, 4 ),
 ( 5.019378949320004502, 5.104872211866434029 ),
 .UNSPECIFIED. ) 
 CURVE ( )  GEOMETRIC_REPRESENTATION_ITEM ( )  RATIONAL_B_SPLINE_CURVE ( ( 1.000000000000000000, 0.9993910012473939952, 0.9993910012473939952, 1.000000000000000000 ) ) 
 REPRESENTATION_ITEM ( '' )  );
#2666 = ORIENTED_EDGE ( 'NONE', *, *, #3104, .F. ) ;
#2667 = CARTESIAN_POINT ( 'NONE',  ( 20.62988786092723004, 8.202985146754217638, 71.68909884300056490 ) ) ;
#2668 = CARTESIAN_POINT ( 'NONE',  ( 18.13549775812554543, 7.483345647514946464, 74.40071386808530463 ) ) ;
#2669 = DIRECTION ( 'NONE',  ( -0.000000000000000000, -1.000000000000000000, 0.000000000000000000 ) ) ;
#2670 = ORIENTED_EDGE ( 'NONE', *, *, #523, .F. ) ;
#2671 = CARTESIAN_POINT ( 'NONE',  ( -76.08692998474676017, -20.55155916535961680, 74.80278962720382196 ) ) ;
#2672 = CARTESIAN_POINT ( 'NONE',  ( -77.40258755610626906, 7.483345646220029401, -23.98487123202745153 ) ) ;
#2673 = CARTESIAN_POINT ( 'NONE',  ( 0.000000000000000000, 0.000000000000000000, 0.000000000000000000 ) ) ;
#2674 = EDGE_CURVE ( 'NONE', #4340, #7582, #4579, .T. ) ;
#2675 = VERTEX_POINT ( 'NONE', #6804 ) ;
#2676 = DIRECTION ( 'NONE',  ( -1.541976423090495831E-15, 0.000000000000000000, -1.000000000000000000 ) ) ;
#2677 = B_SPLINE_CURVE_WITH_KNOTS ( 'NONE', 3,
 ( #2599, #3271, #4948, #3693, #1372, #3771, #3105, #2638, #1447, #759, #1410, #5601, #3734, #5446, #6059, #797 ),
 .UNSPECIFIED., .F., .F.,
 ( 4, 2, 2, 2, 2, 2, 2, 4 ),
 ( 2.221066668261947562E-15, 0.0004866952941896588954, 0.0009733905883770968027, 0.001460085882564534547, 0.001946781176751972509, 0.002920171765126840409, 0.003406867059314279238, 0.003893562353501717633 ),
 .UNSPECIFIED. ) ;
#2678 = LINE ( 'NONE', #1563, #131 ) ;
#2679 = ADVANCED_FACE ( 'NONE', ( #3899 ), #6261, .F. ) ;
#2680 = CYLINDRICAL_SURFACE ( 'NONE', #1242, 3.000000000000002665 ) ;
#2681 = ORIENTED_EDGE ( 'NONE', *, *, #7477, .F. ) ;
#2682 = CARTESIAN_POINT ( 'NONE',  ( -77.69040850711751034, -15.55155916535961858, -22.02311663803931197 ) ) ;
#2683 = CARTESIAN_POINT ( 'NONE',  ( 20.11112318973887270, -20.55155916535966298, 72.94297577030297930 ) ) ;
#2684 = EDGE_CURVE ( 'NONE', #6464, #641, #2232, .T. ) ;
#2685 = CARTESIAN_POINT ( 'NONE',  ( -75.69086542164833986, 7.483345647514946464, 74.40071386808529041 ) ) ;
#2686 = CARTESIAN_POINT ( 'NONE',  ( -77.19431814336560649, 9.448440834640571495, -18.62074194045398201 ) ) ;
#2687 = CARTESIAN_POINT ( 'NONE',  ( 20.72097539621793061, 7.699739676224041318, -21.22339813501847061 ) ) ;
#2688 = EDGE_CURVE ( 'NONE', #6256, #283, #935, .T. ) ;
#2689 = CARTESIAN_POINT ( 'NONE',  ( -73.90730154594756129, 8.136072262625209106, -24.50637559406188615 ) ) ;
#2690 = ORIENTED_EDGE ( 'NONE', *, *, #1841, .F. ) ;
#2691 = CARTESIAN_POINT ( 'NONE',  ( -77.78619558051707372, 8.782663481716697973, -18.96281241338230572 ) ) ;
#2692 = CARTESIAN_POINT ( 'NONE',  ( -74.77768383175860833, -13.55155916535961858, 67.89006495185046219 ) ) ;
#2693 = CARTESIAN_POINT ( 'NONE',  ( 18.13549775813112674, -20.55155916535962035, 74.80278962720933578 ) ) ;
#2694 = ORIENTED_EDGE ( 'NONE', *, *, #2644, .F. ) ;
#2695 = CARTESIAN_POINT ( 'NONE',  ( 17.22231616824143430, 7.448440834640383201, 70.89006495185043377 ) ) ;
#2696 = EDGE_CURVE ( 'NONE', #5192, #361, #563, .T. ) ;
#2697 = CARTESIAN_POINT ( 'NONE',  ( -65.67768383176139935, 8.648440834640384267, 9.890064951852535202 ) ) ;
#2698 = CARTESIAN_POINT ( 'NONE',  ( 13.81296601626455534, 9.430417729097650081, 72.74506968140779861 ) ) ;
#2699 = DIRECTION ( 'NONE',  ( 0.5951998735917175543, -0.8035776941132720674, 0.000000000000000000 ) ) ;
#2700 = ORIENTED_EDGE ( 'NONE', *, *, #1037, .T. ) ;
#2701 = CARTESIAN_POINT ( 'NONE',  ( 20.42937040942853599, 8.436213256736836641, -22.52053328378894292 ) ) ;
#2702 = ORIENTED_EDGE ( 'NONE', *, *, #5268, .T. ) ;
#2703 = DIRECTION ( 'NONE',  ( 0.000000000000000000, 0.000000000000000000, 1.000000000000000000 ) ) ;
#2704 = DIRECTION ( 'NONE',  ( 0.000000000000000000, 1.000000000000000000, -0.000000000000000000 ) ) ;
#2705 = ORIENTED_EDGE ( 'NONE', *, *, #3822, .T. ) ;
#2706 = CARTESIAN_POINT ( 'NONE',  ( -78.59468398443753756, -15.55155916535962213, 72.57933571030788755 ) ) ;
#2707 = CARTESIAN_POINT ( 'NONE',  ( -77.39594444879547552, 8.061418502279227738, -23.97724454084119472 ) ) ;
#2708 = DIRECTION ( 'NONE',  ( 0.000000000000000000, 0.000000000000000000, 1.000000000000000000 ) ) ;
#2709 = ORIENTED_EDGE ( 'NONE', *, *, #4958, .T. ) ;
#2710 = CARTESIAN_POINT ( 'NONE',  ( 20.70133630103447331, 7.809605725995547587, 71.38239025073967525 ) ) ;
#2711 = CARTESIAN_POINT ( 'NONE',  ( -75.69086542164833986, -15.55155916535961858, -25.02265972350848244 ) ) ;
#2712 = CIRCLE ( 'NONE', #6022, 0.7999999999999986011 ) ;
#2713 = AXIS2_PLACEMENT_3D ( 'NONE', #840, #5989, #5527 ) ;
#2714 = CARTESIAN_POINT ( 'NONE',  ( -76.66828146250139753, 8.451330654355981409, 73.92272787550504631 ) ) ;
#2715 = ORIENTED_EDGE ( 'NONE', *, *, #6687, .F. ) ;
#2716 = CARTESIAN_POINT ( 'NONE',  ( -28.77768383176221079, 9.448440834640383201, 49.19006495185253414 ) ) ;
#2717 = AXIS2_PLACEMENT_3D ( 'NONE', #7593, #4752, #7092 ) ;
#2718 = CARTESIAN_POINT ( 'NONE',  ( -77.49440838401164910, 8.788230581259917074, 73.12318156889104159 ) ) ;
#2719 = CARTESIAN_POINT ( 'NONE',  ( -78.24958582693143683, 7.912350803939486532, -21.55556825335100868 ) ) ;
#2720 = DIRECTION ( 'NONE',  ( 0.000000000000000000, 0.000000000000000000, -1.000000000000000000 ) ) ;
#2721 = DIRECTION ( 'NONE',  ( 0.000000000000000000, 1.000000000000000000, -0.000000000000000000 ) ) ;
#2722 = CIRCLE ( 'NONE', #6027, 9.300000000000002487 ) ;
#2723 = DIRECTION ( 'NONE',  ( -0.000000000000000000, -1.000000000000000000, -0.000000000000000000 ) ) ;
#2724 = EDGE_CURVE ( 'NONE', #424, #6005, #6447, .T. ) ;
#2725 = DIRECTION ( 'NONE',  ( 0.000000000000000000, 0.000000000000000000, 1.000000000000000000 ) ) ;
#2726 = ORIENTED_EDGE ( 'NONE', *, *, #5126, .T. ) ;
#2727 = CARTESIAN_POINT ( 'NONE',  ( -77.49988346654286886, 9.378531838009564581, -18.90061547361407790 ) ) ;
#2728 = AXIS2_PLACEMENT_3D ( 'NONE', #7262, #5037, #4352 ) ;
#2729 = CARTESIAN_POINT ( 'NONE',  ( 18.74562539114090853, 8.611821679894148929, 74.04550314632682273 ) ) ;
#2730 = CARTESIAN_POINT ( 'NONE',  ( -77.39508328793309033, -20.55155916535766991, 73.29744889291545462 ) ) ;
#2731 = VERTEX_POINT ( 'NONE', #693 ) ;
#2732 = DIRECTION ( 'NONE',  ( -0.000000000000000000, -1.000000000000000000, 0.000000000000000000 ) ) ;
#2733 = EDGE_CURVE ( 'NONE', #1767, #2086, #651, .T. ) ;
#2734 = CIRCLE ( 'NONE', #5671, 0.7999999999999951594 ) ;
#2735 = EDGE_CURVE ( 'NONE', #7075, #2249, #4119, .T. ) ;
#2736 = CARTESIAN_POINT ( 'NONE',  ( -77.94966088460888898, -20.55155916535960969, -24.00650075280160678 ) ) ;
#2737 = CARTESIAN_POINT ( 'NONE',  ( -77.21661201838465161, 9.448440834640383201, 69.07815853638501835 ) ) ;
#2738 = CARTESIAN_POINT ( 'NONE',  ( 19.27625951434675144, 8.544941350059366059, 73.77157552446281841 ) ) ;
#2739 = AXIS2_PLACEMENT_3D ( 'NONE', #4262, #720, #3690 ) ;
#2740 = CARTESIAN_POINT ( 'NONE',  ( 18.07629832608471077, 8.124720590879791260, -24.50462204425140911 ) ) ;
#2741 = ORIENTED_EDGE ( 'NONE', *, *, #4840, .T. ) ;
#2742 = EDGE_CURVE ( 'NONE', #7363, #1379, #4609, .T. ) ;
#2743 = EDGE_CURVE ( 'NONE', #5192, #5944, #731, .T. ) ;
#2744 = DIRECTION ( 'NONE',  ( 0.000000000000000000, -1.000000000000000000, 0.000000000000000000 ) ) ;
#2745 = CARTESIAN_POINT ( 'NONE',  ( -55.57768383176140503, 8.648440834640384267, 20.39006495185253343 ) ) ;
#2746 = TOROIDAL_SURFACE ( 'NONE', #2133, 9.300000000000000711, 0.8000000000000000444 ) ;
#2747 = EDGE_LOOP ( 'NONE', ( #729, #6852, #6212, #1880, #4211, #4028, #3301, #4084 ) ) ;
#2748 = CARTESIAN_POINT ( 'NONE',  ( -78.69040850711752455, -20.55155916535962035, -22.02311663803931197 ) ) ;
#2749 = CARTESIAN_POINT ( 'NONE',  ( -76.83162717799103802, 8.544941350056525664, -23.99144562068944353 ) ) ;
#2750 = DIRECTION ( 'NONE',  ( 0.000000000000000000, 0.01745240643728354982, -0.9998476951563912696 ) ) ;
#2751 = ORIENTED_EDGE ( 'NONE', *, *, #4102, .F. ) ;
#2752 = DIRECTION ( 'NONE',  ( 0.000000000000000000, 0.000000000000000000, -1.000000000000000000 ) ) ;
#2753 = CARTESIAN_POINT ( 'NONE',  ( 20.66006701571825488, 7.988692805756463677, 71.69627922643893214 ) ) ;
#2754 = CARTESIAN_POINT ( 'NONE',  ( -77.95972930608128593, 8.379145511043157413, 72.50089808034977068 ) ) ;
#2755 = VERTEX_POINT ( 'NONE', #3623 ) ;
#2756 = DIRECTION ( 'NONE',  ( 0.000000000000000000, -1.000000000000000000, 0.000000000000000000 ) ) ;
#2757 = B_SPLINE_CURVE_WITH_KNOTS ( 'NONE', 3,
 ( #4277, #7222, #3122, #2537, #2614, #7265 ),
 .UNSPECIFIED., .F., .F.,
 ( 4, 2, 4 ),
 ( -9.937569891622672225E-06, 0.001312593095895648113, 0.002635123761682918626 ),
 .UNSPECIFIED. ) ;
#2758 = CARTESIAN_POINT ( 'NONE',  ( 20.14692072642139919, 8.745962970926598246, -23.06101258078058436 ) ) ;
#2759 = CARTESIAN_POINT ( 'NONE',  ( -76.94991594540887547, 9.448440834640383201, -18.72456091768367159 ) ) ;
#2760 = CARTESIAN_POINT ( 'NONE',  ( 3.733269694163487973, 8.248440834640383912, 34.19006495185043804 ) ) ;
#2761 = CARTESIAN_POINT ( 'NONE',  ( -72.45900791121397333, 9.124014410439656331, -23.74395921245596242 ) ) ;
#2762 = ORIENTED_EDGE ( 'NONE', *, *, #7383, .F. ) ;
#2763 = CARTESIAN_POINT ( 'NONE',  ( 17.97716644548382803, 8.054643552734358281, 74.30958274407059605 ) ) ;
#2764 = CARTESIAN_POINT ( 'NONE',  ( -66.27768383176041311, 7.448440834640384978, 11.89006495185241441 ) ) ;
#2765 = CARTESIAN_POINT ( 'NONE',  ( -8.777683831760253241, 9.448440834640383201, 50.89006495185251566 ) ) ;
#2766 = AXIS2_PLACEMENT_3D ( 'NONE', #5686, #2800, #5147 ) ;
#2767 = EDGE_LOOP ( 'NONE', ( #4106, #1576, #2096, #2926 ) ) ;
#2768 = FACE_OUTER_BOUND ( 'NONE', #1427, .T. ) ;
#2769 = VECTOR ( 'NONE', #454, 1000.000000000000000 ) ;
#2770 = ADVANCED_FACE ( 'NONE', ( #4795 ), #3538, .T. ) ;
#2771 = CARTESIAN_POINT ( 'NONE',  ( 17.27064544209424568, 7.678798450549980004, -24.61021601381830948 ) ) ;
#2772 = CARTESIAN_POINT ( 'NONE',  ( -77.53429175579292121, -15.55155916535961858, 74.20192554528522066 ) ) ;
#2773 = CARTESIAN_POINT ( 'NONE',  ( 20.60305935734093907, 7.483345649990141624, 72.63370079418669434 ) ) ;
#2774 = PLANE ( 'NONE',  #1637 ) ;
#2775 = ORIENTED_EDGE ( 'NONE', *, *, #3372, .T. ) ;
#2776 = CIRCLE ( 'NONE', #7178, 0.5000000000000028866 ) ;
#2777 = CARTESIAN_POINT ( 'NONE',  ( -71.07403435556560112, 9.448440834640386754, -22.62088857407132991 ) ) ;
#2778 = EDGE_CURVE ( 'NONE', #2552, #3972, #4222, .T. ) ;
#2779 = ORIENTED_EDGE ( 'NONE', *, *, #3174, .F. ) ;
#2780 = DIRECTION ( 'NONE',  ( -0.000000000000000000, 1.000000000000000000, -0.000000000000000000 ) ) ;
#2781 = PRODUCT_DEFINITION_CONTEXT ( 'detailed design', #3042, 'design' ) ;
#2782 = CARTESIAN_POINT ( 'NONE',  ( -76.93785913551697320, 14.44844083463901896, -24.18653771106954409 ) ) ;
#2783 = CARTESIAN_POINT ( 'NONE',  ( -77.41089897620017268, 9.448440834640395636, -19.67251444057374954 ) ) ;
#2784 = ORIENTED_EDGE ( 'NONE', *, *, #4697, .T. ) ;
#2785 = CARTESIAN_POINT ( 'NONE',  ( 19.46601494446154845, -15.55155916535961147, -24.71855612152688764 ) ) ;
#2786 = CARTESIAN_POINT ( 'NONE',  ( 20.71804129396082317, 7.730273955588521595, 70.70839865387662826 ) ) ;
#2787 = ADVANCED_FACE ( 'NONE', ( #5298 ), #5226, .T. ) ;
#2788 = DIRECTION ( 'NONE',  ( 0.000000000000000000, 0.000000000000000000, -1.000000000000000000 ) ) ;
#2789 = ORIENTED_EDGE ( 'NONE', *, *, #5394, .T. ) ;
#2790 = DIRECTION ( 'NONE',  ( -1.000000000000000000, 0.000000000000000000, 0.000000000000000000 ) ) ;
#2791 = DIRECTION ( 'NONE',  ( 0.000000000000000000, 0.000000000000000000, 1.000000000000000000 ) ) ;
#2792 = CARTESIAN_POINT ( 'NONE',  ( -76.50744177539328916, 9.448440834640384978, 67.29799572527197427 ) ) ;
#2793 = CARTESIAN_POINT ( 'NONE',  ( -76.28863735768001675, 9.448440834640386754, -17.40628557195642045 ) ) ;
#2794 = CARTESIAN_POINT ( 'NONE',  ( 14.26128518392585143, 9.448440834640383201, 72.79991381295251074 ) ) ;
#2795 = DIRECTION ( 'NONE',  ( 0.000000000000000000, 0.000000000000000000, 1.000000000000000000 ) ) ;
#2796 = ORIENTED_EDGE ( 'NONE', *, *, #4479, .F. ) ;
#2797 = DIRECTION ( 'NONE',  ( 0.000000000000000000, 0.000000000000000000, 1.000000000000000000 ) ) ;
#2798 = CARTESIAN_POINT ( 'NONE',  ( 17.02769770899376667, 7.701992840647196026, 74.38518034193739936 ) ) ;
#2799 = CARTESIAN_POINT ( 'NONE',  ( 19.52251325960081729, 8.520267890299017211, 73.64980465314343405 ) ) ;
#2800 = DIRECTION ( 'NONE',  ( -0.000000000000000000, 1.000000000000000000, -0.000000000000000000 ) ) ;
#2801 = EDGE_LOOP ( 'NONE', ( #4524, #4847, #1220, #2625, #958, #4465 ) ) ;
#2802 = DIRECTION ( 'NONE',  ( -0.000000000000000000, -1.000000000000000000, -0.000000000000000000 ) ) ;
#2803 = DIRECTION ( 'NONE',  ( -0.000000000000000000, 1.000000000000000000, -0.000000000000000000 ) ) ;
#2804 = CARTESIAN_POINT ( 'NONE',  ( 20.75648652953882589, -15.55155916535961858, -23.53381834002564332 ) ) ;
#2805 = CARTESIAN_POINT ( 'NONE',  ( 17.22231616824157641, 7.682209202646506085, 74.39006495185043377 ) ) ;
#2806 = CARTESIAN_POINT ( 'NONE',  ( 20.45811264822729214, 8.061418501053807972, 72.95715883809303648 ) ) ;
#2807 = DIRECTION ( 'NONE',  ( 0.000000000000000000, 0.000000000000000000, 1.000000000000000000 ) ) ;
#2808 = EDGE_LOOP ( 'NONE', ( #5703, #6552, #2062, #5294, #7404, #4877 ) ) ;
#2809 = AXIS2_PLACEMENT_3D ( 'NONE', #4207, #1276, #4812 ) ;
#2810 = CARTESIAN_POINT ( 'NONE',  ( -78.27637427182278884, 7.671136679937929692, 71.00478181628004393 ) ) ;
#2811 = EDGE_CURVE ( 'NONE', #1959, #2134, #1293, .T. ) ;
#2812 = DIRECTION ( 'NONE',  ( -1.000000000000000000, 0.000000000000000000, 0.000000000000000000 ) ) ;
#2813 = CARTESIAN_POINT ( 'NONE',  ( -77.85428649468128981, 14.44844083463901896, -23.27011035190521682 ) ) ;
#2814 = DIRECTION ( 'NONE',  ( 0.000000000000000000, -0.000000000000000000, -1.000000000000000000 ) ) ;
#2815 = VERTEX_POINT ( 'NONE', #311 ) ;
#2816 = CARTESIAN_POINT ( 'NONE',  ( 19.64034875590036577, -20.55155916535962035, -24.62518898941106826 ) ) ;
#2817 = EDGE_CURVE ( 'NONE', #5879, #3244, #687, .T. ) ;
#2818 = TOROIDAL_SURFACE ( 'NONE', #497, 9.300000000000000711, 0.8000000000000000444 ) ;
#2819 = CARTESIAN_POINT ( 'NONE',  ( 19.65712086841774919, 14.44844083464038853, -24.00304317883742655 ) ) ;
#2820 = EDGE_CURVE ( 'NONE', #798, #3244, #5594, .T. ) ;
#2821 = CARTESIAN_POINT ( 'NONE',  ( -54.77768383176140077, -20.55655916577720532, 20.39006495185253343 ) ) ;
#2822 = ORIENTED_EDGE ( 'NONE', *, *, #5634, .T. ) ;
#2823 = CARTESIAN_POINT ( 'NONE',  ( -16.26673030583651069, 8.248440834640383912, 24.89006495185057233 ) ) ;
#2824 = AXIS2_PLACEMENT_3D ( 'NONE', #5923, #2967, #4694 ) ;
#2825 = CARTESIAN_POINT ( 'NONE',  ( 19.93247648290523344, 8.776932067064953102, 73.11137910628934833 ) ) ;
#2826 = DIRECTION ( 'NONE',  ( -0.000000000000000000, 1.000000000000000000, -0.000000000000000000 ) ) ;
#2827 = CARTESIAN_POINT ( 'NONE',  ( -76.28863735767983201, 9.448440834640386754, -17.40628557195634230 ) ) ;
#2828 = EDGE_CURVE ( 'NONE', #1681, #4288, #513, .T. ) ;
#2829 = EDGE_CURVE ( 'NONE', #5357, #4856, #2523, .T. ) ;
#2830 = AXIS2_PLACEMENT_3D ( 'NONE', #6863, #2642, #6137 ) ;
#2831 = CARTESIAN_POINT ( 'NONE',  ( -54.77768383176139366, 8.648440834640384267, 28.59006495185253272 ) ) ;
#2832 = AXIS2_PLACEMENT_3D ( 'NONE', #1492, #2721, #2186 ) ;
#2833 = CARTESIAN_POINT ( 'NONE',  ( -74.77768383175860833, 9.448440834640395636, 70.89006495185046219 ) ) ;
#2834 = ORIENTED_EDGE ( 'NONE', *, *, #5122, .T. ) ;
#2835 = DIRECTION ( 'NONE',  ( -0.000000000000000000, 1.000000000000000000, -0.000000000000000000 ) ) ;
#2836 = VECTOR ( 'NONE', #3390, 1000.000000000000000 ) ;
#2837 = DIRECTION ( 'NONE',  ( 0.000000000000000000, 0.000000000000000000, -1.000000000000000000 ) ) ;
#2838 = CARTESIAN_POINT ( 'NONE',  ( 18.13549775813114096, 7.483345647514946464, -24.62058396438443708 ) ) ;
#2839 = AXIS2_PLACEMENT_3D ( 'NONE', #4903, #96, #174 ) ;
#2840 = CARTESIAN_POINT ( 'NONE',  ( -77.95244740353271595, -20.55155916535962035, 71.80324654172990506 ) ) ;
#2841 = ORIENTED_EDGE ( 'NONE', *, *, #4749, .T. ) ;
#2842 = AXIS2_PLACEMENT_3D ( 'NONE', #1986, #4339, #452 ) ;
#2843 = ORIENTED_EDGE ( 'NONE', *, *, #2441, .T. ) ;
#2844 = CARTESIAN_POINT ( 'NONE',  ( 20.39707974000764779, -20.55155916535962035, 71.80324654174016530 ) ) ;
#2845 = AXIS2_PLACEMENT_3D ( 'NONE', #7604, #2339, #4684 ) ;
#2846 = CYLINDRICAL_SURFACE ( 'NONE', #6778, 5.000000000000004441 ) ;
#2847 = CARTESIAN_POINT ( 'NONE',  ( -77.51861145792187813, -20.55155916535962035, -24.40939433319802632 ) ) ;
#2848 = CARTESIAN_POINT ( 'NONE',  ( -77.20156712363603901, -15.55155916535961858, 74.42423531314716456 ) ) ;
#2849 = CARTESIAN_POINT ( 'NONE',  ( -78.28833274799347919, 7.483345647514950016, 0.000000000000000000 ) ) ;
#2850 = CYLINDRICAL_SURFACE ( 'NONE', #3863, 1.229499999999987603 ) ;
#2851 = ORIENTED_EDGE ( 'NONE', *, *, #6771, .F. ) ;
#2852 = VECTOR ( 'NONE', #3206, 1000.000000000000000 ) ;
#2853 = CARTESIAN_POINT ( 'NONE',  ( -78.27737841153805221, 7.662604429898864034, 70.81457913907938462 ) ) ;
#2854 = DIRECTION ( 'NONE',  ( 0.000000000000000000, 0.000000000000000000, 1.000000000000000000 ) ) ;
#2855 = TOROIDAL_SURFACE ( 'NONE', #6175, 9.300000000000000711, 0.8000000000000000444 ) ;
#2856 = DIRECTION ( 'NONE',  ( -0.000000000000000000, -1.000000000000000000, 0.000000000000000000 ) ) ;
#2857 = CARTESIAN_POINT ( 'NONE',  ( 21.13504084360030788, -18.88489249869295250, -22.02311663803929775 ) ) ;
#2858 = ORIENTED_EDGE ( 'NONE', *, *, #3683, .T. ) ;
#2859 = CARTESIAN_POINT ( 'NONE',  ( 19.72226467548911089, 7.483343494568639898, 73.86666942725256035 ) ) ;
#2860 = ADVANCED_FACE ( 'NONE', ( #3740 ), #6601, .F. ) ;
#2861 = AXIS2_PLACEMENT_3D ( 'NONE', #6959, #1051, #2807 ) ;
#2862 = CARTESIAN_POINT ( 'NONE',  ( 19.97892409227747379, -15.55155916535961858, -24.42179564158535143 ) ) ;
#2863 = CARTESIAN_POINT ( 'NONE',  ( -75.96044260785532742, 8.214674948171474256, 74.23906440459502676 ) ) ;
#2864 = ORIENTED_EDGE ( 'NONE', *, *, #6391, .F. ) ;
#2865 = CARTESIAN_POINT ( 'NONE',  ( 18.55869142841083885, 7.483343549068462330, -24.58712624814296888 ) ) ;
#2866 = EDGE_CURVE ( 'NONE', #294, #6095, #6064, .T. ) ;
#2867 = CARTESIAN_POINT ( 'NONE',  ( 20.13599091293323795, 8.732635870822814894, 72.83678141452141119 ) ) ;
#2868 = DIRECTION ( 'NONE',  ( 0.000000000000000000, 0.000000000000000000, 1.000000000000000000 ) ) ;
#2869 = CARTESIAN_POINT ( 'NONE',  ( -55.57768383176139793, 7.448440834640384978, 29.39006495185252987 ) ) ;
#2870 = VECTOR ( 'NONE', #3296, 1000.000000000000000 ) ;
#2871 = ADVANCED_FACE ( 'NONE', ( #1992 ), #2566, .T. ) ;
#2872 = DIRECTION ( 'NONE',  ( 0.000000000000000000, 0.000000000000000000, 1.000000000000000000 ) ) ;
#2873 = LINE ( 'NONE', #3927, #3957 ) ;
#2874 = ORIENTED_EDGE ( 'NONE', *, *, #7329, .T. ) ;
#2875 = DIRECTION ( 'NONE',  ( 1.000000000000000000, 0.000000000000000000, 0.000000000000000000 ) ) ;
#2876 = CARTESIAN_POINT ( 'NONE',  ( 17.83347657846568168, 8.044579914741564863, 74.33766655872835827 ) ) ;
#2877 = ADVANCED_FACE ( 'NONE', ( #5572 ), #2645, .F. ) ;
#2878 = CARTESIAN_POINT ( 'NONE',  ( 12.45607871693996671, 7.448440834640383201, -22.62088857407165676 ) ) ;
#2879 = CARTESIAN_POINT ( 'NONE',  ( 20.68814854784709922, 7.885631631616077719, -20.47079705847508890 ) ) ;
#2880 = ORIENTED_EDGE ( 'NONE', *, *, #4513, .F. ) ;
#2881 = EDGE_LOOP ( 'NONE', ( #3033, #1514, #6280, #6365 ) ) ;
#2882 = CARTESIAN_POINT ( 'NONE',  ( -65.67768383176139935, 8.648440834640384267, -17.10993504814755184 ) ) ;
#2883 = CARTESIAN_POINT ( 'NONE',  ( -73.32010141762368960, 8.377809666585340764, -24.39722757041796442 ) ) ;
#2884 = CARTESIAN_POINT ( 'NONE',  ( 17.22231616824142364, 9.448440834640395636, -21.10993504814957689 ) ) ;
#2885 = AXIS2_PLACEMENT_3D ( 'NONE', #4892, #822, #3170 ) ;
#2886 = CARTESIAN_POINT ( 'NONE',  ( -76.65743240485575427, -20.55155916535962035, -24.86948632564025985 ) ) ;
#2887 = CARTESIAN_POINT ( 'NONE',  ( -76.93858092753237088, 9.369535726587262303, 67.80936740022897879 ) ) ;
#2888 = CARTESIAN_POINT ( 'NONE',  ( 18.31315251259713150, 8.061418476070690176, 74.39062344310973174 ) ) ;
#2889 = CARTESIAN_POINT ( 'NONE',  ( 18.13549775812944276, 8.052076284337916334, -24.52761987235897223 ) ) ;
#2890 = ORIENTED_EDGE ( 'NONE', *, *, #444, .F. ) ;
#2891 = CARTESIAN_POINT ( 'NONE',  ( 17.22231616824143430, -20.55355916535961569, 70.89006495185043377 ) ) ;
#2892 = CARTESIAN_POINT ( 'NONE',  ( -28.77768383176202605, -20.55655916577720532, 61.89006495185253698 ) ) ;
#2893 = CARTESIAN_POINT ( 'NONE',  ( -72.36643355066959771, 9.191776543908526165, 73.55043923376715043 ) ) ;
#2894 = AXIS2_PLACEMENT_3D ( 'NONE', #1182, #2875, #6911 ) ;
#2895 = ORIENTED_EDGE ( 'NONE', *, *, #1184, .F. ) ;
#2896 = DIRECTION ( 'NONE',  ( 1.789677345388667397E-11, 1.608088662230500177E-11, 1.000000000000000000 ) ) ;
#2897 = DIRECTION ( 'NONE',  ( 0.000000000000000000, 0.000000000000000000, -1.000000000000000000 ) ) ;
#2898 = VECTOR ( 'NONE', #4059, 1000.000000000000000 ) ;
#2899 = CARTESIAN_POINT ( 'NONE',  ( -75.25609593043471079, 7.801986561057026925, 74.37053150642599064 ) ) ;
#2900 = ORIENTED_EDGE ( 'NONE', *, *, #5506, .F. ) ;
#2901 = CYLINDRICAL_SURFACE ( 'NONE', #6216, 0.8000000000000020428 ) ;
#2902 = DIRECTION ( 'NONE',  ( 0.000000000000000000, -1.000000000000000000, -0.000000000000000000 ) ) ;
#2903 = CARTESIAN_POINT ( 'NONE',  ( -78.26627871289444727, 7.750563299783442162, 71.27527353332551741 ) ) ;
#2904 = CARTESIAN_POINT ( 'NONE',  ( 19.46515547132949209, -20.55155916535961680, 74.49920644794916313 ) ) ;
#2905 = EDGE_CURVE ( 'NONE', #2058, #4671, #3140, .T. ) ;
#2906 = DIRECTION ( 'NONE',  ( 0.000000000000000000, 0.8035776941576344701, -0.5951998735318239087 ) ) ;
#2907 = CARTESIAN_POINT ( 'NONE',  ( 19.45671678751727285, -15.54555916536007132, 73.30943013098348615 ) ) ;
#2908 = EDGE_LOOP ( 'NONE', ( #1437, #6404, #4496, #1461 ) ) ;
#2909 = FACE_OUTER_BOUND ( 'NONE', #6000, .T. ) ;
#2910 = EDGE_CURVE ( 'NONE', #1021, #7216, #4165, .T. ) ;
#2911 = EDGE_CURVE ( 'NONE', #2268, #4542, #1299, .T. ) ;
#2912 = CARTESIAN_POINT ( 'NONE',  ( -74.77768383175860833, -15.55155916535962035, 70.89006495185046219 ) ) ;
#2913 = CARTESIAN_POINT ( 'NONE',  ( 20.46812013453046575, 8.332612655763366405, 72.35649428313294607 ) ) ;
#2914 = CARTESIAN_POINT ( 'NONE',  ( 20.71487983117070542, 7.720059768075850037, -20.79478162535323094 ) ) ;
#2915 = ORIENTED_EDGE ( 'NONE', *, *, #312, .T. ) ;
#2916 = ORIENTED_EDGE ( 'NONE', *, *, #2636, .F. ) ;
#2917 = CARTESIAN_POINT ( 'NONE',  ( -71.69705360819419582, 9.369521232828939006, 73.05102046418755890 ) ) ;
#2918 = EDGE_CURVE ( 'NONE', #3555, #4177, #806, .T. ) ;
#2919 = CARTESIAN_POINT ( 'NONE',  ( -71.20941843035711827, 9.448440834640582153, -22.79264411457796413 ) ) ;
#2920 = CARTESIAN_POINT ( 'NONE',  ( -75.70802288784018685, 8.314134953971292319, 74.26684718907513627 ) ) ;
#2921 = CARTESIAN_POINT ( 'NONE',  ( 3.733269694163487973, 7.448440834640383201, 34.19006495185043804 ) ) ;
#2922 = CARTESIAN_POINT ( 'NONE',  ( -78.61084778467854051, -15.55155916535961858, -22.81276859911502441 ) ) ;
#2923 = DIRECTION ( 'NONE',  ( 0.1851705249640671069, -0.5849067274828521068, -0.7896809462243801203 ) ) ;
#2924 = CARTESIAN_POINT ( 'NONE',  ( 20.70541032449893848, 7.782478616775416747, -20.67004862100942475 ) ) ;
#2925 = FACE_OUTER_BOUND ( 'NONE', #4590, .T. ) ;
#2926 = ORIENTED_EDGE ( 'NONE', *, *, #844, .T. ) ;
#2927 = CARTESIAN_POINT ( 'NONE',  ( 20.28486399417758435, 8.973136777683041743, 69.18455993337697407 ) ) ;
#2928 = EDGE_CURVE ( 'NONE', #7075, #4532, #6901, .T. ) ;
#2929 = EDGE_CURVE ( 'NONE', #6583, #5591, #2395, .T. ) ;
#2930 = CARTESIAN_POINT ( 'NONE',  ( -78.05175676767882464, 8.410864462885282222, 69.63351395100406194 ) ) ;
#2931 = CARTESIAN_POINT ( 'NONE',  ( 16.88643762227843581, 7.829588582900496974, -24.59415277946136413 ) ) ;
#2932 = CARTESIAN_POINT ( 'NONE',  ( -74.77768383175860833, 9.448440834640395636, 73.89006495185046219 ) ) ;
#2933 = VERTEX_POINT ( 'NONE', #728 ) ;
#2934 = CARTESIAN_POINT ( 'NONE',  ( 20.39534557174781071, -20.55155916535962035, -24.00529961897644071 ) ) ;
#2935 = ORIENTED_EDGE ( 'NONE', *, *, #4112, .T. ) ;
#2936 = CARTESIAN_POINT ( 'NONE',  ( 21.05697763190580218, -15.55155916535961858, 72.58843383562239637 ) ) ;
#2937 = CARTESIAN_POINT ( 'NONE',  ( -74.76592441554500112, 7.630920137471938425, 74.39269167902753566 ) ) ;
#2938 = ORIENTED_EDGE ( 'NONE', *, *, #2684, .T. ) ;
#2939 = CARTESIAN_POINT ( 'NONE',  ( -8.777683831760253241, 8.648440834640384267, 59.39006495185252277 ) ) ;
#2940 = CARTESIAN_POINT ( 'NONE',  ( 18.13549775812072795, -15.55155916535961858, -24.02265972350847179 ) ) ;
#2941 = CARTESIAN_POINT ( 'NONE',  ( -78.21208527326699311, 8.011754687172258471, 70.04397863300019367 ) ) ;
#2942 = CARTESIAN_POINT ( 'NONE',  ( -72.96961549361780897, 9.448440834640384978, -23.54082085114329814 ) ) ;
#2943 = DIRECTION ( 'NONE',  ( 0.000000000000000000, 0.000000000000000000, 1.000000000000000000 ) ) ;
#2944 = CARTESIAN_POINT ( 'NONE',  ( 18.65885516861169791, -15.54555916535961124, 73.75047610575303736 ) ) ;
#2945 = ORIENTED_EDGE ( 'NONE', *, *, #2910, .F. ) ;
#2946 = DIRECTION ( 'NONE',  ( 1.000000000000000000, 0.000000000000000000, 1.224646799147353207E-16 ) ) ;
#2947 = DIRECTION ( 'NONE',  ( 0.000000000000000000, -1.000000000000000000, 0.000000000000000000 ) ) ;
#2948 = FACE_OUTER_BOUND ( 'NONE', #7535, .T. ) ;
#2949 = CARTESIAN_POINT ( 'NONE',  ( 20.50960869051149515, 8.377809666582145098, -19.65235263401996590 ) ) ;
#2950 = ORIENTED_EDGE ( 'NONE', *, *, #5117, .F. ) ;
#2951 = ORIENTED_EDGE ( 'NONE', *, *, #6158, .T. ) ;
#2952 = AXIS2_PLACEMENT_3D ( 'NONE', #849, #6071, #1956 ) ;
#2953 = B_SPLINE_CURVE_WITH_KNOTS ( 'NONE', 3,
 ( #1909, #5329, #4223, #7244, #5444, #6556 ),
 .UNSPECIFIED., .F., .F.,
 ( 4, 2, 4 ),
 ( -8.754626404796700200E-06, 0.001256132642862247458, 0.002521019912129291579 ),
 .UNSPECIFIED. ) ;
#2954 = AXIS2_PLACEMENT_3D ( 'NONE', #3457, #5787, #2407 ) ;
#2955 = CARTESIAN_POINT ( 'NONE',  ( -71.80142427874920941, 9.222333842784115276, -23.55932828605979878 ) ) ;
#2956 = DIRECTION ( 'NONE',  ( 0.000000000000000000, 1.000000000000000000, -0.000000000000000000 ) ) ;
#2957 = CARTESIAN_POINT ( 'NONE',  ( -78.26262626338883877, 7.776662972097798665, -21.45427899517970616 ) ) ;
#2958 = VECTOR ( 'NONE', #4226, 1000.000000000000000 ) ;
#2959 = ADVANCED_FACE ( 'NONE', ( #146 ), #6905, .F. ) ;
#2960 = CYLINDRICAL_SURFACE ( 'NONE', #3733, 8.500000000000000000 ) ;
#2961 = CARTESIAN_POINT ( 'NONE',  ( 20.54319174162188943, 8.309928590294623163, -19.76494265221291968 ) ) ;
#2962 = VECTOR ( 'NONE', #6755, 1000.000000000000000 ) ;
#2963 = FACE_OUTER_BOUND ( 'NONE', #939, .T. ) ;
#2964 = ORIENTED_EDGE ( 'NONE', *, *, #2408, .F. ) ;
#2965 = CARTESIAN_POINT ( 'NONE',  ( 19.71110906367461268, 9.214276729992707970, 68.41657476852154218 ) ) ;
#2966 = AXIS2_PLACEMENT_3D ( 'NONE', #3536, #5988, #4673 ) ;
#2967 = DIRECTION ( 'NONE',  ( 0.000000000000000000, -1.000000000000000000, 0.000000000000000000 ) ) ;
#2968 = CARTESIAN_POINT ( 'NONE',  ( 17.97716644543693221, 8.054643552696783004, -24.52945284038291263 ) ) ;
#2969 = ADVANCED_FACE ( 'NONE', ( #6253 ), #6326, .T. ) ;
#2970 = DIRECTION ( 'NONE',  ( 0.000000000000000000, -1.000000000000000000, 1.816602424042912389E-11 ) ) ;
#2971 = ADVANCED_FACE ( 'NONE', ( #1534, #5140 ), #5751, .F. ) ;
#2972 = AXIS2_PLACEMENT_3D ( 'NONE', #3598, #2432, #2970 ) ;
#2973 = EDGE_LOOP ( 'NONE', ( #5100, #7399, #3337, #737 ) ) ;
#2974 = CARTESIAN_POINT ( 'NONE',  ( -78.27824232301841789, 8.061418476068691774, 71.98090129612822352 ) ) ;
#2975 = ORIENTED_EDGE ( 'NONE', *, *, #5689, .F. ) ;
#2976 = DIRECTION ( 'NONE',  ( -0.000000000000000000, -1.000000000000000000, -0.000000000000000000 ) ) ;
#2977 = AXIS2_PLACEMENT_3D ( 'NONE', #3730, #176, #1828 ) ;
#2978 = CARTESIAN_POINT ( 'NONE',  ( -75.69086542162774833, 8.052076284332297718, 74.30774977606311893 ) ) ;
#2979 = VERTEX_POINT ( 'NONE', #2150 ) ;
#2980 = CARTESIAN_POINT ( 'NONE',  ( -77.63707168218378740, -15.54555916535961302, -22.54943317097234967 ) ) ;
#2981 = DIRECTION ( 'NONE',  ( 0.000000000000000000, 1.000000000000000000, -0.000000000000000000 ) ) ;
#2982 = CARTESIAN_POINT ( 'NONE',  ( 20.62988786092723004, 8.202985146754217638, 71.68909884300056490 ) ) ;
#2983 = ORIENTED_EDGE ( 'NONE', *, *, #3532, .F. ) ;
#2984 = DIRECTION ( 'NONE',  ( 1.000000000000000000, -0.000000000000000000, 4.701147631373462191E-17 ) ) ;
#2985 = CARTESIAN_POINT ( 'NONE',  ( 17.22231616824142364, 34.44844083464037965, -22.70993504814958186 ) ) ;
#2986 = CIRCLE ( 'NONE', #780, 0.8000000000000003775 ) ;
#2987 = CARTESIAN_POINT ( 'NONE',  ( -74.77768383175860833, 9.448440834640395636, -24.10993504814957333 ) ) ;
#2988 = CARTESIAN_POINT ( 'NONE',  ( 20.13472639692460220, -15.54555916535961835, 71.80324654172977716 ) ) ;
#2989 = VERTEX_POINT ( 'NONE', #1035 ) ;
#2990 = FACE_BOUND ( 'NONE', #3420, .T. ) ;
#2991 = AXIS2_PLACEMENT_3D ( 'NONE', #6278, #1024, #2316 ) ;
#2992 = DIRECTION ( 'NONE',  ( 0.000000000000000000, 0.000000000000000000, -1.000000000000000000 ) ) ;
#2993 = CARTESIAN_POINT ( 'NONE',  ( 20.58365385291509497, 8.227712288516224604, 71.87637621355719375 ) ) ;
#2994 = CARTESIAN_POINT ( 'NONE',  ( 0.000000000000000000, -20.55155916535962035, -24.28469861992368095 ) ) ;
#2995 = ORIENTED_EDGE ( 'NONE', *, *, #1519, .F. ) ;
#2996 = ORIENTED_EDGE ( 'NONE', *, *, #7105, .F. ) ;
#2997 = CARTESIAN_POINT ( 'NONE',  ( -65.67768383176139935, 8.248440834640383912, -17.10993504814755184 ) ) ;
#2998 = CIRCLE ( 'NONE', #666, 5.000000000000004441 ) ;
#2999 = CARTESIAN_POINT ( 'NONE',  ( -77.40837008893949189, 7.483345654445008321, -23.97915381667633028 ) ) ;
#3000 = CARTESIAN_POINT ( 'NONE',  ( -78.27279922184489180, 7.701992840660525808, -20.91531658887279832 ) ) ;
#3001 = EDGE_CURVE ( 'NONE', #7376, #4326, #7483, .T. ) ;
#3002 = CYLINDRICAL_SURFACE ( 'NONE', #6170, 0.7999999999999986011 ) ;
#3003 = CARTESIAN_POINT ( 'NONE',  ( 20.71765633545880902, 7.699345939402672201, -20.84195794163397863 ) ) ;
#3004 = DIRECTION ( 'NONE',  ( 0.000000000000000000, -1.000000000000000000, 0.000000000000000000 ) ) ;
#3005 = ORIENTED_EDGE ( 'NONE', *, *, #2304, .F. ) ;
#3006 = CARTESIAN_POINT ( 'NONE',  ( 20.69845752799923133, 7.823861544419951741, 70.47788064291870569 ) ) ;
#3007 = EDGE_CURVE ( 'NONE', #7062, #3664, #3166, .T. ) ;
#3008 = CARTESIAN_POINT ( 'NONE',  ( -78.07937040544797469, 8.525300528781073695, 69.71319660538870266 ) ) ;
#3009 = CARTESIAN_POINT ( 'NONE',  ( 17.14181247289531740, 7.638849044800948285, -24.61188213059406849 ) ) ;
#3010 = ADVANCED_FACE ( 'NONE', ( #6183 ), #3952, .T. ) ;
#3011 = CARTESIAN_POINT ( 'NONE',  ( 15.54532545940296906, 8.948440834640386754, 73.96214928703224700 ) ) ;
#3012 = VERTEX_POINT ( 'NONE', #379 ) ;
#3013 = CARTESIAN_POINT ( 'NONE',  ( -77.64499332451735825, 8.061418502279428466, 73.50832556881304924 ) ) ;
#3014 = ORIENTED_EDGE ( 'NONE', *, *, #1371, .T. ) ;
#3015 = VECTOR ( 'NONE', #157, 1000.000000000000000 ) ;
#3016 = FACE_OUTER_BOUND ( 'NONE', #3272, .T. ) ;
#3017 = EDGE_CURVE ( 'NONE', #2328, #2933, #6834, .T. ) ;
#3018 = EDGE_CURVE ( 'NONE', #3521, #88, #7462, .T. ) ;
#3019 = CARTESIAN_POINT ( 'NONE',  ( -74.57006520534716287, 7.673907331972489310, 74.38834720930918820 ) ) ;
#3020 = EDGE_LOOP ( 'NONE', ( #5930, #4611, #6395, #853 ) ) ;
#3021 = CARTESIAN_POINT ( 'NONE',  ( 14.26135221467644243, 9.448440834640381425, -23.01981483287227448 ) ) ;
#3022 = CIRCLE ( 'NONE', #7317, 0.8000000000000003775 ) ;
#3023 = CARTESIAN_POINT ( 'NONE',  ( 14.26164365904529063, 9.448440834640383201, -23.01920620672979823 ) ) ;
#3024 = DIRECTION ( 'NONE',  ( 0.000000000000000000, 0.000000000000000000, 1.000000000000000000 ) ) ;
#3025 = ORIENTED_EDGE ( 'NONE', *, *, #1173, .T. ) ;
#3026 = CARTESIAN_POINT ( 'NONE',  ( 17.22231616824143430, -13.55155916535962035, 72.49006495185042809 ) ) ;
#3027 =( BOUNDED_CURVE ( )  B_SPLINE_CURVE ( 3, ( #4764, #4390, #2571, #1459 ),
 .UNSPECIFIED., .F., .T. ) 
 B_SPLINE_CURVE_WITH_KNOTS ( ( 4, 4 ),
 ( 5.019378949319996508, 5.104872211866424259 ),
 .UNSPECIFIED. ) 
 CURVE ( )  GEOMETRIC_REPRESENTATION_ITEM ( )  RATIONAL_B_SPLINE_CURVE ( ( 1.000000000000000000, 0.9993910012473939952, 0.9993910012473939952, 1.000000000000000000 ) ) 
 REPRESENTATION_ITEM ( '' )  );
#3028 = CARTESIAN_POINT ( 'NONE',  ( 19.63728770284230052, -20.55155916535962035, 74.40700098057047285 ) ) ;
#3029 = VECTOR ( 'NONE', #5242, 1000.000000000000000 ) ;
#3030 = EDGE_CURVE ( 'NONE', #3635, #3090, #1234, .T. ) ;
#3031 = CARTESIAN_POINT ( 'NONE',  ( 17.07796271827134760, 7.653210449129320914, 74.39053557091339997 ) ) ;
#3032 = CARTESIAN_POINT ( 'NONE',  ( 18.13549775812158771, -21.55755916535962768, 74.11755074958327327 ) ) ;
#3033 = ORIENTED_EDGE ( 'NONE', *, *, #898, .T. ) ;
#3034 = CARTESIAN_POINT ( 'NONE',  ( 18.73020098633634234, -20.55155916535962746, -24.22499463921177565 ) ) ;
#3035 = CARTESIAN_POINT ( 'NONE',  ( 16.81013185934332554, 7.823861544399991708, 74.36620631161238748 ) ) ;
#3036 = CARTESIAN_POINT ( 'NONE',  ( 8.922316168238591416, 9.448440834640383201, -16.30993504814755113 ) ) ;
#3037 = CARTESIAN_POINT ( 'NONE',  ( 20.72013661676994900, 7.678540074757314038, -21.32638777387568396 ) ) ;
#3038 = EDGE_LOOP ( 'NONE', ( #4677, #3933, #1947, #481, #3371 ) ) ;
#3039 = VERTEX_POINT ( 'NONE', #1686 ) ;
#3040 = CARTESIAN_POINT ( 'NONE',  ( -75.27000913065550947, 7.809605725999912096, -24.58895518094185562 ) ) ;
#3041 = CARTESIAN_POINT ( 'NONE',  ( -78.20542090865023965, 7.483343544035464312, -22.69526670381854316 ) ) ;
#3042 = APPLICATION_CONTEXT ( 'automotive_design' ) ;
#3043 = LINE ( 'NONE', #771, #5908 ) ;
#3044 = CARTESIAN_POINT ( 'NONE',  ( 19.85553131268297022, 8.948440834640383201, 69.45264434427456024 ) ) ;
#3045 = CARTESIAN_POINT ( 'NONE',  ( 20.70278272281377951, 7.801986561074938820, -21.58834714685811562 ) ) ;
#3046 = FACE_OUTER_BOUND ( 'NONE', #7487, .T. ) ;
#3047 = ORIENTED_EDGE ( 'NONE', *, *, #3258, .T. ) ;
#3048 = CARTESIAN_POINT ( 'NONE',  ( 18.52825133328939700, -15.55155916535961858, 74.80278962720387881 ) ) ;
#3049 = CARTESIAN_POINT ( 'NONE',  ( -77.73772247356768617, 9.116219144993307211, 69.01133264706562898 ) ) ;
#3050 = CARTESIAN_POINT ( 'NONE',  ( 15.27316757627254340, 8.668197589937205905, -24.21216948027788618 ) ) ;
#3051 = LINE ( 'NONE', #2932, #2121 ) ;
#3052 = VERTEX_POINT ( 'NONE', #6510 ) ;
#3053 = CARTESIAN_POINT ( 'NONE',  ( -54.77768383176139366, 9.448440834640383201, 28.59006495185253272 ) ) ;
#3054 = EDGE_LOOP ( 'NONE', ( #2664, #6316, #211, #2349 ) ) ;
#3055 = FACE_OUTER_BOUND ( 'NONE', #4433, .T. ) ;
#3056 = CARTESIAN_POINT ( 'NONE',  ( -78.07714311680815911, -20.55155916535961325, 73.63099257801361830 ) ) ;
#3057 = EDGE_LOOP ( 'NONE', ( #3345, #3073, #1728, #1782 ) ) ;
#3058 = FACE_OUTER_BOUND ( 'NONE', #6480, .T. ) ;
#3059 = CARTESIAN_POINT ( 'NONE',  ( 14.73312306054660681, 9.448440834640383201, -23.52656935975595687 ) ) ;
#3060 = DIRECTION ( 'NONE',  ( -0.000000000000000000, -1.000000000000000000, -0.000000000000000000 ) ) ;
#3061 = EDGE_LOOP ( 'NONE', ( #2215, #3201, #7493, #1319 ) ) ;
#3062 = LINE ( 'NONE', #795, #3109 ) ;
#3063 = EDGE_CURVE ( 'NONE', #5902, #6960, #6763, .T. ) ;
#3064 = CARTESIAN_POINT ( 'NONE',  ( 20.39051970404993952, 8.544941385290503177, -22.32370513916408683 ) ) ;
#3065 = CARTESIAN_POINT ( 'NONE',  ( 20.44980195675647039, -21.55755916535962768, 72.10956933920930112 ) ) ;
#3066 = EDGE_LOOP ( 'NONE', ( #7086, #20, #6843, #6011 ) ) ;
#3067 = CARTESIAN_POINT ( 'NONE',  ( 19.83971562442016179, -20.55155916535961680, -23.51731898920973762 ) ) ;
#3068 = CARTESIAN_POINT ( 'NONE',  ( 15.27316757628576482, 8.668197589929890867, 73.99229938398454465 ) ) ;
#3069 = CARTESIAN_POINT ( 'NONE',  ( 20.67211383875095265, 8.034893893549197585, 71.48978630648052501 ) ) ;
#3070 = EDGE_CURVE ( 'NONE', #6005, #4738, #3460, .T. ) ;
#3071 = DIRECTION ( 'NONE',  ( 0.000000000000000000, 0.000000000000000000, -1.000000000000000000 ) ) ;
#3072 = EDGE_CURVE ( 'NONE', #3376, #4738, #2712, .T. ) ;
#3073 = ORIENTED_EDGE ( 'NONE', *, *, #3827, .F. ) ;
#3074 = ORIENTED_EDGE ( 'NONE', *, *, #5915, .F. ) ;
#3075 = CARTESIAN_POINT ( 'NONE',  ( -75.71264390582788906, 8.318046578278622150, -24.48563371316550175 ) ) ;
#3076 = CARTESIAN_POINT ( 'NONE',  ( -77.94557652312045093, 7.483343490911809504, -23.32365834685342065 ) ) ;
#3077 = CARTESIAN_POINT ( 'NONE',  ( -78.20719659192417339, 8.123777977585039167, -21.81539873998850254 ) ) ;
#3078 = CARTESIAN_POINT ( 'NONE',  ( 18.13549775812072440, -15.54555916535960947, -24.02234527683277321 ) ) ;
#3079 = CARTESIAN_POINT ( 'NONE',  ( 19.88959510251660845, 9.088635658406902351, -18.40415750694021213 ) ) ;
#3080 = DIRECTION ( 'NONE',  ( 0.000000000000000000, 0.000000000000000000, 1.000000000000000000 ) ) ;
#3081 = ORIENTED_EDGE ( 'NONE', *, *, #1970, .F. ) ;
#3082 = CARTESIAN_POINT ( 'NONE',  ( 18.51332455441798430, 9.948188553605847417, 67.63686693346576817 ) ) ;
#3083 = CIRCLE ( 'NONE', #256, 0.7999999999999986011 ) ;
#3084 = CARTESIAN_POINT ( 'NONE',  ( -78.26544503818620058, 7.753359033575066839, 70.50620375630511205 ) ) ;
#3085 = CIRCLE ( 'NONE', #6507, 0.5000000000000002220 ) ;
#3086 = CARTESIAN_POINT ( 'NONE',  ( 16.97112380399330078, 7.730581172014584723, -24.60137186443828838 ) ) ;
#3087 = DIRECTION ( 'NONE',  ( -0.000000000000000000, -1.000000000000000000, -0.000000000000000000 ) ) ;
#3088 = ORIENTED_EDGE ( 'NONE', *, *, #4652, .T. ) ;
#3089 = CARTESIAN_POINT ( 'NONE',  ( -75.99100640927426298, 8.544941391475690651, 74.05823956489844306 ) ) ;
#3090 = VERTEX_POINT ( 'NONE', #7088 ) ;
#3091 = CIRCLE ( 'NONE', #1742, 8.500000000000007105 ) ;
#3092 = CARTESIAN_POINT ( 'NONE',  ( 19.96324379440405750, -20.55155916535961680, 74.18952423689917453 ) ) ;
#3093 = CARTESIAN_POINT ( 'NONE',  ( -71.15777751099291493, 9.451046831411089144, 72.57023457673811606 ) ) ;
#3094 = ORIENTED_EDGE ( 'NONE', *, *, #6816, .T. ) ;
#3095 = CARTESIAN_POINT ( 'NONE',  ( 8.122316168238594258, 9.448440834640383201, 9.090064951852532715 ) ) ;
#3096 = CIRCLE ( 'NONE', #4934, 1.600000000000000755 ) ;
#3097 = DIRECTION ( 'NONE',  ( 0.4791402025252658459, -0.000000000000000000, 0.8777383814805225226 ) ) ;
#3098 = CARTESIAN_POINT ( 'NONE',  ( -77.69040850711751034, -15.55155916535961858, 71.80324654172629550 ) ) ;
#3099 = EDGE_CURVE ( 'NONE', #1471, #3861, #4799, .T. ) ;
#3100 = VERTEX_POINT ( 'NONE', #4110 ) ;
#3101 = CARTESIAN_POINT ( 'NONE',  ( 20.27725830837475129, 8.728462049922876886, 68.83741586043022664 ) ) ;
#3102 = CARTESIAN_POINT ( 'NONE',  ( 18.31335687348508756, 8.061418476033360037, -24.61049353038877641 ) ) ;
#3103 = VECTOR ( 'NONE', #7029, 1000.000000000000000 ) ;
#3104 = EDGE_CURVE ( 'NONE', #3624, #2456, #7013, .T. ) ;
#3105 = CARTESIAN_POINT ( 'NONE',  ( 19.25221110963785165, 8.477494704196583797, -24.05485189222125086 ) ) ;
#3106 = ORIENTED_EDGE ( 'NONE', *, *, #7241, .F. ) ;
#3107 = DIRECTION ( 'NONE',  ( 0.000000000000000000, 1.000000000000000000, -0.000000000000000000 ) ) ;
#3108 = PLANE ( 'NONE',  #7141 ) ;
#3109 = VECTOR ( 'NONE', #6669, 1000.000000000000000 ) ;
#3110 = CARTESIAN_POINT ( 'NONE',  ( 20.62988786092723004, 8.202985146754217638, 71.68909884300056490 ) ) ;
#3111 = EDGE_CURVE ( 'NONE', #361, #5402, #3836, .T. ) ;
#3112 = DIRECTION ( 'NONE',  ( 0.000000000000000000, 0.000000000000000000, -1.000000000000000000 ) ) ;
#3113 = ORIENTED_EDGE ( 'NONE', *, *, #956, .F. ) ;
#3114 = CARTESIAN_POINT ( 'NONE',  ( -77.02161207565239920, 8.642933653312276476, -23.81583311433585948 ) ) ;
#3115 = AXIS2_PLACEMENT_3D ( 'NONE', #2348, #4689, #5878 ) ;
#3116 = ADVANCED_FACE ( 'NONE', ( #1757 ), #1730, .T. ) ;
#3117 = CARTESIAN_POINT ( 'NONE',  ( -74.90005841785678342, 7.646448962281896300, -24.61107791630703900 ) ) ;
#3118 =( BOUNDED_SURFACE ( )  B_SPLINE_SURFACE ( 3, 2, ( 
 ( #5223, #5110, #7529 ),
 ( #1691, #2763, #539 ),
 ( #1041, #4533, #2876 ),
 ( #1611, #7563, #3968 ),
 ( #3501, #6295, #3464 ),
 ( #5187, #4041, #5830 ),
 ( #2154, #4007, #6367 ),
 ( #573, #6839, #2298 ),
 ( #7414, #4569, #3394 ),
 ( #4497, #2798, #5145 ),
 ( #6913, #1653, #6332 ),
 ( #3430, #1075, #5756 ),
 ( #1875, #3035, #67 ),
 ( #7596, #143, #5375 ),
 ( #5336, #28, #7057 ),
 ( #2372, #7174, #5296 ),
 ( #4792, #2489, #1916 ),
 ( #3068, #4269, #105 ),
 ( #3573, #6599, #1338 ),
 ( #2415, #7095, #6482 ),
 ( #4755, #4717, #1834 ),
 ( #4189, #1800, #691 ),
 ( #1257, #1764, #4154 ),
 ( #5410, #4833, #3660 ),
 ( #4117, #5946, #1216 ),
 ( #3620, #3696, #5904 ) ),
 .UNSPECIFIED., .F., .F., .F. ) 
 B_SPLINE_SURFACE_WITH_KNOTS ( ( 4, 2, 2, 2, 2, 2, 2, 2, 2, 2, 2, 2, 4 ),
 ( 3, 3 ),
 ( -2.654406100303929872E-14, 0.0004059079117168975094, 0.0008118158234603391069, 0.001014769779332059824, 0.001217723735203780650, 0.001420677691075501476, 0.001623631646947222302, 0.002435447470434105172, 0.003247263293920988475, 0.004059079117407871778, 0.004870894940894755082, 0.005682710764381638385, 0.006494526587868520821 ),
 ( 0.000000000000000000, 1.000000000000000000 ),
 .UNSPECIFIED. ) 
 GEOMETRIC_REPRESENTATION_ITEM ( )  RATIONAL_B_SPLINE_SURFACE ( (
 ( 1.000000000000000000, 0.9818831614224597937, 1.000000000000000000),
 ( 1.000000000000000000, 0.9858912546595656190, 1.000000000000000000),
 ( 1.000000000000000000, 0.9892182363068250384, 1.000000000000000000),
 ( 1.000000000000000000, 0.9944994644895271962, 1.000000000000000000),
 ( 1.000000000000000000, 0.9964607609853541881, 1.000000000000000000),
 ( 1.000000000000000000, 0.9982769252872800703, 1.000000000000000000),
 ( 1.000000000000000000, 0.9986913398380067308, 1.000000000000000000),
 ( 1.000000000000000000, 0.9989925556973885401, 1.000000000000000000),
 ( 1.000000000000000000, 0.9988545302739729737, 1.000000000000000000),
 ( 1.000000000000000000, 0.9981108309274416834, 1.000000000000000000),
 ( 1.000000000000000000, 0.9975139540685450390, 1.000000000000000000),
 ( 1.000000000000000000, 0.9959783744788627269, 1.000000000000000000),
 ( 1.000000000000000000, 0.9950335425807176337, 1.000000000000000000),
 ( 1.000000000000000000, 0.9894579634641232913, 1.000000000000000000),
 ( 1.000000000000000000, 0.9822323753951306413, 1.000000000000000000),
 ( 1.000000000000000000, 0.9626772435895561975, 1.000000000000000000),
 ( 1.000000000000000000, 0.9503521877051633870, 1.000000000000000000),
 ( 1.000000000000000000, 0.9207838801586275546, 1.000000000000000000),
 ( 1.000000000000000000, 0.9033680405120485535, 1.000000000000000000),
 ( 1.000000000000000000, 0.8650724882890536982, 1.000000000000000000),
 ( 1.000000000000000000, 0.8441272710134656299, 1.000000000000000000),
 ( 1.000000000000000000, 0.8003071236680335820, 1.000000000000000000),
 ( 1.000000000000000000, 0.7777745649705877229, 1.000000000000000000),
 ( 1.000000000000000000, 0.7366300689698143112, 1.000000000000000000),
 ( 1.000000000000000000, 0.7177916643021418075, 1.000000000000000000),
 ( 1.000000000000000000, 0.7052517021446116363, 1.000000000000000000) ) ) 
 REPRESENTATION_ITEM ( '' )  SURFACE ( )  );
#3119 = EDGE_CURVE ( 'NONE', #2134, #3499, #4075, .T. ) ;
#3120 = CARTESIAN_POINT ( 'NONE',  ( -78.12559991665072801, 8.216420123152223809, -22.29625346068698732 ) ) ;
#3121 = CARTESIAN_POINT ( 'NONE',  ( -78.26634706931876906, 7.795538714767155319, 71.17662792710164865 ) ) ;
#3122 = CARTESIAN_POINT ( 'NONE',  ( 19.37801876619885988, 9.379869981481613550, -18.00641062330785758 ) ) ;
#3123 = DIRECTION ( 'NONE',  ( -0.000000000000000000, 0.000000000000000000, -1.000000000000000000 ) ) ;
#3124 = ORIENTED_EDGE ( 'NONE', *, *, #2257, .F. ) ;
#3125 = CARTESIAN_POINT ( 'NONE',  ( -72.34233128780955724, 8.943802633950221903, 73.73752446038243136 ) ) ;
#3126 = CIRCLE ( 'NONE', #1155, 3.500000000000003109 ) ;
#3127 = CARTESIAN_POINT ( 'NONE',  ( 19.85553131268296667, 9.448440834640383201, 69.45264434427456024 ) ) ;
#3128 = FACE_BOUND ( 'NONE', #1817, .T. ) ;
#3129 = CARTESIAN_POINT ( 'NONE',  ( 17.01999354142014198, 7.673282781946766384, -24.60834968786026522 ) ) ;
#3130 = DIRECTION ( 'NONE',  ( 0.000000000000000000, 0.000000000000000000, 1.000000000000000000 ) ) ;
#3131 = ORIENTED_EDGE ( 'NONE', *, *, #1377, .T. ) ;
#3132 = CARTESIAN_POINT ( 'NONE',  ( -77.65262001570386019, 7.483345646220012526, 73.51496867612361541 ) ) ;
#3133 = ORIENTED_EDGE ( 'NONE', *, *, #5181, .F. ) ;
#3134 = CARTESIAN_POINT ( 'NONE',  ( 18.52835116461279696, -20.55155916535962390, 74.78318753522540874 ) ) ;
#3135 = CARTESIAN_POINT ( 'NONE',  ( -72.75178225028237478, 9.065014779628077335, -23.98956357224521696 ) ) ;
#3136 = CARTESIAN_POINT ( 'NONE',  ( 21.13504084360030788, -20.55155916535962035, 0.000000000000000000 ) ) ;
#3137 = ORIENTED_EDGE ( 'NONE', *, *, #581, .T. ) ;
#3138 = CARTESIAN_POINT ( 'NONE',  ( 3.733269694163487973, -20.55655916577720532, 24.89006495185043377 ) ) ;
#3139 = DIRECTION ( 'NONE',  ( -0.000000000000000000, -1.000000000000000000, -0.000000000000000000 ) ) ;
#3140 = CIRCLE ( 'NONE', #4981, 0.8000000000000020428 ) ;
#3141 = DIRECTION ( 'NONE',  ( 0.000000000000000000, 0.000000000000000000, -1.000000000000000000 ) ) ;
#3142 = EDGE_LOOP ( 'NONE', ( #2433, #3672, #1219, #6886 ) ) ;
#3143 = CARTESIAN_POINT ( 'NONE',  ( 19.67170940615061880, 9.222333842784617985, 67.91380539883988376 ) ) ;
#3144 = CARTESIAN_POINT ( 'NONE',  ( 19.84069445028891820, 8.061418504289184384, -23.97714202862525212 ) ) ;
#3145 = CARTESIAN_POINT ( 'NONE',  ( 3.733269694163487973, 9.448440834640383201, 34.19006495185043804 ) ) ;
#3146 = ORIENTED_EDGE ( 'NONE', *, *, #4473, .T. ) ;
#3147 = CARTESIAN_POINT ( 'NONE',  ( -70.05451828114931345, -0.3354571777061500781, -22.75675701927178807 ) ) ;
#3148 = CARTESIAN_POINT ( 'NONE',  ( 19.66124435486740296, 9.448440834640383201, -19.29802863268477253 ) ) ;
#3149 = DIRECTION ( 'NONE',  ( 0.000000000000000000, 1.000000000000000000, -0.000000000000000000 ) ) ;
#3150 = CARTESIAN_POINT ( 'NONE',  ( -77.69135857643520637, 8.732635870827621716, -23.05665151084332365 ) ) ;
#3151 = DIRECTION ( 'NONE',  ( 0.000000000000000000, 0.000000000000000000, 1.000000000000000000 ) ) ;
#3152 = CIRCLE ( 'NONE', #4614, 8.500000000000000000 ) ;
#3153 = ORIENTED_EDGE ( 'NONE', *, *, #2064, .F. ) ;
#3154 = EDGE_CURVE ( 'NONE', #628, #1441, #2468, .T. ) ;
#3155 = CARTESIAN_POINT ( 'NONE',  ( -77.68648570459629354, 8.734039431431316558, -23.06375987658870130 ) ) ;
#3156 = EDGE_CURVE ( 'NONE', #4298, #7069, #3530, .T. ) ;
#3157 = B_SPLINE_CURVE_WITH_KNOTS ( 'NONE', 1,
 ( #7569, #2269 ),
 .UNSPECIFIED., .F., .F.,
 ( 2, 2 ),
 ( 0.000000000000000000, 1.000000000000000000 ),
 .UNSPECIFIED. ) ;
#3158 = EDGE_CURVE ( 'NONE', #902, #4738, #60, .T. ) ;
#3159 = CARTESIAN_POINT ( 'NONE',  ( -74.44180528580034206, 7.829588582897704541, -24.59415277946179756 ) ) ;
#3160 = CARTESIAN_POINT ( 'NONE',  ( -76.06869221793481017, 9.948188553605842088, -17.85673702976477273 ) ) ;
#3161 = DIRECTION ( 'NONE',  ( 0.000000000000000000, 0.000000000000000000, 1.000000000000000000 ) ) ;
#3162 = DIRECTION ( 'NONE',  ( 0.000000000000000000, 1.000000000000000000, -0.000000000000000000 ) ) ;
#3163 = ORIENTED_EDGE ( 'NONE', *, *, #3070, .F. ) ;
#3164 = CARTESIAN_POINT ( 'NONE',  ( 0.000000000000000000, -15.55155916535961858, 74.80278962720933578 ) ) ;
#3165 = AXIS2_PLACEMENT_3D ( 'NONE', #198, #6293, #1040 ) ;
#3166 =( BOUNDED_CURVE ( )  B_SPLINE_CURVE ( 3, ( #4001, #6288, #3312, #5070 ),
 .UNSPECIFIED., .F., .T. ) 
 B_SPLINE_CURVE_WITH_KNOTS ( ( 4, 4 ),
 ( 5.019378949320001837, 5.104872211866430476 ),
 .UNSPECIFIED. ) 
 CURVE ( )  GEOMETRIC_REPRESENTATION_ITEM ( )  RATIONAL_B_SPLINE_CURVE ( ( 1.000000000000000000, 0.9993910012473939952, 0.9993910012473939952, 1.000000000000000000 ) ) 
 REPRESENTATION_ITEM ( '' )  );
#3167 = CARTESIAN_POINT ( 'NONE',  ( 19.26915736921064948, 9.448440834640383201, 67.86758903264852449 ) ) ;
#3168 = CARTESIAN_POINT ( 'NONE',  ( 14.01267090601217724, 9.326091845870340791, -23.33312724312039066 ) ) ;
#3169 = CARTESIAN_POINT ( 'NONE',  ( 13.51866669204856031, 9.448440834640383201, -22.62088857407165676 ) ) ;
#3170 = DIRECTION ( 'NONE',  ( 0.000000000000000000, 0.000000000000000000, 1.000000000000000000 ) ) ;
#3171 = ORIENTED_EDGE ( 'NONE', *, *, #6622, .T. ) ;
#3172 = DIRECTION ( 'NONE',  ( -0.01745240643728354635, 0.9998476951563911586, 0.000000000000000000 ) ) ;
#3173 = ORIENTED_EDGE ( 'NONE', *, *, #7236, .T. ) ;
#3174 = EDGE_CURVE ( 'NONE', #2639, #5426, #6728, .T. ) ;
#3175 = CARTESIAN_POINT ( 'NONE',  ( 20.51829655605893876, -15.55155916535961858, 73.63565398064568512 ) ) ;
#3176 = CARTESIAN_POINT ( 'NONE',  ( -77.06808445753726744, 8.511607315453719735, 73.64220191971379847 ) ) ;
#3177 = CARTESIAN_POINT ( 'NONE',  ( -76.08692998474676017, -20.55155916535961680, 74.80278962720382196 ) ) ;
#3178 = ORIENTED_EDGE ( 'NONE', *, *, #6352, .T. ) ;
#3179 = CARTESIAN_POINT ( 'NONE',  ( -78.69040850711476764, -15.55155916535961858, 72.00134101586077406 ) ) ;
#3180 = CARTESIAN_POINT ( 'NONE',  ( -75.99145392282377998, 8.544941385289044788, -24.27813858395468571 ) ) ;
#3181 = CARTESIAN_POINT ( 'NONE',  ( -55.57768383176140503, 8.648440834640384267, 21.19006495185253058 ) ) ;
#3182 = EDGE_LOOP ( 'NONE', ( #814, #2200, #5121, #1694, #7293 ) ) ;
#3183 = CARTESIAN_POINT ( 'NONE',  ( 17.22231616824143430, 9.448440834640395636, 70.89006495185043377 ) ) ;
#3184 = AXIS2_PLACEMENT_3D ( 'NONE', #6047, #1439, #2587 ) ;
#3185 = CARTESIAN_POINT ( 'NONE',  ( 20.59268364064685031, 8.061418515299759946, -22.85242268914076291 ) ) ;
#3186 = CARTESIAN_POINT ( 'NONE',  ( 15.78489556066560873, 8.948440834640383201, 73.52328009629198391 ) ) ;
#3187 = ORIENTED_EDGE ( 'NONE', *, *, #4935, .F. ) ;
#3188 = CARTESIAN_POINT ( 'NONE',  ( -53.97768383176139650, 9.448440834640383201, 28.59006495185253272 ) ) ;
#3189 = CARTESIAN_POINT ( 'NONE',  ( -65.67768383176139935, 8.648440834640384267, -17.90993504814754900 ) ) ;
#3190 = CARTESIAN_POINT ( 'NONE',  ( -77.48772806453442286, -15.54555916535961302, 72.68956620424542336 ) ) ;
#3191 = CARTESIAN_POINT ( 'NONE',  ( -76.46039289818419604, 9.448440834640388530, 67.32179955045316433 ) ) ;
#3192 = CIRCLE ( 'NONE', #3826, 1.600000000000000755 ) ;
#3193 = CARTESIAN_POINT ( 'NONE',  ( -76.82333553054547792, -20.55155916535938943, -23.98614915183846819 ) ) ;
#3194 = EDGE_LOOP ( 'NONE', ( #7568, #1940, #1395, #2996, #5754, #3758 ) ) ;
#3195 = CARTESIAN_POINT ( 'NONE',  ( -77.42649484421858119, -15.55155916535961680, 72.80441178397956037 ) ) ;
#3196 = CARTESIAN_POINT ( 'NONE',  ( -74.70219801897839318, 7.662604429902849290, -24.60962962792879694 ) ) ;
#3197 = CARTESIAN_POINT ( 'NONE',  ( -78.05175676767686355, 8.410864462890357274, -19.85338404729656148 ) ) ;
#3198 = DIRECTION ( 'NONE',  ( 0.000000000000000000, 0.000000000000000000, 1.000000000000000000 ) ) ;
#3199 = CYLINDRICAL_SURFACE ( 'NONE', #6570, 0.7999999999999986011 ) ;
#3200 = EDGE_CURVE ( 'NONE', #3039, #6812, #3085, .T. ) ;
#3201 = ORIENTED_EDGE ( 'NONE', *, *, #5321, .T. ) ;
#3202 = CARTESIAN_POINT ( 'NONE',  ( -71.07403435556572902, 9.448440834640383201, 72.40101847777251010 ) ) ;
#3203 = CARTESIAN_POINT ( 'NONE',  ( 21.11668381701995756, 8.202985146770821245, -22.02311663805773634 ) ) ;
#3204 = EDGE_CURVE ( 'NONE', #5435, #6065, #2336, .T. ) ;
#3205 = FACE_BOUND ( 'NONE', #829, .T. ) ;
#3206 = DIRECTION ( 'NONE',  ( -0.000000000000000000, 1.000000000000000000, -0.000000000000000000 ) ) ;
#3207 = CARTESIAN_POINT ( 'NONE',  ( 18.40844672596265497, 8.216307382172651330, 74.23802165298445743 ) ) ;
#3208 = B_SPLINE_SURFACE_WITH_KNOTS ( 'NONE', 1, 3, ( 
 ( #7148, #3747, #1345, #4276, #1887, #3703, #4239, #3669, #5996, #734, #6032, #3078 ),
 ( #5459, #2535, #4880, #5038, #426, #5647, #7415, #4573, #1578, #3431, #5001, #3395 ) ),
 .UNSPECIFIED., .F., .F., .F.,
 ( 2, 2 ),
 ( 4, 2, 2, 2, 2, 4 ),
 ( 0.000000000000000000, 1.000000000000000000 ),
 ( 0.000000000000000000, 0.2500000000000000000, 0.3750000000000000000, 0.5000000000000000000, 0.7500000000000000000, 1.000000000000000000 ),
 .UNSPECIFIED. ) ;
#3209 = ORIENTED_EDGE ( 'NONE', *, *, #2743, .T. ) ;
#3210 = DIRECTION ( 'NONE',  ( -1.000000000000000000, 0.000000000000000000, 0.000000000000000000 ) ) ;
#3211 = ORIENTED_EDGE ( 'NONE', *, *, #4563, .F. ) ;
#3212 = CIRCLE ( 'NONE', #2713, 1.599999999999990319 ) ;
#3213 = DIRECTION ( 'NONE',  ( 0.000000000000000000, 1.000000000000000000, -0.000000000000000000 ) ) ;
#3214 = AXIS2_PLACEMENT_3D ( 'NONE', #2522, #4373, #100 ) ;
#3215 = B_SPLINE_CURVE_WITH_KNOTS ( 'NONE', 3,
 ( #4845, #773, #7306, #4391, #3243, #1957, #6725, #1460, #3819, #5578, #317, #4425, #6762, #1501, #3860, #6369, #464, #6231, #1655, #7455, #4500, #3361, #4574, #5648, #1077, #6915 ),
 .UNSPECIFIED., .F., .F.,
 ( 4, 2, 2, 2, 2, 2, 2, 2, 2, 2, 2, 2, 4 ),
 ( 0.000000000000000000, 0.0007330763455150163775, 0.001466152691030032755, 0.002199229036545049133, 0.002932305382060065510, 0.003665381727575082321, 0.004398458073090098265, 0.004581727159468852902, 0.004764996245847607538, 0.004948265332226363042, 0.005131534418605117678, 0.005498072591362625217, 0.005864610764120132755 ),
 .UNSPECIFIED. ) ;
#3216 = CIRCLE ( 'NONE', #882, 3.000000000000002665 ) ;
#3217 = CARTESIAN_POINT ( 'NONE',  ( -75.82345970842841609, 8.145783991409828673, 74.27808366948521268 ) ) ;
#3218 = ADVANCED_FACE ( 'NONE', ( #2445 ), #1359, .T. ) ;
#3219 = CARTESIAN_POINT ( 'NONE',  ( -71.72798140277484436, 9.256231991949340099, 73.27235001138546977 ) ) ;
#3220 = ORIENTED_EDGE ( 'NONE', *, *, #1231, .T. ) ;
#3221 = DIRECTION ( 'NONE',  ( -0.7896809462584761796, -0.5849067274277461870, 0.1851705249927266261 ) ) ;
#3222 = ADVANCED_FACE ( 'NONE', ( #5983 ), #6296, .T. ) ;
#3224 = CARTESIAN_POINT ( 'NONE',  ( -78.01348031180889109, 8.061418501051942798, -23.17702893427186339 ) ) ;
#3223 = VECTOR ( 'NONE', #1329, 1000.000000000000000 ) ;
#3225 = AXIS2_PLACEMENT_3D ( 'NONE', #4988, #1484, #7292 ) ;
#3226 = ORIENTED_EDGE ( 'NONE', *, *, #3975, .F. ) ;
#3227 = DIRECTION ( 'NONE',  ( 0.000000000000000000, -1.000000000000000000, 0.000000000000000000 ) ) ;
#3228 = CARTESIAN_POINT ( 'NONE',  ( 20.08962566102646718, 8.061418502280019993, -23.72819566508014333 ) ) ;
#3229 = VECTOR ( 'NONE', #3774, 1000.000000000000000 ) ;
#3230 = B_SPLINE_CURVE_WITH_KNOTS ( 'NONE', 3,
 ( #7163, #4255, #3684, #4405, #6740, #1476, #714, #3056, #3723, #210, #5438, #6049, #2551, #6663, #3177, #7282 ),
 .UNSPECIFIED., .F., .F.,
 ( 4, 2, 2, 2, 2, 2, 2, 4 ),
 ( 0.000000000000000000, 0.1250000000000004163, 0.2500000000000008327, 0.3750000000000012212, 0.5000000000000016653, 0.6250000000000021094, 0.7500000000000024425, 1.000000000000000000 ),
 .UNSPECIFIED. ) ;
#3231 = CARTESIAN_POINT ( 'NONE',  ( -77.64690260028653768, 7.483345654445026973, 73.52075120903066363 ) ) ;
#3232 = VERTEX_POINT ( 'NONE', #6282 ) ;
#3233 = CARTESIAN_POINT ( 'NONE',  ( -76.08361899680764395, -15.55155916535961858, -25.02265972350643963 ) ) ;
#3234 = CARTESIAN_POINT ( 'NONE',  ( -54.77768383176140077, 8.648440834640384267, 20.39006495185253343 ) ) ;
#3235 = CARTESIAN_POINT ( 'NONE',  ( 7.322316168238593548, -20.55655916577720532, 9.090064951852532715 ) ) ;
#3236 = DIRECTION ( 'NONE',  ( 0.000000000000000000, 0.000000000000000000, 1.000000000000000000 ) ) ;
#3237 = AXIS2_PLACEMENT_3D ( 'NONE', #615, #4726, #4090 ) ;
#3238 = CARTESIAN_POINT ( 'NONE',  ( -77.77582655313791804, 8.702053109628630878, -22.92326674706575673 ) ) ;
#3239 = CARTESIAN_POINT ( 'NONE',  ( -74.94032332217726378, 7.721933119515228761, -24.60655618908237230 ) ) ;
#3240 = AXIS2_PLACEMENT_3D ( 'NONE', #7521, #3456, #2868 ) ;
#3241 = CARTESIAN_POINT ( 'NONE',  ( -76.77655533754744965, 9.409695858028264581, -18.22748705156489990 ) ) ;
#3242 = CARTESIAN_POINT ( 'NONE',  ( 17.22231616824143430, -15.55155916535962213, 69.29006495185043946 ) ) ;
#3243 = CARTESIAN_POINT ( 'NONE',  ( -77.22707706966882313, 9.222333842784117053, -18.13367549514014243 ) ) ;
#3244 = VERTEX_POINT ( 'NONE', #4411 ) ;
#3245 = CARTESIAN_POINT ( 'NONE',  ( -71.18561460517975092, 9.448440834640383201, 72.61982289548444669 ) ) ;
#3246 = AXIS2_PLACEMENT_3D ( 'NONE', #2127, #6811, #863 ) ;
#3247 = CARTESIAN_POINT ( 'NONE',  ( -16.26673030583651069, 8.248440834640383912, 24.89006495185057233 ) ) ;
#3248 = EDGE_CURVE ( 'NONE', #6208, #6931, #2678, .T. ) ;
#3249 = FACE_OUTER_BOUND ( 'NONE', #5386, .T. ) ;
#3250 = AXIS2_PLACEMENT_3D ( 'NONE', #4099, #5128, #6351 ) ;
#3251 = CARTESIAN_POINT ( 'NONE',  ( 17.92686354477779176, 7.928958336226889614, -24.56326577186239390 ) ) ;
#3252 = CARTESIAN_POINT ( 'NONE',  ( 20.72287478524553705, 8.061418503285674220, 71.80324654173999477 ) ) ;
#3253 = CIRCLE ( 'NONE', #7296, 3.000000000000009770 ) ;
#3254 = VERTEX_POINT ( 'NONE', #338 ) ;
#3255 = CARTESIAN_POINT ( 'NONE',  ( 19.57715869498180439, 8.788144903072327097, -23.70479772532300444 ) ) ;
#3256 = ORIENTED_EDGE ( 'NONE', *, *, #4045, .T. ) ;
#3257 = ORIENTED_EDGE ( 'NONE', *, *, #5651, .F. ) ;
#3258 = EDGE_CURVE ( 'NONE', #711, #2675, #1636, .T. ) ;
#3259 = DIRECTION ( 'NONE',  ( 1.541976423090495831E-15, 0.000000000000000000, 1.000000000000000000 ) ) ;
#3260 = EDGE_CURVE ( 'NONE', #7412, #2118, #5654, .T. ) ;
#3261 = EDGE_CURVE ( 'NONE', #5508, #5443, #7251, .T. ) ;
#3262 = CARTESIAN_POINT ( 'NONE',  ( -76.69203066389032131, -15.55155916535916560, -23.75874606060739325 ) ) ;
#3263 = ORIENTED_EDGE ( 'NONE', *, *, #2506, .F. ) ;
#3264 = CARTESIAN_POINT ( 'NONE',  ( 18.13549775816701981, 8.202985146783714043, 74.78443260062488207 ) ) ;
#3265 = DIRECTION ( 'NONE',  ( 0.000000000000000000, 1.000000000000000000, -0.000000000000000000 ) ) ;
#3266 = EDGE_LOOP ( 'NONE', ( #6442, #1676, #4797, #1798 ) ) ;
#3267 = CARTESIAN_POINT ( 'NONE',  ( 19.45692411870598804, -15.55155916536007155, 73.30966748728836535 ) ) ;
#3268 = CARTESIAN_POINT ( 'NONE',  ( 20.72494289541853973, 7.630920137471731479, 70.87830553564519676 ) ) ;
#3269 = EDGE_CURVE ( 'NONE', #2182, #65, #4486, .T. ) ;
#3270 = AXIS2_PLACEMENT_3D ( 'NONE', #1977, #5592, #334 ) ;
#3271 = CARTESIAN_POINT ( 'NONE',  ( 18.26809204492315075, 8.145783991420501025, -24.49795376578182271 ) ) ;
#3272 = EDGE_LOOP ( 'NONE', ( #1855, #171, #4167, #2017 ) ) ;
#3273 = CARTESIAN_POINT ( 'NONE',  ( -77.20156712363603901, -15.55155916535961858, -24.64410540944631478 ) ) ;
#3274 = CARTESIAN_POINT ( 'NONE',  ( 19.48124822931374567, 9.448440834640383201, -18.91672264142258086 ) ) ;
#3275 = DIRECTION ( 'NONE',  ( 0.000000000000000000, 0.000000000000000000, 1.000000000000000000 ) ) ;
#3276 = CARTESIAN_POINT ( 'NONE',  ( -77.57610385361897443, 9.448440834640383201, -19.13388720541380295 ) ) ;
#3277 = ADVANCED_FACE ( 'NONE', ( #4451 ), #508, .T. ) ;
#3278 = CIRCLE ( 'NONE', #4125, 0.8000000000000020428 ) ;
#3279 = DIRECTION ( 'NONE',  ( -0.000000000000000000, -1.000000000000000000, -0.000000000000000000 ) ) ;
#3280 = CARTESIAN_POINT ( 'NONE',  ( -75.69086542164623665, 8.052076284332601475, -24.52761987236066332 ) ) ;
#3281 = ORIENTED_EDGE ( 'NONE', *, *, #1930, .T. ) ;
#3282 = CARTESIAN_POINT ( 'NONE',  ( -76.26022506144698809, 9.448239009812750666, -17.39199445570979918 ) ) ;
#3283 = AXIS2_PLACEMENT_3D ( 'NONE', #6481, #1215, #5863 ) ;
#3284 = DIRECTION ( 'NONE',  ( 0.000000000000000000, 0.000000000000000000, 1.000000000000000000 ) ) ;
#3285 = CARTESIAN_POINT ( 'NONE',  ( -77.65389793544960639, -20.55155916535766991, 72.93571665063524279 ) ) ;
#3286 = EDGE_LOOP ( 'NONE', ( #7115, #552, #1295, #1511 ) ) ;
#3287 = CARTESIAN_POINT ( 'NONE',  ( -66.47768383176139650, 8.248440834640383912, -16.30993504814755468 ) ) ;
#3288 = CIRCLE ( 'NONE', #7196, 0.5000000000000004441 ) ;
#3289 = DIRECTION ( 'NONE',  ( 0.000000000000000000, 0.000000000000000000, 1.000000000000000000 ) ) ;
#3290 = CARTESIAN_POINT ( 'NONE',  ( 16.90716274543812503, 7.720059768079178930, -24.60249871107842878 ) ) ;
#3291 = CARTESIAN_POINT ( 'NONE',  ( 20.16723301231855103, 8.477494704196100628, 72.91995989323905292 ) ) ;
#3292 = ORIENTED_EDGE ( 'NONE', *, *, #3727, .F. ) ;
#3293 = CARTESIAN_POINT ( 'NONE',  ( 19.17614099667367000, 8.734039431430703715, -24.01873692099185931 ) ) ;
#3294 = ORIENTED_EDGE ( 'NONE', *, *, #2160, .T. ) ;
#3295 = ORIENTED_EDGE ( 'NONE', *, *, #1930, .F. ) ;
#3296 = DIRECTION ( 'NONE',  ( 1.000000000000000000, -0.000000000000000000, -4.701147631373462191E-17 ) ) ;
#3297 = CARTESIAN_POINT ( 'NONE',  ( 14.24605661523443878, 9.222333842783006830, 73.33945818976289388 ) ) ;
#3298 = EDGE_LOOP ( 'NONE', ( #7341, #3113 ) ) ;
#3299 = CARTESIAN_POINT ( 'NONE',  ( -77.95071323526585161, -20.55155916535962035, 73.78542952267778787 ) ) ;
#3300 = CARTESIAN_POINT ( 'NONE',  ( -76.69010385102970417, -15.55155916535962746, 66.27025438539956781 ) ) ;
#3301 = ORIENTED_EDGE ( 'NONE', *, *, #3404, .T. ) ;
#3302 = LINE ( 'NONE', #3338, #7274 ) ;
#3303 = FACE_OUTER_BOUND ( 'NONE', #6083, .T. ) ;
#3304 = ADVANCED_FACE ( 'NONE', ( #7365 ), #5054, .T. ) ;
#3305 = FACE_OUTER_BOUND ( 'NONE', #416, .T. ) ;
#3306 = EDGE_LOOP ( 'NONE', ( #2242, #6370, #3887, #683 ) ) ;
#3307 = CARTESIAN_POINT ( 'NONE',  ( -78.69040850711752455, -15.55155916535961858, -22.02311663803931197 ) ) ;
#3308 = CARTESIAN_POINT ( 'NONE',  ( -78.15446608978783161, 8.314134878858759237, 71.82040391920521927 ) ) ;
#3309 = ADVANCED_FACE ( 'NONE', ( #3303 ), #264, .F. ) ;
#3310 = CARTESIAN_POINT ( 'NONE',  ( -66.77768383176139366, 8.648440834640384267, 20.39006495185253343 ) ) ;
#3311 = CARTESIAN_POINT ( 'NONE',  ( -55.57768383176140503, 9.448440834640383201, 20.39006495185253343 ) ) ;
#3312 = CARTESIAN_POINT ( 'NONE',  ( 12.54798932197002514, -8.006795679951332900, -22.89066073091481357 ) ) ;
#3313 = AXIS2_PLACEMENT_3D ( 'NONE', #4732, #623, #120 ) ;
#3314 = CYLINDRICAL_SURFACE ( 'NONE', #996, 5.000000000000007994 ) ;
#3315 = DIRECTION ( 'NONE',  ( 3.726753629026827223E-11, -0.000000000000000000, 1.000000000000000000 ) ) ;
#3316 = ORIENTED_EDGE ( 'NONE', *, *, #2724, .T. ) ;
#3317 = CARTESIAN_POINT ( 'NONE',  ( -78.23318823275150180, 7.931597523178443687, -20.39360554639374712 ) ) ;
#3318 = CARTESIAN_POINT ( 'NONE',  ( 18.20863123945443007, 8.227715252685598557, 74.25140167631836619 ) ) ;
#3319 = CARTESIAN_POINT ( 'NONE',  ( -75.69086542164833986, -20.55155916535962035, 74.06482852363451741 ) ) ;
#3320 = ORIENTED_EDGE ( 'NONE', *, *, #763, .F. ) ;
#3321 = CARTESIAN_POINT ( 'NONE',  ( -73.34026322418273480, 9.448440834640383201, 73.52328009629199812 ) ) ;
#3322 = B_SPLINE_CURVE_WITH_KNOTS ( 'NONE', 3,
 ( #7011, #4631, #6398, #640, #4664, #5749, #489, #2364, #2825, #2867, #1100, #1208, #1755, #4070, #3493, #2982 ),
 .UNSPECIFIED., .F., .F.,
 ( 4, 2, 2, 2, 2, 2, 2, 4 ),
 ( 7.757919228897728493E-18, 0.0005134118674196651430, 0.001026823734839322480, 0.002053647469678635852, 0.002567059337098288960, 0.003080471204517941635, 0.003593883071937594743, 0.004107294939357247418 ),
 .UNSPECIFIED. ) ;
#3323 = B_SPLINE_CURVE_WITH_KNOTS ( 'NONE', 3,
 ( #2190, #1724, #7453, #2264 ),
 .UNSPECIFIED., .F., .F.,
 ( 4, 4 ),
 ( 0.000000000000000000, 1.000000000000000000 ),
 .UNSPECIFIED. ) ;
#3324 = CARTESIAN_POINT ( 'NONE',  ( -77.67304840258590559, -20.55155916535962390, -24.28296445165592843 ) ) ;
#3325 = CARTESIAN_POINT ( 'NONE',  ( -77.71226736624696230, 9.448440834640210895, 69.07614404586821877 ) ) ;
#3326 =( BOUNDED_SURFACE ( )  B_SPLINE_SURFACE ( 3, 2, ( 
 ( #6237, #903, #284 ),
 ( #2049, #6082, #824 ),
 ( #1513, #5509, #976 ),
 ( #4362, #2701, #241 ),
 ( #3831, #3796, #2582 ),
 ( #4932, #362, #6199 ),
 ( #3328, #7276, #5658 ),
 ( #3255, #4894, #1967 ),
 ( #940, #4325, #4434 ),
 ( #3293, #7353, #6658 ),
 ( #5049, #2011, #6699 ),
 ( #1396, #5550, #2624 ),
 ( #7315, #4400, #326 ),
 ( #5010, #4020, #2163 ),
 ( #1739, #2275, #6308 ),
 ( #401, #2740, #2889 ) ),
 .UNSPECIFIED., .F., .F., .F. ) 
 B_SPLINE_SURFACE_WITH_KNOTS ( ( 4, 2, 2, 2, 2, 2, 2, 4 ),
 ( 3, 3 ),
 ( 0.000000000000000000, 0.0005793916506796190817, 0.001158783301359238163, 0.002317566602718476327, 0.002896958253398095734, 0.003476349904077714707, 0.004055741554757333681, 0.004635133205436952654 ),
 ( 0.000000000000000000, 1.000000000000000000 ),
 .UNSPECIFIED. ) 
 GEOMETRIC_REPRESENTATION_ITEM ( )  RATIONAL_B_SPLINE_SURFACE ( (
 ( 1.000000000000000000, 0.9818831614236005478, 1.000000000000000000),
 ( 1.000000000000000000, 0.9789707388253789944, 1.000000000000000000),
 ( 1.000000000000000000, 0.9760706405254309104, 1.000000000000000000),
 ( 1.000000000000000000, 0.9707464849140277074, 1.000000000000000000),
 ( 1.000000000000000000, 0.9683082362107143792, 1.000000000000000000),
 ( 1.000000000000000000, 0.9624671946661965682, 1.000000000000000000),
 ( 1.000000000000000000, 0.9602802713476349394, 1.000000000000000000),
 ( 1.000000000000000000, 0.9602841662019001578, 1.000000000000000000),
 ( 1.000000000000000000, 0.9608302355314056742, 1.000000000000000000),
 ( 1.000000000000000000, 0.9629133516247178060, 1.000000000000000000),
 ( 1.000000000000000000, 0.9644184006492390049, 1.000000000000000000),
 ( 1.000000000000000000, 0.9682943985829225442, 1.000000000000000000),
 ( 1.000000000000000000, 0.9707301040824592997, 1.000000000000000000),
 ( 1.000000000000000000, 0.9760663109182589059, 1.000000000000000000),
 ( 1.000000000000000000, 0.9789709285850296538, 1.000000000000000000),
 ( 1.000000000000000000, 0.9818831614237639727, 1.000000000000000000) ) ) 
 REPRESENTATION_ITEM ( '' )  SURFACE ( )  );
#3327 = CARTESIAN_POINT ( 'NONE',  ( 20.09714944452456109, 7.483345648809573980, 73.51508681563066716 ) ) ;
#3328 = CARTESIAN_POINT ( 'NONE',  ( 19.93594244115917746, 8.788224654010491577, -23.34614054126983262 ) ) ;
#3329 = EDGE_LOOP ( 'NONE', ( #1195, #588, #2370, #4039 ) ) ;
#3330 = CARTESIAN_POINT ( 'NONE',  ( 7.322316168238593548, 8.648440834640384267, 9.090064951852532715 ) ) ;
#3331 = DIRECTION ( 'NONE',  ( 0.000000000000000000, 1.000000000000000000, 0.000000000000000000 ) ) ;
#3332 = ORIENTED_EDGE ( 'NONE', *, *, #6158, .F. ) ;
#3333 = CARTESIAN_POINT ( 'NONE',  ( -77.02138260797849512, -15.55155916535961502, 74.49868602522775518 ) ) ;
#3334 = CIRCLE ( 'NONE', #4311, 8.500000000000000000 ) ;
#3335 = CARTESIAN_POINT ( 'NONE',  ( -78.20610221496264103, 7.483343543931522568, -22.69185458385114984 ) ) ;
#3336 = CARTESIAN_POINT ( 'NONE',  ( -76.51148511343922110, 9.448440834640582153, -17.76421266948155520 ) ) ;
#3337 = ORIENTED_EDGE ( 'NONE', *, *, #3357, .F. ) ;
#3338 = CARTESIAN_POINT ( 'NONE',  ( 8.122316168238590706, 7.448440834640384978, -16.30993504814755113 ) ) ;
#3339 = AXIS2_PLACEMENT_3D ( 'NONE', #4639, #1185, #2416 ) ;
#3340 = CARTESIAN_POINT ( 'NONE',  ( 3.733269694163487973, 8.248440834640383912, 24.89006495185043377 ) ) ;
#3341 = CIRCLE ( 'NONE', #4, 0.7999999999999951594 ) ;
#3342 = CIRCLE ( 'NONE', #1119, 2.000000000000001776 ) ;
#3343 = CIRCLE ( 'NONE', #1006, 0.7999999999999986011 ) ;
#3344 = CARTESIAN_POINT ( 'NONE',  ( -77.98473807294490712, 8.436213256733733346, 72.30066318749332765 ) ) ;
#3345 = ORIENTED_EDGE ( 'NONE', *, *, #1612, .F. ) ;
#3346 = CARTESIAN_POINT ( 'NONE',  ( -78.69040850711752455, -20.55155916535962035, -22.02311663803931197 ) ) ;
#3347 = AXIS2_PLACEMENT_3D ( 'NONE', #2188, #6869, #2725 ) ;
#3348 = ADVANCED_FACE ( 'NONE', ( #5961 ), #4834, .F. ) ;
#3349 = CARTESIAN_POINT ( 'NONE',  ( -78.25590144505653711, 7.872059582270413358, -21.50349795091435112 ) ) ;
#3350 = DIRECTION ( 'NONE',  ( 0.000000000000000000, 1.000000000000000000, -0.000000000000000000 ) ) ;
#3351 = CARTESIAN_POINT ( 'NONE',  ( -77.75552724309631003, 9.006664548479262677, -19.26030410681089222 ) ) ;
#3352 = CIRCLE ( 'NONE', #5552, 5.000000000000004441 ) ;
#3353 = EDGE_CURVE ( 'NONE', #7542, #3641, #1488, .T. ) ;
#3354 = CARTESIAN_POINT ( 'NONE',  ( -8.777683831760251465, 7.448440834640384978, 42.39006495185251566 ) ) ;
#3355 = CARTESIAN_POINT ( 'NONE',  ( 3.733269694163489305, 9.448440834640383201, 15.59006495185043661 ) ) ;
#3356 = ORIENTED_EDGE ( 'NONE', *, *, #6766, .T. ) ;
#3357 = EDGE_CURVE ( 'NONE', #4186, #6544, #3341, .T. ) ;
#3358 = LINE ( 'NONE', #498, #4564 ) ;
#3359 = CIRCLE ( 'NONE', #5188, 0.7999999999999951594 ) ;
#3360 = CARTESIAN_POINT ( 'NONE',  ( 18.77820545933594332, 8.487844762482454897, 74.02949459512522878 ) ) ;
#3361 = CARTESIAN_POINT ( 'NONE',  ( -78.26627871289444727, 7.750563299783612692, -21.49514362962491987 ) ) ;
#3362 = ORIENTED_EDGE ( 'NONE', *, *, #446, .F. ) ;
#3363 = LINE ( 'NONE', #503, #7385 ) ;
#3364 = EDGE_CURVE ( 'NONE', #2207, #5065, #4315, .T. ) ;
#3365 = AXIS2_PLACEMENT_3D ( 'NONE', #4591, #2318, #6932 ) ;
#3366 = CARTESIAN_POINT ( 'NONE',  ( 17.07714904825515845, 7.713194272300920140, -24.60740171705595714 ) ) ;
#3367 = CARTESIAN_POINT ( 'NONE',  ( -76.08361899680761553, -15.55155916535961858, 74.80278962720387881 ) ) ;
#3368 = CARTESIAN_POINT ( 'NONE',  ( 19.14754562196529974, 8.544942525642092335, 73.84147047962382260 ) ) ;
#3369 = AXIS2_PLACEMENT_3D ( 'NONE', #2663, #1549, #3210 ) ;
#3370 = CYLINDRICAL_SURFACE ( 'NONE', #5200, 0.7999999999999986011 ) ;
#3371 = ORIENTED_EDGE ( 'NONE', *, *, #5126, .F. ) ;
#3372 = EDGE_CURVE ( 'NONE', #4234, #6133, #260, .T. ) ;
#3373 = CARTESIAN_POINT ( 'NONE',  ( -71.07403435556574323, 9.448440834640383201, -22.62088857407165676 ) ) ;
#3374 = CARTESIAN_POINT ( 'NONE',  ( -72.39225601959974199, 9.448440834640383201, -23.28214287870864752 ) ) ;
#3375 = VECTOR ( 'NONE', #3139, 1000.000000000000000 ) ;
#3376 = VERTEX_POINT ( 'NONE', #5580 ) ;
#3377 = CARTESIAN_POINT ( 'NONE',  ( 0.000000000000000000, -20.55155916535962035, 74.80278962720933578 ) ) ;
#3378 = CARTESIAN_POINT ( 'NONE',  ( -77.20156712363603901, -15.55155916535961858, -24.64410540944631478 ) ) ;
#3379 = CARTESIAN_POINT ( 'NONE',  ( 17.22231616824143430, -13.55155916535962035, 69.29006495185043946 ) ) ;
#3380 = ORIENTED_EDGE ( 'NONE', *, *, #2778, .F. ) ;
#3381 = FACE_OUTER_BOUND ( 'NONE', #336, .T. ) ;
#3382 = CARTESIAN_POINT ( 'NONE',  ( 20.61700316434628277, 8.124720590868186321, 71.74404710968198629 ) ) ;
#3383 = AXIS2_PLACEMENT_3D ( 'NONE', #1936, #1901, #4254 ) ;
#3384 = DIRECTION ( 'NONE',  ( 0.000000000000000000, 1.000000000000000000, -0.000000000000000000 ) ) ;
#3385 = ORIENTED_EDGE ( 'NONE', *, *, #5607, .T. ) ;
#3386 = CARTESIAN_POINT ( 'NONE',  ( 20.73296508447004882, 7.483345647515132981, -22.36608580790637646 ) ) ;
#3387 = DIRECTION ( 'NONE',  ( -1.000000000000000000, 0.000000000000000000, 0.000000000000000000 ) ) ;
#3388 = DIRECTION ( 'NONE',  ( 0.000000000000000000, 0.000000000000000000, 1.000000000000000000 ) ) ;
#3389 = CARTESIAN_POINT ( 'NONE',  ( -76.40010608507751044, 9.448440834640386754, -17.58532115575493648 ) ) ;
#3390 = DIRECTION ( 'NONE',  ( -0.000000000000000000, 1.000000000000000000, -0.000000000000000000 ) ) ;
#3391 = LINE ( 'NONE', #2225, #5059 ) ;
#3392 = EDGE_LOOP ( 'NONE', ( #4361, #5991, #3830, #5870 ) ) ;
#3393 = LINE ( 'NONE', #461, #4507 ) ;
#3394 = CARTESIAN_POINT ( 'NONE',  ( 17.15187543471673237, 7.686451098046241270, 74.38979849906029074 ) ) ;
#3395 = CARTESIAN_POINT ( 'NONE',  ( 18.13549775812401066, -21.55755916535962413, -24.33742084588241639 ) ) ;
#3396 = CARTESIAN_POINT ( 'NONE',  ( -77.43805811367533920, 9.191776543908526165, -18.69868476706064087 ) ) ;
#3397 = VECTOR ( 'NONE', #4157, 1000.000000000000000 ) ;
#3398 = ORIENTED_EDGE ( 'NONE', *, *, #4479, .T. ) ;
#3399 = CARTESIAN_POINT ( 'NONE',  ( 8.722316168239592216, -20.55655916577720532, -20.35993504814759092 ) ) ;
#3400 = EDGE_CURVE ( 'NONE', #1722, #3915, #4791, .T. ) ;
#3401 = AXIS2_PLACEMENT_3D ( 'NONE', #7294, #5525, #2026 ) ;
#3402 = CARTESIAN_POINT ( 'NONE',  ( -76.57732480707910838, -15.55155916536006977, -23.82026175926899469 ) ) ;
#3403 = CARTESIAN_POINT ( 'NONE',  ( 16.80249948476547317, 7.891161181052527951, -24.58617355184655651 ) ) ;
#3404 = EDGE_CURVE ( 'NONE', #4660, #1722, #3821, .T. ) ;
#3405 = CARTESIAN_POINT ( 'NONE',  ( -78.69040850711205337, -15.55155916535961858, 72.19600011689946939 ) ) ;
#3406 = CARTESIAN_POINT ( 'NONE',  ( 19.28910189713591095, 8.061418491175304624, 74.12591805989912075 ) ) ;
#3407 = CARTESIAN_POINT ( 'NONE',  ( 17.22231616824143430, 7.448440834640383201, 65.89006495185043377 ) ) ;
#3408 = ORIENTED_EDGE ( 'NONE', *, *, #3884, .F. ) ;
#3409 = VECTOR ( 'NONE', #5504, 1000.000000000000000 ) ;
#3410 = CARTESIAN_POINT ( 'NONE',  ( -78.19536865596995767, 8.052076284331764811, 71.80324654173668364 ) ) ;
#3411 = CARTESIAN_POINT ( 'NONE',  ( -76.68753269286094110, 9.448440834640383201, 67.92903396753544598 ) ) ;
#3412 = CARTESIAN_POINT ( 'NONE',  ( -77.53429175579601917, -15.55155916535961858, -24.42179564158468708 ) ) ;
#3413 = EDGE_CURVE ( 'NONE', #6749, #65, #1852, .T. ) ;
#3414 = DIRECTION ( 'NONE',  ( 0.000000000000000000, 0.000000000000000000, -1.000000000000000000 ) ) ;
#3415 = ORIENTED_EDGE ( 'NONE', *, *, #4022, .F. ) ;
#3416 = CARTESIAN_POINT ( 'NONE',  ( 18.92514971920752842, -20.55155916535960969, -24.94309900107129252 ) ) ;
#3417 = CARTESIAN_POINT ( 'NONE',  ( 20.71007737466770493, 7.753359033583448578, 70.50620375628784586 ) ) ;
#3418 = DIRECTION ( 'NONE',  ( 0.000000000000000000, -1.000000000000000000, 0.000000000000000000 ) ) ;
#3419 = CARTESIAN_POINT ( 'NONE',  ( -66.47768383176139650, 8.648440834640382491, -16.30993504814755468 ) ) ;
#3420 = EDGE_LOOP ( 'NONE', ( #4401, #872 ) ) ;
#3421 = DIRECTION ( 'NONE',  ( 0.000000000000000000, 0.000000000000000000, 1.000000000000000000 ) ) ;
#3422 = B_SPLINE_CURVE_WITH_KNOTS ( 'NONE', 3,
 ( #5024, #7366, #7516, #7478, #2100, #5099, #2143, #6828 ),
 .UNSPECIFIED., .F., .F.,
 ( 4, 2, 2, 4 ),
 ( -9.937569783456549614E-06, 0.0006569729591509876083, 0.001323883488085431754, 0.002657704545954287303 ),
 .UNSPECIFIED. ) ;
#3423 = DIRECTION ( 'NONE',  ( -0.000000000000000000, -1.000000000000000000, 0.000000000000000000 ) ) ;
#3424 = CARTESIAN_POINT ( 'NONE',  ( -77.22707706966879471, 9.222333842784136593, 67.91380539884099221 ) ) ;
#3425 = CARTESIAN_POINT ( 'NONE',  ( -76.56833263147989044, 9.448440834640566166, -17.73860060229121061 ) ) ;
#3426 = CARTESIAN_POINT ( 'NONE',  ( 17.22231616824142364, -13.55155916535961858, -21.10993504814957689 ) ) ;
#3427 = DIRECTION ( 'NONE',  ( 1.000000000000000000, 0.000000000000000000, -3.726879915788569130E-11 ) ) ;
#3428 = ORIENTED_EDGE ( 'NONE', *, *, #3111, .F. ) ;
#3429 = FACE_OUTER_BOUND ( 'NONE', #460, .T. ) ;
#3430 = CARTESIAN_POINT ( 'NONE',  ( 16.83845497271434510, 7.753359033565601521, 74.37782615827946131 ) ) ;
#3431 = CARTESIAN_POINT ( 'NONE',  ( 18.74394389793030413, -21.55755916535962768, -24.27637413802865396 ) ) ;
#3432 = DIRECTION ( 'NONE',  ( -1.000000000000000000, 0.000000000000000000, -4.701147631373462191E-17 ) ) ;
#3433 = VERTEX_POINT ( 'NONE', #6036 ) ;
#3434 = ORIENTED_EDGE ( 'NONE', *, *, #5394, .F. ) ;
#3435 = CARTESIAN_POINT ( 'NONE',  ( -72.96377816866488786, 9.448440834640383201, 73.82466379280035085 ) ) ;
#3436 = CARTESIAN_POINT ( 'NONE',  ( -76.28863735768069887, 9.448440834640383201, -17.40628557195670112 ) ) ;
#3437 = CARTESIAN_POINT ( 'NONE',  ( -76.46695459021624686, -15.55155916535962213, -24.92693520082935166 ) ) ;
#3438 = EDGE_CURVE ( 'NONE', #2283, #6007, #2224, .T. ) ;
#3439 = CARTESIAN_POINT ( 'NONE',  ( -76.94989166231810884, 9.448440834640383201, 68.50463713969318746 ) ) ;
#3440 = CARTESIAN_POINT ( 'NONE',  ( 20.29224169457415172, 8.544942535384475235, 72.52940572338891911 ) ) ;
#3441 = FACE_OUTER_BOUND ( 'NONE', #2881, .T. ) ;
#3442 = ORIENTED_EDGE ( 'NONE', *, *, #6472, .F. ) ;
#3443 = FACE_OUTER_BOUND ( 'NONE', #3066, .T. ) ;
#3444 = CARTESIAN_POINT ( 'NONE',  ( -67.57768383176141924, 7.448440834640383201, 1.042031951956399146E-13 ) ) ;
#3445 = ADVANCED_FACE ( 'NONE', ( #275 ), #6074, .T. ) ;
#3446 = CARTESIAN_POINT ( 'NONE',  ( -77.67079196244442585, 14.44844083464038853, -23.54473974832659522 ) ) ;
#3447 = DIRECTION ( 'NONE',  ( 0.4791402025252634034, 0.000000000000000000, -0.8777383814805238549 ) ) ;
#3448 = ORIENTED_EDGE ( 'NONE', *, *, #7279, .F. ) ;
#3449 = CARTESIAN_POINT ( 'NONE',  ( 20.52177545328992636, -15.55155916535961858, -23.85086267431240614 ) ) ;
#3450 = TOROIDAL_SURFACE ( 'NONE', #7495, 1.600000000000000089, 0.8000000000000000444 ) ;
#3451 = CARTESIAN_POINT ( 'NONE',  ( 20.75648652953880458, -15.55155916535961858, 73.31394824372787866 ) ) ;
#3452 = CARTESIAN_POINT ( 'NONE',  ( -76.80400208829722430, 8.476919711630506171, 73.83742621468822165 ) ) ;
#3453 = VERTEX_POINT ( 'NONE', #2540 ) ;
#3454 = DIRECTION ( 'NONE',  ( 1.000000000000000000, 0.000000000000000000, 1.224646799147353207E-16 ) ) ;
#3455 = LINE ( 'NONE', #3999, #5058 ) ;
#3456 = DIRECTION ( 'NONE',  ( -0.000000000000000000, -1.000000000000000000, 0.000000000000000000 ) ) ;
#3457 = CARTESIAN_POINT ( 'NONE',  ( 7.322316168238584666, 8.648440834640384267, -16.30993504814755113 ) ) ;
#3458 = VECTOR ( 'NONE', #106, 1000.000000000000000 ) ;
#3459 = DIRECTION ( 'NONE',  ( 0.000000000000000000, 1.000000000000000000, -0.000000000000000000 ) ) ;
#3460 = CIRCLE ( 'NONE', #2954, 0.8000000000000003775 ) ;
#3461 = CARTESIAN_POINT ( 'NONE',  ( -72.82853523979318311, 8.668197589935134673, -24.21216948027939964 ) ) ;
#3462 = ORIENTED_EDGE ( 'NONE', *, *, #4985, .F. ) ;
#3463 = DIRECTION ( 'NONE',  ( 0.000000000000000000, -0.000000000000000000, -1.000000000000000000 ) ) ;
#3464 = CARTESIAN_POINT ( 'NONE',  ( 17.54371050848594393, 7.813330026806364792, 74.37689011326926902 ) ) ;
#3465 = CARTESIAN_POINT ( 'NONE',  ( 7.322316168238584666, 9.448440834640383201, -16.30993504814755113 ) ) ;
#3466 =( GEOMETRIC_REPRESENTATION_CONTEXT ( 3 ) GLOBAL_UNCERTAINTY_ASSIGNED_CONTEXT ( ( #5160 ) ) GLOBAL_UNIT_ASSIGNED_CONTEXT ( ( #2138, #1560, #4483 ) ) REPRESENTATION_CONTEXT ( 'NONE', 'WORKASPACE' ) );
#3467 = CARTESIAN_POINT ( 'NONE',  ( 20.72481491730249914, 7.632442147434471025, -21.08624764152039788 ) ) ;
#3468 = VERTEX_POINT ( 'NONE', #6111 ) ;
#3469 = ORIENTED_EDGE ( 'NONE', *, *, #151, .F. ) ;
#3470 = CARTESIAN_POINT ( 'NONE',  ( -65.67768383176139935, 8.648440834640384267, 10.69006495185253591 ) ) ;
#3471 = CIRCLE ( 'NONE', #1746, 1.599999999999990319 ) ;
#3472 = CARTESIAN_POINT ( 'NONE',  ( 17.22231616824142364, -13.55155916535962035, -22.70993504814958186 ) ) ;
#3473 = DIRECTION ( 'NONE',  ( 0.000000000000000000, 1.000000000000000000, -0.000000000000000000 ) ) ;
#3474 = CARTESIAN_POINT ( 'NONE',  ( -77.33010751735410793, 9.231085939624030345, 68.33242283039189147 ) ) ;
#3475 = CARTESIAN_POINT ( 'NONE',  ( 18.47818328520614273, 8.061416804050566043, 74.37309256221310250 ) ) ;
#3476 = DIRECTION ( 'NONE',  ( 2.423527569868146627E-13, -0.9998476951563911586, 0.01745240643728338328 ) ) ;
#3477 = EDGE_LOOP ( 'NONE', ( #2951, #5645, #3570, #6228 ) ) ;
#3478 = AXIS2_PLACEMENT_3D ( 'NONE', #4648, #1772, #78 ) ;
#3479 = CARTESIAN_POINT ( 'NONE',  ( -71.21284531274837093, 9.448440834640132735, -22.79722919408077075 ) ) ;
#3480 = LINE ( 'NONE', #554, #3029 ) ;
#3481 = AXIS2_PLACEMENT_3D ( 'NONE', #6833, #1570, #21 ) ;
#3482 = CARTESIAN_POINT ( 'NONE',  ( 13.80493862537204031, 9.431331497633795635, 72.73639732576074834 ) ) ;
#3483 = FACE_OUTER_BOUND ( 'NONE', #1981, .T. ) ;
#3484 = EDGE_LOOP ( 'NONE', ( #6050, #2561, #1561, #437, #4774 ) ) ;
#3485 = CARTESIAN_POINT ( 'NONE',  ( 18.13549775813113385, -20.55155916535962035, -25.02265972350847179 ) ) ;
#3486 = EDGE_CURVE ( 'NONE', #6800, #5357, #234, .T. ) ;
#3487 = CIRCLE ( 'NONE', #34, 0.7999999999999986011 ) ;
#3488 = CARTESIAN_POINT ( 'NONE',  ( 20.61138889575378386, 14.44844083464038142, -22.02311663803929420 ) ) ;
#3489 = EDGE_CURVE ( 'NONE', #2455, #1952, #624, .T. ) ;
#3490 = CARTESIAN_POINT ( 'NONE',  ( -75.85745265128589665, 8.406233476627074097, 74.22304514312136803 ) ) ;
#3491 = ORIENTED_EDGE ( 'NONE', *, *, #3545, .F. ) ;
#3492 = LINE ( 'NONE', #5819, #2769 ) ;
#3493 = CARTESIAN_POINT ( 'NONE',  ( 20.59909840546607995, 8.314134953976648035, 71.82040400793147228 ) ) ;
#3494 = CARTESIAN_POINT ( 'NONE',  ( -76.28863735768069887, 9.448440834640383201, 67.18641547565759709 ) ) ;
#3495 = CARTESIAN_POINT ( 'NONE',  ( 17.22231616824142364, 9.448440834640395636, -21.10993504814957689 ) ) ;
#3496 = VECTOR ( 'NONE', #6850, 1000.000000000000227 ) ;
#3497 = CARTESIAN_POINT ( 'NONE',  ( 18.66189625674406471, -15.55155916535962213, -23.96962933694102560 ) ) ;
#3498 = LINE ( 'NONE', #64, #2958 ) ;
#3499 = VERTEX_POINT ( 'NONE', #6765 ) ;
#3500 = CARTESIAN_POINT ( 'NONE',  ( -28.77768383176202605, 8.248440834640383912, 61.89006495185253698 ) ) ;
#3501 = CARTESIAN_POINT ( 'NONE',  ( 17.58962398607653199, 7.740352189262000415, 74.38021010293799407 ) ) ;
#3502 = DIRECTION ( 'NONE',  ( 0.000000000000000000, 0.000000000000000000, -1.000000000000000000 ) ) ;
#3503 = CARTESIAN_POINT ( 'NONE',  ( 20.06977567677833463, 8.943802633945812985, -18.67458250420860111 ) ) ;
#3504 = ORIENTED_EDGE ( 'NONE', *, *, #5094, .F. ) ;
#3505 = ORIENTED_EDGE ( 'NONE', *, *, #5082, .T. ) ;
#3506 = CARTESIAN_POINT ( 'NONE',  ( -71.75520791255807751, 9.448440834640384978, 72.93690615281958856 ) ) ;
#3507 = FACE_OUTER_BOUND ( 'NONE', #6782, .T. ) ;
#3508 = FACE_OUTER_BOUND ( 'NONE', #3484, .T. ) ;
#3509 = CIRCLE ( 'NONE', #2885, 0.8000000000000003775 ) ;
#3510 = CARTESIAN_POINT ( 'NONE',  ( -78.29293777302098079, -20.55155916535961325, -23.52796763580826678 ) ) ;
#3511 = CARTESIAN_POINT ( 'NONE',  ( -76.46497797768952864, 9.448440834640088326, 67.32522643284157482 ) ) ;
#3512 = CARTESIAN_POINT ( 'NONE',  ( 20.69513681161207685, 7.845915417236361655, -21.55842564078135482 ) ) ;
#3513 = CARTESIAN_POINT ( 'NONE',  ( -76.47605271553057094, -15.55155916535962035, 74.72472641551551931 ) ) ;
#3514 = ORIENTED_EDGE ( 'NONE', *, *, #2811, .T. ) ;
#3515 = B_SPLINE_CURVE_WITH_KNOTS ( 'NONE', 3,
 ( #5942, #1759, #1829, #4037, #5826, #4668, #1687, #1143 ),
 .UNSPECIFIED., .F., .F.,
 ( 4, 2, 2, 4 ),
 ( 0.002166356654124338386, 0.002406295740914527349, 0.002646234827704716311, 0.003126113001285098572 ),
 .UNSPECIFIED. ) ;
#3516 = AXIS2_PLACEMENT_3D ( 'NONE', #2765, #2117, #500 ) ;
#3517 = CARTESIAN_POINT ( 'NONE',  ( -76.65168959244191171, 9.423548506767714272, 67.39613926959302148 ) ) ;
#3518 = FACE_OUTER_BOUND ( 'NONE', #4308, .T. ) ;
#3519 = CARTESIAN_POINT ( 'NONE',  ( 15.02910376151411320, 9.448440834640383201, 73.14899701292415557 ) ) ;
#3520 = VECTOR ( 'NONE', #690, 1000.000000000000000 ) ;
#3521 = VERTEX_POINT ( 'NONE', #6192 ) ;
#3522 = CARTESIAN_POINT ( 'NONE',  ( 20.65005324513555252, 7.483343544035387929, 72.47539660751827739 ) ) ;
#3523 = CARTESIAN_POINT ( 'NONE',  ( 19.64619946011747587, -15.55155916535961858, 74.42423531314989305 ) ) ;
#3524 = CARTESIAN_POINT ( 'NONE',  ( -73.96541953730591956, 8.213665038675030061, 74.29981275069735602 ) ) ;
#3525 = ORIENTED_EDGE ( 'NONE', *, *, #4652, .F. ) ;
#3526 = DIRECTION ( 'NONE',  ( 0.000000000000000000, 1.000000000000000000, -0.000000000000000000 ) ) ;
#3527 = CARTESIAN_POINT ( 'NONE',  ( -75.13979351081654556, 7.848648173410419204, 74.37188113851563287 ) ) ;
#3528 = EDGE_CURVE ( 'NONE', #5944, #6065, #1683, .T. ) ;
#3529 = CARTESIAN_POINT ( 'NONE',  ( -78.27815445082110557, 7.653210449134363991, 70.74571150186351076 ) ) ;
#3530 = LINE ( 'NONE', #2985, #6389 ) ;
#3531 = CARTESIAN_POINT ( 'NONE',  ( 19.72615555544554411, -15.55155916535961858, -23.24155365188739353 ) ) ;
#3532 = EDGE_CURVE ( 'NONE', #3232, #6160, #6372, .T. ) ;
#3533 = CARTESIAN_POINT ( 'NONE',  ( -66.47768383176139650, 9.448440834640383201, 9.090064951852534492 ) ) ;
#3534 = ORIENTED_EDGE ( 'NONE', *, *, #3827, .T. ) ;
#3535 = CARTESIAN_POINT ( 'NONE',  ( -66.27768383176041311, 9.448440834640383201, 11.89006495185241441 ) ) ;
#3536 = CARTESIAN_POINT ( 'NONE',  ( -55.57768383176140503, 8.248440834640383912, 21.19006495185253058 ) ) ;
#3537 = CARTESIAN_POINT ( 'NONE',  ( 0.000000000000000000, 9.448440834640383201, -22.62088857407165676 ) ) ;
#3538 = CYLINDRICAL_SURFACE ( 'NONE', #4493, 5.000000000000004441 ) ;
#3539 = VERTEX_POINT ( 'NONE', #5688 ) ;
#3540 = ORIENTED_EDGE ( 'NONE', *, *, #525, .F. ) ;
#3541 = EDGE_CURVE ( 'NONE', #3870, #672, #7494, .T. ) ;
#3542 = CARTESIAN_POINT ( 'NONE',  ( -74.99413655747518703, 7.678540074753878564, -24.60775549667851436 ) ) ;
#3543 = EDGE_CURVE ( 'NONE', #7431, #5003, #3973, .T. ) ;
#3544 = CARTESIAN_POINT ( 'NONE',  ( -76.99389231869420769, 7.483343469213040500, -24.27646705673460303 ) ) ;
#3545 = EDGE_CURVE ( 'NONE', #3039, #6026, #4805, .T. ) ;
#3546 = CARTESIAN_POINT ( 'NONE',  ( -77.07896399779340868, 8.520267111568237794, -23.86859014647791355 ) ) ;
#3547 = FACE_OUTER_BOUND ( 'NONE', #1993, .T. ) ;
#3548 = CARTESIAN_POINT ( 'NONE',  ( 20.52400274193182028, 8.525300528779215625, -19.93306670169067729 ) ) ;
#3549 = DIRECTION ( 'NONE',  ( 0.000000000000000000, 0.000000000000000000, 1.000000000000000000 ) ) ;
#3550 = ORIENTED_EDGE ( 'NONE', *, *, #5588, .F. ) ;
#3551 = CARTESIAN_POINT ( 'NONE',  ( 19.60460122777611147, 9.256231991949661619, 67.84036252286740876 ) ) ;
#3552 = CARTESIAN_POINT ( 'NONE',  ( -78.09855940513837425, 8.309928590296008721, 69.54507255591046544 ) ) ;
#3553 = DIRECTION ( 'NONE',  ( -0.000000000000000000, 1.000000000000000000, -0.000000000000000000 ) ) ;
#3554 = CARTESIAN_POINT ( 'NONE',  ( -66.77768383176137945, 8.248440834640383912, 29.39006495185252987 ) ) ;
#3555 = VERTEX_POINT ( 'NONE', #6806 ) ;
#3556 = CARTESIAN_POINT ( 'NONE',  ( -77.94588736758106506, 8.544941385289540392, 72.10383504274341249 ) ) ;
#3557 = ORIENTED_EDGE ( 'NONE', *, *, #4375, .F. ) ;
#3558 = CARTESIAN_POINT ( 'NONE',  ( 19.97892409227776156, -15.55155916535961858, 74.20192554528522066 ) ) ;
#3559 = CARTESIAN_POINT ( 'NONE',  ( -75.09907817196092594, 7.813330026774592874, 74.37689011327327648 ) ) ;
#3560 = ORIENTED_EDGE ( 'NONE', *, *, #4102, .T. ) ;
#3561 = CARTESIAN_POINT ( 'NONE',  ( -76.21422283213472326, -15.54555916535870530, -23.97034620205532818 ) ) ;
#3562 = CARTESIAN_POINT ( 'NONE',  ( -28.77768383176221079, 8.648440834640384267, 39.89006495185252987 ) ) ;
#3563 = CARTESIAN_POINT ( 'NONE',  ( -78.27515050066546110, 7.713194272296209242, -20.96476792817376023 ) ) ;
#3564 = VERTEX_POINT ( 'NONE', #6338 ) ;
#3565 = CARTESIAN_POINT ( 'NONE',  ( 19.65322583658242195, 9.448440834640383201, 69.08204033271124445 ) ) ;
#3566 = DIRECTION ( 'NONE',  ( 1.000000000000000000, 0.000000000000000000, 0.000000000000000000 ) ) ;
#3567 = CARTESIAN_POINT ( 'NONE',  ( 8.122316168238594258, 8.248440834640383912, 9.090064951852532715 ) ) ;
#3568 = B_SPLINE_CURVE_WITH_KNOTS ( 'NONE', 3,
 ( #6893, #4627, #4104, #3523, #3558, #5852, #3451, #2936, #14, #6969 ),
 .UNSPECIFIED., .F., .F.,
 ( 4, 2, 2, 2, 4 ),
 ( 0.000000000000000000, 0.2500000000000001665, 0.5000000000000000000, 0.7499999999999998890, 1.000000000000000000 ),
 .UNSPECIFIED. ) ;
#3569 = CARTESIAN_POINT ( 'NONE',  ( 19.13650543452958530, -15.54555916535915827, 73.53860308060197326 ) ) ;
#3570 = ORIENTED_EDGE ( 'NONE', *, *, #6009, .F. ) ;
#3571 = CARTESIAN_POINT ( 'NONE',  ( -67.57768383176139082, 9.448440834640383201, 21.19006495185253058 ) ) ;
#3572 = AXIS2_PLACEMENT_3D ( 'NONE', #3711, #4357, #7227 ) ;
#3573 = CARTESIAN_POINT ( 'NONE',  ( 15.07519353348506463, 8.782663481710097031, 73.89857670061485351 ) ) ;
#3574 = CARTESIAN_POINT ( 'NONE',  ( 20.55529635951155143, 8.406233476635225799, 71.96983377138002425 ) ) ;
#3575 = CARTESIAN_POINT ( 'NONE',  ( 20.36486642207174214, 8.613343737551399926, -19.25466373673578246 ) ) ;
#3576 = ORIENTED_EDGE ( 'NONE', *, *, #4571, .F. ) ;
#3577 = ORIENTED_EDGE ( 'NONE', *, *, #6730, .F. ) ;
#3578 = AXIS2_PLACEMENT_3D ( 'NONE', #5127, #77, #2205 ) ;
#3579 = EDGE_CURVE ( 'NONE', #5065, #862, #3363, .T. ) ;
#3580 = AXIS2_PLACEMENT_3D ( 'NONE', #5368, #6362, #3613 ) ;
#3581 = DIRECTION ( 'NONE',  ( -0.000000000000000000, -1.000000000000000000, -0.000000000000000000 ) ) ;
#3582 = ADVANCED_FACE ( 'NONE', ( #1582 ), #1658, .T. ) ;
#3583 = DIRECTION ( 'NONE',  ( 0.000000000000000000, -1.000000000000000000, 0.000000000000000000 ) ) ;
#3584 = CARTESIAN_POINT ( 'NONE',  ( -78.27816073539457875, 7.676539963639473108, -21.09964555898416094 ) ) ;
#3585 = AXIS2_PLACEMENT_3D ( 'NONE', #7047, #1791, #3141 ) ;
#3586 = TOROIDAL_SURFACE ( 'NONE', #268, 9.299999999999998934, 0.8000000000000000444 ) ;
#3587 = CYLINDRICAL_SURFACE ( 'NONE', #5559, 3.000000000000002665 ) ;
#3588 = CARTESIAN_POINT ( 'NONE',  ( 20.45520860570828958, 8.678206238424159835, -19.75481400486453154 ) ) ;
#3589 = CARTESIAN_POINT ( 'NONE',  ( -74.77768383175860833, 34.44844083464037965, 70.89006495185046219 ) ) ;
#3590 = EDGE_LOOP ( 'NONE', ( #1827, #2487, #6791, #4866 ) ) ;
#3591 = CARTESIAN_POINT ( 'NONE',  ( 20.32455060036861028, 8.668197589938657188, 68.94091635987876998 ) ) ;
#3592 = EDGE_CURVE ( 'NONE', #4660, #3052, #4264, .T. ) ;
#3593 = EDGE_CURVE ( 'NONE', #4738, #6664, #4013, .T. ) ;
#3594 = B_SPLINE_CURVE_WITH_KNOTS ( 'NONE', 3,
 ( #812, #7221, #5535, #4963, #2499, #4353, #5577, #6688, #4844, #3817, #1425, #6143, #3121, #6647, #6571, #7184, #892, #6606 ),
 .UNSPECIFIED., .F., .F.,
 ( 4, 2, 2, 2, 2, 2, 2, 2, 4 ),
 ( 0.000000000000000000, 0.0007815282503150377700, 0.001563056500630075540, 0.001953820625787594262, 0.002149202688366336385, 0.002344584750945078507, 0.002539966813523820630, 0.002735348876102562318, 0.003126113001260049599 ),
 .UNSPECIFIED. ) ;
#3595 = AXIS2_PLACEMENT_3D ( 'NONE', #6637, #7213, #6097 ) ;
#3596 = CARTESIAN_POINT ( 'NONE',  ( -78.27302399897577345, 7.699345939404757644, 70.62208784533021344 ) ) ;
#3597 = CARTESIAN_POINT ( 'NONE',  ( 17.21055675204325297, 7.630920137471682629, -24.61256177532672140 ) ) ;
#3598 = CARTESIAN_POINT ( 'NONE',  ( 18.73326969416348575, 7.448440834640383201, 71.80324654174016530 ) ) ;
#3599 = VECTOR ( 'NONE', #7343, 1000.000000000000000 ) ;
#3600 = TOROIDAL_SURFACE ( 'NONE', #5071, 1.600000000000000089, 0.8000000000000000444 ) ;
#3601 = VERTEX_POINT ( 'NONE', #5229 ) ;
#3602 = CARTESIAN_POINT ( 'NONE',  ( -76.35960336749025146, 7.483343543931510133, 74.31848333504882476 ) ) ;
#3603 = ORIENTED_EDGE ( 'NONE', *, *, #3646, .F. ) ;
#3604 = EDGE_CURVE ( 'NONE', #2731, #636, #2195, .T. ) ;
#3605 = LINE ( 'NONE', #5932, #1893 ) ;
#3606 = CARTESIAN_POINT ( 'NONE',  ( -74.96355753486758999, 7.667234662088543651, 74.38916640815710934 ) ) ;
#3607 = ORIENTED_EDGE ( 'NONE', *, *, #7042, .T. ) ;
#3608 = CARTESIAN_POINT ( 'NONE',  ( -76.57718508416108705, -15.54555916536006777, -23.81997928092193106 ) ) ;
#3609 = DIRECTION ( 'NONE',  ( 0.000000000000000000, 0.000000000000000000, 1.000000000000000000 ) ) ;
#3610 = CARTESIAN_POINT ( 'NONE',  ( 8.922316168238593193, 8.248440834640383912, -1.146500097565250014E-15 ) ) ;
#3611 = ORIENTED_EDGE ( 'NONE', *, *, #2396, .T. ) ;
#3612 = CARTESIAN_POINT ( 'NONE',  ( 18.13549775813112674, -15.55155916535961858, 74.80278962720933578 ) ) ;
#3613 = DIRECTION ( 'NONE',  ( 0.000000000000000000, 0.000000000000000000, 1.000000000000000000 ) ) ;
#3614 = B_SPLINE_CURVE_WITH_KNOTS ( 'NONE', 3,
 ( #7561, #2297, #5755, #5829 ),
 .UNSPECIFIED., .F., .F.,
 ( 4, 4 ),
 ( 0.000000000000000000, 1.000000000000000000 ),
 .UNSPECIFIED. ) ;
#3615 = DIRECTION ( 'NONE',  ( -0.1851705249853040358, -0.5849067274445426401, -0.7896809462477757391 ) ) ;
#3616 = CARTESIAN_POINT ( 'NONE',  ( -76.03039167308436674, 7.483343939781637033, 74.37970171099304650 ) ) ;
#3617 = ORIENTED_EDGE ( 'NONE', *, *, #3438, .T. ) ;
#3618 = CARTESIAN_POINT ( 'NONE',  ( 7.322316168238584666, -20.55655916577720532, -16.30993504814755113 ) ) ;
#3619 = VECTOR ( 'NONE', #6532, 1000.000000000000000 ) ;
#3620 = CARTESIAN_POINT ( 'NONE',  ( 13.50437557580105441, 9.448239009812731126, 72.37260618153756297 ) ) ;
#3621 = CIRCLE ( 'NONE', #5331, 0.8000000000000003775 ) ;
#3622 = FACE_OUTER_BOUND ( 'NONE', #1805, .T. ) ;
#3623 = CARTESIAN_POINT ( 'NONE',  ( -64.87768383176140219, 8.648440834640384267, 9.890064951852535202 ) ) ;
#3624 = VERTEX_POINT ( 'NONE', #2303 ) ;
#3625 = VERTEX_POINT ( 'NONE', #5115 ) ;
#3626 = CARTESIAN_POINT ( 'NONE',  ( -74.77768383175860833, 9.448440834640395636, -18.10993504814955557 ) ) ;
#3627 = CARTESIAN_POINT ( 'NONE',  ( 19.96790519703651867, -20.55155916535961325, -24.40591543596674384 ) ) ;
#3628 = CARTESIAN_POINT ( 'NONE',  ( -75.69086542164623665, 8.052076284333516298, -24.52761987236037200 ) ) ;
#3629 = LINE ( 'NONE', #1631, #1483 ) ;
#3630 = CARTESIAN_POINT ( 'NONE',  ( -77.01080044878504793, 8.788230581256534890, -23.82665960041416753 ) ) ;
#3631 = CARTESIAN_POINT ( 'NONE',  ( 20.28486399418312303, 8.973136777674840303, -19.40443002968608255 ) ) ;
#3632 = EDGE_CURVE ( 'NONE', #1480, #5551, #3157, .T. ) ;
#3633 = EDGE_CURVE ( 'NONE', #790, #7367, #6952, .T. ) ;
#3634 = DIRECTION ( 'NONE',  ( 0.000000000000000000, 1.000000000000000000, -0.000000000000000000 ) ) ;
#3635 = VERTEX_POINT ( 'NONE', #430 ) ;
#3636 = CARTESIAN_POINT ( 'NONE',  ( 20.67125301582608543, 8.052386694325857519, 70.26327663812494961 ) ) ;
#3637 = CARTESIAN_POINT ( 'NONE',  ( -78.01057626922491295, 8.678206238425349994, 69.53494390856401708 ) ) ;
#3638 = ADVANCED_FACE ( 'NONE', ( #5081 ), #6300, .F. ) ;
#3639 = CARTESIAN_POINT ( 'NONE',  ( 17.14683035545667522, 7.662604429904727787, -24.60962962792861219 ) ) ;
#3640 = CARTESIAN_POINT ( 'NONE',  ( 15.37266493438595916, 9.006671392222424188, 73.86789728590039772 ) ) ;
#3641 = VERTEX_POINT ( 'NONE', #5650 ) ;
#3642 = CARTESIAN_POINT ( 'NONE',  ( -78.01353693978276738, 8.061418491173730771, 72.95685068078971369 ) ) ;
#3643 = ORIENTED_EDGE ( 'NONE', *, *, #3731, .T. ) ;
#3644 = AXIS2_PLACEMENT_3D ( 'NONE', #1836, #5377, #4191 ) ;
#3645 = CARTESIAN_POINT ( 'NONE',  ( 21.13504084359618318, -15.55155916535961502, 72.19931110483867087 ) ) ;
#3646 = EDGE_CURVE ( 'NONE', #3694, #4021, #4448, .T. ) ;
#3647 = CARTESIAN_POINT ( 'NONE',  ( -75.57671772289489809, 8.202985146742495459, 74.29763664453950867 ) ) ;
#3648 = ORIENTED_EDGE ( 'NONE', *, *, #6194, .T. ) ;
#3649 = DIRECTION ( 'NONE',  ( 0.000000000000000000, 1.000000000000000000, -0.000000000000000000 ) ) ;
#3650 = ADVANCED_FACE ( 'NONE', ( #2768 ), #1292, .T. ) ;
#3651 = CARTESIAN_POINT ( 'NONE',  ( 14.83694203777610632, 9.448440834640383201, -23.28216716179954915 ) ) ;
#3652 = CARTESIAN_POINT ( 'NONE',  ( -48.77768383176253764, 7.448440834640383201, 50.89006495185252277 ) ) ;
#3653 = ORIENTED_EDGE ( 'NONE', *, *, #6, .F. ) ;
#3654 = CARTESIAN_POINT ( 'NONE',  ( 8.419724872965139196E-16, 8.248440834640383912, -17.90993504814754544 ) ) ;
#3655 = CARTESIAN_POINT ( 'NONE',  ( 20.33323782504588095, 8.544941393899330606, -22.61090475246557219 ) ) ;
#3656 = AXIS2_PLACEMENT_3D ( 'NONE', #1789, #4142, #4780 ) ;
#3657 = CARTESIAN_POINT ( 'NONE',  ( 18.39712505840629930, -15.54555916535961835, 73.80247517314377603 ) ) ;
#3658 = VERTEX_POINT ( 'NONE', #6644 ) ;
#3659 = CARTESIAN_POINT ( 'NONE',  ( -78.18525552444096149, 8.202985146766762270, 71.68909884301525892 ) ) ;
#3660 = CARTESIAN_POINT ( 'NONE',  ( 14.16513119435576584, 9.917325419396339825, 72.60923766872686258 ) ) ;
#3661 = CARTESIAN_POINT ( 'NONE',  ( -76.29931156144550641, -21.55755916535962058, 74.05650404173137247 ) ) ;
#3662 = CARTESIAN_POINT ( 'NONE',  ( -77.89274342281858310, -20.55155916535984062, -22.61781986623527985 ) ) ;
#3663 = EDGE_LOOP ( 'NONE', ( #5317, #1336, #1610, #7610 ) ) ;
#3664 = VERTEX_POINT ( 'NONE', #7340 ) ;
#3665 = LINE ( 'NONE', #1036, #2836 ) ;
#3666 = CARTESIAN_POINT ( 'NONE',  ( 20.39534557174781071, -20.55155916535962035, -24.00529961897644071 ) ) ;
#3667 =( BOUNDED_SURFACE ( )  B_SPLINE_SURFACE ( 3, 2, ( 
 ( #2214, #4452, #2181 ),
 ( #6248, #2252, #4487 ),
 ( #5064, #4556, #1639 ),
 ( #1680, #3344, #5174 ),
 ( #3996, #4031, #2754 ),
 ( #6356, #4523, #6860 ),
 ( #1598, #6217, #5710 ),
 ( #6321, #1065, #5746 ),
 ( #486, #1097, #1528 ),
 ( #527, #373, #3452 ),
 ( #5780, #5635, #2714 ),
 ( #7007, #1135, #1203 ),
 ( #1752, #5889, #4705 ),
 ( #3490, #5361, #2863 ),
 ( #7044, #635, #5284 ),
 ( #5211, #92, #2978 ) ),
 .UNSPECIFIED., .F., .F., .F. ) 
 B_SPLINE_SURFACE_WITH_KNOTS ( ( 4, 2, 2, 2, 2, 2, 2, 4 ),
 ( 3, 3 ),
 ( -9.757819552369539906E-19, 0.0005793916506829810843, 0.001158783301365963036, 0.002317566602731926939, 0.002896958253414908674, 0.003476349904097890842, 0.004055741554780873011, 0.004635133205463854746 ),
 ( 0.000000000000000000, 1.000000000000000000 ),
 .UNSPECIFIED. ) 
 GEOMETRIC_REPRESENTATION_ITEM ( )  RATIONAL_B_SPLINE_SURFACE ( (
 ( 1.000000000000000000, 0.9818831614244373229, 1.000000000000000000),
 ( 1.000000000000000000, 0.9789707388255747267, 1.000000000000000000),
 ( 1.000000000000000000, 0.9760706405261991847, 1.000000000000000000),
 ( 1.000000000000000000, 0.9707464849134805895, 1.000000000000000000),
 ( 1.000000000000000000, 0.9683082362105245311, 1.000000000000000000),
 ( 1.000000000000000000, 0.9624671946664302702, 1.000000000000000000),
 ( 1.000000000000000000, 0.9602802713475726559, 1.000000000000000000),
 ( 1.000000000000000000, 0.9602841662019343527, 1.000000000000000000),
 ( 1.000000000000000000, 0.9608302355316147292, 1.000000000000000000),
 ( 1.000000000000000000, 0.9629133516247250224, 1.000000000000000000),
 ( 1.000000000000000000, 0.9644184006492139138, 1.000000000000000000),
 ( 1.000000000000000000, 0.9682943985830779754, 1.000000000000000000),
 ( 1.000000000000000000, 0.9707301040823603788, 1.000000000000000000),
 ( 1.000000000000000000, 0.9760663109188678632, 1.000000000000000000),
 ( 1.000000000000000000, 0.9789709285857561838, 1.000000000000000000),
 ( 1.000000000000000000, 0.9818831614246229522, 1.000000000000000000) ) ) 
 REPRESENTATION_ITEM ( '' )  SURFACE ( )  );
#3668 = CARTESIAN_POINT ( 'NONE',  ( -78.27637427182342833, 7.671136679929874802, -21.22465191256818429 ) ) ;
#3669 = CARTESIAN_POINT ( 'NONE',  ( 19.36529477492177165, -15.54555916535960591, -23.62085538843196986 ) ) ;
#3670 = CARTESIAN_POINT ( 'NONE',  ( 20.72279307187744379, 7.676539963638965958, -21.09964555899986394 ) ) ;
#3671 = DIRECTION ( 'NONE',  ( 0.000000000000000000, 1.000000000000000000, -0.000000000000000000 ) ) ;
#3672 = ORIENTED_EDGE ( 'NONE', *, *, #2079, .F. ) ;
#3673 = CARTESIAN_POINT ( 'NONE',  ( 18.78363770464324389, 14.44844083464174211, 74.21469884157338015 ) ) ;
#3674 = CARTESIAN_POINT ( 'NONE',  ( -78.25965591302620794, 7.791194047975190884, 70.53034172846398064 ) ) ;
#3675 = ADVANCED_FACE ( 'NONE', ( #6029 ), #2080, .F. ) ;
#3676 = CARTESIAN_POINT ( 'NONE',  ( 18.13549775812943565, 8.052076284332798650, -24.52761987236059582 ) ) ;
#3677 = CARTESIAN_POINT ( 'NONE',  ( 14.73307411005161960, 9.448440834640384978, 73.30666492952246927 ) ) ;
#3678 = ORIENTED_EDGE ( 'NONE', *, *, #7226, .F. ) ;
#3679 = DIRECTION ( 'NONE',  ( -1.000000000000000000, 0.000000000000000000, -4.701147631373462191E-17 ) ) ;
#3680 = ORIENTED_EDGE ( 'NONE', *, *, #3592, .F. ) ;
#3681 = EDGE_CURVE ( 'NONE', #4012, #5048, #758, .T. ) ;
#3682 = B_SPLINE_SURFACE_WITH_KNOTS ( 'NONE', 3, 1, ( 
 ( #2439, #4979 ),
 ( #368, #3179 ),
 ( #1478, #2018 ),
 ( #4407, #2706 ),
 ( #4939, #7360 ),
 ( #6819, #6706 ),
 ( #4444, #830 ),
 ( #949, #4368 ),
 ( #3299, #7240 ),
 ( #1557, #7322 ),
 ( #249, #407 ),
 ( #5057, #982 ),
 ( #7284, #3333 ),
 ( #6665, #2094 ),
 ( #2671, #2056 ),
 ( #6742, #3912 ) ),
 .UNSPECIFIED., .F., .F., .F.,
 ( 4, 2, 2, 2, 2, 2, 2, 4 ),
 ( 2, 2 ),
 ( 0.000000000000000000, 0.1250000000000004163, 0.2500000000000008327, 0.3750000000000012212, 0.5000000000000016653, 0.6250000000000021094, 0.7500000000000024425, 1.000000000000000000 ),
 ( 0.000000000000000000, 1.000000000000000000 ),
 .UNSPECIFIED. ) ;
#3683 = EDGE_CURVE ( 'NONE', #3254, #3539, #2873, .T. ) ;
#3684 = CARTESIAN_POINT ( 'NONE',  ( -78.67080641513429384, -20.55155916535962035, 72.19609994822174315 ) ) ;
#3685 = ORIENTED_EDGE ( 'NONE', *, *, #1456, .F. ) ;
#3686 = CARTESIAN_POINT ( 'NONE',  ( -65.97768383176139650, 8.248440834640383912, 28.59006495185253272 ) ) ;
#3687 = FACE_OUTER_BOUND ( 'NONE', #2419, .T. ) ;
#3688 = DIRECTION ( 'NONE',  ( -0.4791402025252824437, 0.000000000000000000, 0.8777383814805136408 ) ) ;
#3689 = EDGE_LOOP ( 'NONE', ( #370, #4594, #5501, #5844 ) ) ;
#3690 = DIRECTION ( 'NONE',  ( 0.000000000000000000, 0.000000000000000000, 1.000000000000000000 ) ) ;
#3691 = CARTESIAN_POINT ( 'NONE',  ( 20.72287478524557613, 8.061418503284762949, -22.02311663803910591 ) ) ;
#3692 = B_SPLINE_CURVE_WITH_KNOTS ( 'NONE', 3,
 ( #7018, #342, #1489, #2682 ),
 .UNSPECIFIED., .F., .F.,
 ( 4, 4 ),
 ( -0.005006861729725642363, 2.273736754432320595E-13 ),
 .UNSPECIFIED. ) ;
#3693 = CARTESIAN_POINT ( 'NONE',  ( 18.69348334320071814, 8.334309358771642806, -24.35379761941814536 ) ) ;
#3694 = VERTEX_POINT ( 'NONE', #3355 ) ;
#3695 = DIRECTION ( 'NONE',  ( 0.000000000000000000, 1.000000000000000000, -0.000000000000000000 ) ) ;
#3696 = CARTESIAN_POINT ( 'NONE',  ( 13.97156626327751461, 9.445605437472867294, 72.18724231246154943 ) ) ;
#3697 = CARTESIAN_POINT ( 'NONE',  ( -75.95484493005014315, -15.54555916535961302, 73.80247517385593881 ) ) ;
#3698 = DIRECTION ( 'NONE',  ( 0.000000000000000000, 0.000000000000000000, -1.000000000000000000 ) ) ;
#3699 = CARTESIAN_POINT ( 'NONE',  ( -65.97768383176139650, 9.448440834640383201, 30.19006495185253058 ) ) ;
#3700 = CARTESIAN_POINT ( 'NONE',  ( -76.75464797666968764, 8.607511663483336406, -24.01602682397248500 ) ) ;
#3701 = FACE_OUTER_BOUND ( 'NONE', #1473, .T. ) ;
#3702 = CARTESIAN_POINT ( 'NONE',  ( -78.27963091420315322, 7.638849044800583243, -21.02943135280663611 ) ) ;
#3703 = CARTESIAN_POINT ( 'NONE',  ( 19.72590530442746726, -15.54555916535960947, -23.24136216629240792 ) ) ;
#3704 = CARTESIAN_POINT ( 'NONE',  ( -74.77768383175860833, 34.44844083464037965, -21.10993504814956268 ) ) ;
#3705 = VECTOR ( 'NONE', #4072, 1000.000000000000000 ) ;
#3706 = CYLINDRICAL_SURFACE ( 'NONE', #2496, 3.500000000000003109 ) ;
#3707 = ORIENTED_EDGE ( 'NONE', *, *, #5181, .T. ) ;
#3708 = CARTESIAN_POINT ( 'NONE',  ( -74.63333038175680656, 7.653210449138362570, 74.39053557091247626 ) ) ;
#3709 = CIRCLE ( 'NONE', #1229, 3.000000000000002665 ) ;
#3710 = AXIS2_PLACEMENT_3D ( 'NONE', #6554, #1980, #7125 ) ;
#3711 = CARTESIAN_POINT ( 'NONE',  ( -16.26673030583651069, 7.448440834640383201, 24.89006495185057233 ) ) ;
#3712 = CIRCLE ( 'NONE', #391, 9.300000000000002487 ) ;
#3713 = CARTESIAN_POINT ( 'NONE',  ( 17.33703303265645701, 7.671136679932415881, -24.60862548821470241 ) ) ;
#3714 = CARTESIAN_POINT ( 'NONE',  ( 15.96619536372729442, 8.256532877904035672, -24.45499915689962123 ) ) ;
#3715 = DIRECTION ( 'NONE',  ( -0.8777383814805255202, 0.000000000000000000, -0.4791402025252605723 ) ) ;
#3716 = ORIENTED_EDGE ( 'NONE', *, *, #7226, .T. ) ;
#3717 = CARTESIAN_POINT ( 'NONE',  ( -77.40270569543292822, 7.483345648809482498, 73.76489822822401266 ) ) ;
#3718 = ORIENTED_EDGE ( 'NONE', *, *, #2742, .F. ) ;
#3719 = CIRCLE ( 'NONE', #3585, 0.7999999999999986011 ) ;
#3720 = AXIS2_PLACEMENT_3D ( 'NONE', #4998, #2570, #1458 ) ;
#3721 = CARTESIAN_POINT ( 'NONE',  ( -55.57768383176139793, 7.448440834640383201, 30.19006495185253058 ) ) ;
#3722 = CARTESIAN_POINT ( 'NONE',  ( -72.96577741629457137, 9.448440834640383201, -23.54886323477557752 ) ) ;
#3723 = CARTESIAN_POINT ( 'NONE',  ( -77.95071323526585161, -20.55155916535962035, 73.78542952267778787 ) ) ;
#3724 = ORIENTED_EDGE ( 'NONE', *, *, #2167, .T. ) ;
#3725 = CARTESIAN_POINT ( 'NONE',  ( 15.41429154910228227, 9.448440834640383201, -23.54084471649060362 ) ) ;
#3726 = AXIS2_PLACEMENT_3D ( 'NONE', #1004, #6981, #6406 ) ;
#3727 = EDGE_CURVE ( 'NONE', #5668, #4279, #7559, .T. ) ;
#3728 = DIRECTION ( 'NONE',  ( 0.000000000000000000, 1.000000000000000000, -0.000000000000000000 ) ) ;
#3729 = ORIENTED_EDGE ( 'NONE', *, *, #987, .T. ) ;
#3730 = CARTESIAN_POINT ( 'NONE',  ( -66.47768383176139650, 8.248440834640383912, 9.090064951852534492 ) ) ;
#3731 = EDGE_CURVE ( 'NONE', #6005, #7110, #5422, .T. ) ;
#3732 = EDGE_CURVE ( 'NONE', #7224, #689, #2233, .T. ) ;
#3733 = AXIS2_PLACEMENT_3D ( 'NONE', #2425, #37, #1809 ) ;
#3734 = CARTESIAN_POINT ( 'NONE',  ( 20.46653333829310739, 8.333974080390833095, -22.58020787672381147 ) ) ;
#3735 = ORIENTED_EDGE ( 'NONE', *, *, #1456, .T. ) ;
#3736 = CARTESIAN_POINT ( 'NONE',  ( 19.13473618751249461, -15.55155916535960792, -16.49012448169868961 ) ) ;
#3737 = DIRECTION ( 'NONE',  ( 0.000000000000000000, -1.000000000000000000, 0.000000000000000000 ) ) ;
#3738 = TOROIDAL_SURFACE ( 'NONE', #5075, 1.600000000000000089, 0.8000000000000000444 ) ;
#3739 = CARTESIAN_POINT ( 'NONE',  ( 20.39591763448233763, 8.793748063502691892, 69.39904378144501607 ) ) ;
#3740 = FACE_OUTER_BOUND ( 'NONE', #4256, .T. ) ;
#3741 = ORIENTED_EDGE ( 'NONE', *, *, #353, .T. ) ;
#3742 = CARTESIAN_POINT ( 'NONE',  ( -76.24320266660184586, 8.332269630842533914, -24.35609845588998112 ) ) ;
#3743 = AXIS2_PLACEMENT_3D ( 'NONE', #1811, #117, #5959 ) ;
#3744 = CARTESIAN_POINT ( 'NONE',  ( -74.76592441556549318, 7.630920137471724374, -24.61256177532671785 ) ) ;
#3745 = FACE_OUTER_BOUND ( 'NONE', #3329, .T. ) ;
#3746 = ADVANCED_FACE ( 'NONE', ( #5644 ), #383, .T. ) ;
#3747 = CARTESIAN_POINT ( 'NONE',  ( 20.13472638953157201, -15.54555916535960947, -22.28474393831748301 ) ) ;
#3748 = CARTESIAN_POINT ( 'NONE',  ( -74.77768383175860833, 9.448440834640395636, -24.10993504814957333 ) ) ;
#3749 = ORIENTED_EDGE ( 'NONE', *, *, #4529, .F. ) ;
#3750 = DIRECTION ( 'NONE',  ( 0.000000000000000000, 0.000000000000000000, -1.000000000000000000 ) ) ;
#3751 = CIRCLE ( 'NONE', #6425, 8.500000000000000000 ) ;
#3752 = CARTESIAN_POINT ( 'NONE',  ( 0.000000000000000000, 7.448440834640383201, 30.19006495185253058 ) ) ;
#3753 = FACE_BOUND ( 'NONE', #350, .T. ) ;
#3754 = CARTESIAN_POINT ( 'NONE',  ( 17.22231616824143430, -20.55355916535961569, 70.89006495185043377 ) ) ;
#3755 = CARTESIAN_POINT ( 'NONE',  ( -48.77768383176253764, 8.648440834640384267, 50.89006495185252277 ) ) ;
#3756 = ORIENTED_EDGE ( 'NONE', *, *, #964, .F. ) ;
#3757 = FACE_OUTER_BOUND ( 'NONE', #7395, .T. ) ;
#3758 = ORIENTED_EDGE ( 'NONE', *, *, #2778, .T. ) ;
#3759 = CARTESIAN_POINT ( 'NONE',  ( 20.11768073906793219, -20.55155916535962035, 74.06309435535679597 ) ) ;
#3760 = CARTESIAN_POINT ( 'NONE',  ( 13.76932977932091440, 9.412597152529311728, 72.82205819898406673 ) ) ;
#3761 = CARTESIAN_POINT ( 'NONE',  ( -73.07217881328298859, 8.973136777685081000, 73.95261277778534748 ) ) ;
#3762 = VERTEX_POINT ( 'NONE', #5073 ) ;
#3763 = CARTESIAN_POINT ( 'NONE',  ( -77.94966088460888898, -20.55155916535960969, -24.00650075280160678 ) ) ;
#3764 = CARTESIAN_POINT ( 'NONE',  ( -76.52339721435224362, 7.483345662321892355, -24.48988839171115472 ) ) ;
#3765 = AXIS2_PLACEMENT_3D ( 'NONE', #2375, #6025, #2528 ) ;
#3766 = CARTESIAN_POINT ( 'NONE',  ( -28.77768383176221079, 8.648440834640384267, 39.89006495185252987 ) ) ;
#3767 = ORIENTED_EDGE ( 'NONE', *, *, #4829, .T. ) ;
#3768 = CARTESIAN_POINT ( 'NONE',  ( 20.13504083691411495, -15.55155916535962035, 72.06726830891669522 ) ) ;
#3769 = CARTESIAN_POINT ( 'NONE',  ( 19.70969763022641175, 8.061416752532281293, -24.08306721297577724 ) ) ;
#3770 = AXIS2_PLACEMENT_3D ( 'NONE', #879, #6714, #990 ) ;
#3771 = CARTESIAN_POINT ( 'NONE',  ( 19.11707598838336253, 8.452206449839387403, -24.14010249894299420 ) ) ;
#3772 = ORIENTED_EDGE ( 'NONE', *, *, #4985, .T. ) ;
#3773 = CARTESIAN_POINT ( 'NONE',  ( 20.39707973263128693, -20.55155916535962035, -22.31969640456214776 ) ) ;
#3774 = DIRECTION ( 'NONE',  ( -7.709882115452479153E-16, 0.000000000000000000, -1.000000000000000000 ) ) ;
#3775 = CARTESIAN_POINT ( 'NONE',  ( 20.69421816341597165, 7.912350803928871912, 71.33569815703853578 ) ) ;
#3776 = CARTESIAN_POINT ( 'NONE',  ( -76.28863735768101151, 9.448440834640386754, 67.18641547565773919 ) ) ;
#3777 = CARTESIAN_POINT ( 'NONE',  ( -76.69376057210610043, -20.55155916536029537, -24.05566038182551480 ) ) ;
#3778 = CIRCLE ( 'NONE', #5723, 0.4999999999999996669 ) ;
#3779 = ORIENTED_EDGE ( 'NONE', *, *, #6867, .T. ) ;
#3780 = ADVANCED_FACE ( 'NONE', ( #3966 ), #3586, .T. ) ;
#3781 = CARTESIAN_POINT ( 'NONE',  ( -76.73641973382989079, 8.747320617768432172, -24.02924976514458066 ) ) ;
#3782 = CARTESIAN_POINT ( 'NONE',  ( -74.89240069617896722, 7.671136679932746283, -24.60862548821390661 ) ) ;
#3783 = EDGE_CURVE ( 'NONE', #215, #664, #3391, .T. ) ;
#3784 = CARTESIAN_POINT ( 'NONE',  ( -77.00087602673184506, 9.326091845869616037, -17.90028978592127018 ) ) ;
#3785 = LINE ( 'NONE', #2000, #2099 ) ;
#3786 = CARTESIAN_POINT ( 'NONE',  ( 19.32341154777472525, 9.795504604079324551, -18.30149544561076880 ) ) ;
#3787 = ORIENTED_EDGE ( 'NONE', *, *, #7424, .F. ) ;
#3788 = DIRECTION ( 'NONE',  ( -0.000000000000000000, -1.000000000000000000, 0.000000000000000000 ) ) ;
#3789 = EDGE_CURVE ( 'NONE', #3468, #4671, #3091, .T. ) ;
#3790 = EDGE_CURVE ( 'NONE', #5402, #6208, #6642, .T. ) ;
#3791 = CARTESIAN_POINT ( 'NONE',  ( 19.07735123641085906, 9.430414557011237875, 67.48074283223715497 ) ) ;
#3792 = DIRECTION ( 'NONE',  ( 0.000000000000000000, 0.000000000000000000, 1.000000000000000000 ) ) ;
#3793 = CARTESIAN_POINT ( 'NONE',  ( 17.38102180437601518, 7.657507362951799124, -24.60996774137252530 ) ) ;
#3794 = DIRECTION ( 'NONE',  ( 0.000000000000000000, 0.000000000000000000, -1.000000000000000000 ) ) ;
#3795 = ORIENTED_EDGE ( 'NONE', *, *, #3646, .T. ) ;
#3796 = CARTESIAN_POINT ( 'NONE',  ( 20.36174581152672758, 8.487844762479021199, -22.66582433922576101 ) ) ;
#3797 = ORIENTED_EDGE ( 'NONE', *, *, #4529, .T. ) ;
#3798 = CARTESIAN_POINT ( 'NONE',  ( 14.81101031048995509, 9.191794839602403400, -23.77027721577042740 ) ) ;
#3799 = CARTESIAN_POINT ( 'NONE',  ( -77.73279620717235616, 8.488181070203303591, 72.92493336994093056 ) ) ;
#3800 = CARTESIAN_POINT ( 'NONE',  ( -71.72049885787001244, 9.917325419396867403, 72.60923766872177509 ) ) ;
#3801 = ORIENTED_EDGE ( 'NONE', *, *, #6526, .T. ) ;
#3802 = CARTESIAN_POINT ( 'NONE',  ( -78.38630490513686766, -20.55155916535961680, -23.35363382436985447 ) ) ;
#3803 = CARTESIAN_POINT ( 'NONE',  ( -77.26781184297824723, 8.061416763180496048, -24.08103997113663297 ) ) ;
#3804 = VERTEX_POINT ( 'NONE', #6441 ) ;
#3805 = CARTESIAN_POINT ( 'NONE',  ( 20.67564689195557293, 7.928958336221373138, 71.59461232837745115 ) ) ;
#3806 = CARTESIAN_POINT ( 'NONE',  ( 18.96595201055500013, 7.483345649990038595, -24.49067823725810200 ) ) ;
#3807 = DIRECTION ( 'NONE',  ( 0.000000000000000000, 0.000000000000000000, 1.000000000000000000 ) ) ;
#3808 = ORIENTED_EDGE ( 'NONE', *, *, #2079, .T. ) ;
#3809 = CARTESIAN_POINT ( 'NONE',  ( -78.31185419305805340, -15.55155916535961858, -23.53381834002566109 ) ) ;
#3810 = CARTESIAN_POINT ( 'NONE',  ( 18.84473053808893539, 9.448440834640386754, -17.58530849365161686 ) ) ;
#3811 = CARTESIAN_POINT ( 'NONE',  ( -66.77768383176137945, 8.648440834640384267, 28.59006495185253272 ) ) ;
#3812 = CARTESIAN_POINT ( 'NONE',  ( -77.78098129240022729, 8.699907907564686127, -22.91477684279165317 ) ) ;
#3813 = DIRECTION ( 'NONE',  ( 0.000000000000000000, 0.000000000000000000, 1.000000000000000000 ) ) ;
#3814 = CARTESIAN_POINT ( 'NONE',  ( -75.82117370604774464, 8.144168364191678222, -24.49846524313108276 ) ) ;
#3815 = CARTESIAN_POINT ( 'NONE',  ( -75.43185445513395848, 7.983886600264332500, -24.55010891216744184 ) ) ;
#3816 = CARTESIAN_POINT ( 'NONE',  ( -77.41170799606555875, 9.124014410440691947, -18.79125912760487793 ) ) ;
#3817 = CARTESIAN_POINT ( 'NONE',  ( -78.27796479742721658, 7.678798450552070776, 70.93839422571521425 ) ) ;
#3818 = EDGE_CURVE ( 'NONE', #240, #2456, #6031, .T. ) ;
#3819 = CARTESIAN_POINT ( 'NONE',  ( -77.92023408558721087, 8.613343737553794455, -19.25466373673171461 ) ) ;
#3820 = EDGE_LOOP ( 'NONE', ( #4355, #604, #5799, #2333 ) ) ;
#3821 = LINE ( 'NONE', #2003, #1608 ) ;
#3822 = EDGE_CURVE ( 'NONE', #6157, #7211, #1760, .T. ) ;
#3823 = CARTESIAN_POINT ( 'NONE',  ( 18.13549775812085230, -20.55155916535962035, 74.06482852362452718 ) ) ;
#3824 = PRODUCT_DEFINITION ( 'UNKNOWN', '', #2591, #2781 ) ;
#3825 = DIRECTION ( 'NONE',  ( 0.000000000000000000, 1.000000000000000000, -0.000000000000000000 ) ) ;
#3826 = AXIS2_PLACEMENT_3D ( 'NONE', #83, #4771, #7112 ) ;
#3827 = EDGE_CURVE ( 'NONE', #4021, #3694, #2722, .T. ) ;
#3828 = DIRECTION ( 'NONE',  ( 0.000000000000000000, -0.8035776941567779330, -0.5951998735329805390 ) ) ;
#3829 = DIRECTION ( 'NONE',  ( -0.000000000000000000, -1.000000000000000000, 0.000000000000000000 ) ) ;
#3830 = ORIENTED_EDGE ( 'NONE', *, *, #5043, .T. ) ;
#3831 = CARTESIAN_POINT ( 'NONE',  ( 20.37775436272507079, 8.611821679888842951, -22.63324427103398406 ) ) ;
#3832 = ORIENTED_EDGE ( 'NONE', *, *, #1564, .T. ) ;
#3833 = ORIENTED_EDGE ( 'NONE', *, *, #5190, .T. ) ;
#3834 = AXIS2_PLACEMENT_3D ( 'NONE', #6724, #1923, #3161 ) ;
#3835 = LINE ( 'NONE', #6163, #626 ) ;
#3836 = CIRCLE ( 'NONE', #2103, 3.000000000000002665 ) ;
#3837 = DIRECTION ( 'NONE',  ( -1.000000000000000000, 0.000000000000000000, 0.000000000000000000 ) ) ;
#3838 = CARTESIAN_POINT ( 'NONE',  ( -71.89523583517294014, 9.409695858028630511, 72.88893645763690188 ) ) ;
#3839 = ORIENTED_EDGE ( 'NONE', *, *, #3486, .F. ) ;
#3840 = CARTESIAN_POINT ( 'NONE',  ( -54.77768383176140077, 9.448440834640383201, 19.59006495185253627 ) ) ;
#3842 = CARTESIAN_POINT ( 'NONE',  ( -76.42450580288080175, -0.3354571777058760196, 66.16689940124116731 ) ) ;
#3841 = VECTOR ( 'NONE', #3060, 1000.000000000000000 ) ;
#3843 = ORIENTED_EDGE ( 'NONE', *, *, #3683, .F. ) ;
#3844 = CYLINDRICAL_SURFACE ( 'NONE', #2359, 0.7999999999999951594 ) ;
#3845 = CARTESIAN_POINT ( 'NONE',  ( 20.72141762454775460, 7.667234662091490627, 71.07593865496789931 ) ) ;
#3846 = VECTOR ( 'NONE', #6715, 1000.000000000000227 ) ;
#3847 = CARTESIAN_POINT ( 'NONE',  ( 18.73326969416348575, 9.448440834640383201, -17.40628557195670822 ) ) ;
#3848 = VERTEX_POINT ( 'NONE', #570 ) ;
#3849 = FACE_OUTER_BOUND ( 'NONE', #747, .T. ) ;
#3850 = CARTESIAN_POINT ( 'NONE',  ( -78.19536865596911923, 8.052076284334466649, 71.80324654173669785 ) ) ;
#3851 = CARTESIAN_POINT ( 'NONE',  ( 0.000000000000000000, -15.55155916535961858, -23.02235506742066562 ) ) ;
#3852 = CARTESIAN_POINT ( 'NONE',  ( -74.77768383175860833, -20.55355916535961569, -21.10993504814956268 ) ) ;
#3853 = AXIS2_PLACEMENT_3D ( 'NONE', #85, #5849, #6004 ) ;
#3854 = CARTESIAN_POINT ( 'NONE',  ( 15.41424783010053545, 9.448440834640384978, 73.32095075484410529 ) ) ;
#3855 = CARTESIAN_POINT ( 'NONE',  ( -75.63166598959784892, 8.124720590873728554, -24.50462204425248558 ) ) ;
#3856 = EDGE_LOOP ( 'NONE', ( #1245, #6386, #2789, #7390 ) ) ;
#3857 = CIRCLE ( 'NONE', #6539, 0.8000000000000020428 ) ;
#3858 = CARTESIAN_POINT ( 'NONE',  ( -76.49685654863225182, 9.917325419397108988, -18.05275007426232037 ) ) ;
#3859 = CARTESIAN_POINT ( 'NONE',  ( 19.25317582276768391, 8.487544660740818259, 73.84786606623090677 ) ) ;
#3860 = CARTESIAN_POINT ( 'NONE',  ( -78.27024749468735365, 7.720059768079899243, -20.79478162534480390 ) ) ;
#3861 = VERTEX_POINT ( 'NONE', #5861 ) ;
#3862 = CARTESIAN_POINT ( 'NONE',  ( -72.92241252033406340, 8.613343737557659807, 74.03261520567622256 ) ) ;
#3863 = AXIS2_PLACEMENT_3D ( 'NONE', #2241, #6925, #5918 ) ;
#3864 = CARTESIAN_POINT ( 'NONE',  ( 19.01296496796422630, 9.448440834640384978, 67.51873050599293435 ) ) ;
#3865 = CARTESIAN_POINT ( 'NONE',  ( 14.85476082163350675, 9.498684368470142303, -23.69675029894588647 ) ) ;
#3866 = ADVANCED_FACE ( 'NONE', ( #6479 ), #1464, .F. ) ;
#3867 = CARTESIAN_POINT ( 'NONE',  ( 13.85095010942596261, 9.448440834640381425, 72.68068895580717026 ) ) ;
#3868 = LINE ( 'NONE', #7351, #186 ) ;
#3869 = CIRCLE ( 'NONE', #6801, 8.500000000000000000 ) ;
#3870 = VERTEX_POINT ( 'NONE', #6403 ) ;
#3871 = CARTESIAN_POINT ( 'NONE',  ( -28.77768383176221079, 8.248440834640383912, 48.39006495185252987 ) ) ;
#3872 = VERTEX_POINT ( 'NONE', #645 ) ;
#3873 = ORIENTED_EDGE ( 'NONE', *, *, #3204, .T. ) ;
#3874 = DIRECTION ( 'NONE',  ( 0.000000000000000000, 0.000000000000000000, 1.000000000000000000 ) ) ;
#3875 = ADVANCED_FACE ( 'NONE', ( #2486 ), #5784, .T. ) ;
#3876 = CARTESIAN_POINT ( 'NONE',  ( -78.16570031647539452, 8.145791044625507737, 71.93585080865317138 ) ) ;
#3877 = ORIENTED_EDGE ( 'NONE', *, *, #2347, .T. ) ;
#3878 = DIRECTION ( 'NONE',  ( 1.000000000000000000, 0.000000000000000000, 1.224646799147353207E-16 ) ) ;
#3879 = CARTESIAN_POINT ( 'NONE',  ( -75.84650190543111137, 8.544942509755903970, -24.29351627307660522 ) ) ;
#3880 = VERTEX_POINT ( 'NONE', #3533 ) ;
#3881 = PLANE ( 'NONE',  #6789 ) ;
#3882 = CARTESIAN_POINT ( 'NONE',  ( 20.72426325068580866, 7.638849044801960808, 70.80956125649819910 ) ) ;
#3883 = EDGE_CURVE ( 'NONE', #4625, #3972, #3498, .T. ) ;
#3884 = EDGE_CURVE ( 'NONE', #294, #5668, #7004, .T. ) ;
#3885 = VECTOR ( 'NONE', #1434, 1000.000000000000227 ) ;
#3886 = DIRECTION ( 'NONE',  ( -1.000000000000000000, 0.000000000000000000, 0.000000000000000000 ) ) ;
#3887 = ORIENTED_EDGE ( 'NONE', *, *, #1307, .F. ) ;
#3888 = DIRECTION ( 'NONE',  ( 0.000000000000000000, 1.000000000000000000, -0.000000000000000000 ) ) ;
#3889 = LINE ( 'NONE', #6220, #7263 ) ;
#3890 = DIRECTION ( 'NONE',  ( 0.000000000000000000, 0.000000000000000000, -1.000000000000000000 ) ) ;
#3891 = CARTESIAN_POINT ( 'NONE',  ( 19.02715796286771166, 8.699907907559445874, -24.11323250880066738 ) ) ;
#3892 = AXIS2_PLACEMENT_3D ( 'NONE', #7313, #3829, #5548 ) ;
#3893 = CARTESIAN_POINT ( 'NONE',  ( 17.22231616824143430, -13.55155916535961858, 73.89006495185043377 ) ) ;
#3894 = CARTESIAN_POINT ( 'NONE',  ( -66.27768383176041311, -20.55655916577720532, -20.33943504814757475 ) ) ;
#3895 = EDGE_LOOP ( 'NONE', ( #2762, #364, #31, #168 ) ) ;
#3896 = CARTESIAN_POINT ( 'NONE',  ( -78.26077798801493657, 7.782478616782584346, -20.67004862099568285 ) ) ;
#3897 = CIRCLE ( 'NONE', #328, 0.7999999999999986011 ) ;
#3898 = DIRECTION ( 'NONE',  ( 0.000000000000000000, 0.000000000000000000, -1.000000000000000000 ) ) ;
#3899 = FACE_OUTER_BOUND ( 'NONE', #843, .T. ) ;
#3900 = ORIENTED_EDGE ( 'NONE', *, *, #6069, .F. ) ;
#3901 = DIRECTION ( 'NONE',  ( 1.000000000000000000, -0.000000000000000000, 0.000000000000000000 ) ) ;
#3902 = B_SPLINE_CURVE_WITH_KNOTS ( 'NONE', 3,
 ( #6328, #5718, #2794, #6291, #3854, #5141 ),
 .UNSPECIFIED., .F., .F.,
 ( 4, 2, 4 ),
 ( -8.754626478398342356E-06, 0.001256132642789091133, 0.002521019912056580645 ),
 .UNSPECIFIED. ) ;
#3903 = AXIS2_PLACEMENT_3D ( 'NONE', #6928, #7470, #1090 ) ;
#3904 = FACE_BOUND ( 'NONE', #384, .T. ) ;
#3905 = CARTESIAN_POINT ( 'NONE',  ( 15.80307452150618985, 8.734040578497193508, 74.10284945512621846 ) ) ;
#3906 = CARTESIAN_POINT ( 'NONE',  ( 20.37932360144827371, 8.061416762586437912, 73.10197192954051104 ) ) ;
#3907 = PLANE ( 'NONE',  #1884 ) ;
#3908 = VERTEX_POINT ( 'NONE', #1254 ) ;
#3909 = CARTESIAN_POINT ( 'NONE',  ( -16.26673030583651069, 8.648440834640384267, 24.89006495185057233 ) ) ;
#3910 = CARTESIAN_POINT ( 'NONE',  ( -78.27340895747889249, 7.730273955579574974, 70.70839865389348233 ) ) ;
#3911 = ORIENTED_EDGE ( 'NONE', *, *, #5732, .F. ) ;
#3912 = CARTESIAN_POINT ( 'NONE',  ( -75.69086542164833986, -15.55155916535961858, 74.80278962720933578 ) ) ;
#3913 =( BOUNDED_SURFACE ( )  B_SPLINE_SURFACE ( 3, 2, ( 
 ( #1989, #4379, #6062 ),
 ( #7369, #5450, #800 ),
 ( #3148, #2104, #922 ),
 ( #3274, #4454, #1949 ),
 ( #4342, #1375, #1450 ),
 ( #6677, #6135, #4952 ),
 ( #5488, #5604, #181 ),
 ( #7295, #2027, #5526 ),
 ( #3810, #7333, #221 ),
 ( #2563, #6793, #4910 ) ),
 .UNSPECIFIED., .F., .F., .F. ) 
 B_SPLINE_SURFACE_WITH_KNOTS ( ( 4, 2, 2, 2, 4 ),
 ( 3, 3 ),
 ( 0.000000000000000000, 0.0006324766926357670805, 0.001264953385271534161, 0.001897430077907301133, 0.002529906770543068322 ),
 ( 0.000000000000000000, 1.000000000000000000 ),
 .UNSPECIFIED. ) 
 GEOMETRIC_REPRESENTATION_ITEM ( )  RATIONAL_B_SPLINE_SURFACE ( (
 ( 1.000000000000000000, 0.7071067811865500152, 1.000000000000000000),
 ( 1.000000000000000000, 0.7482605807272394438, 1.000000000000000000),
 ( 1.000000000000000000, 0.7859662412950974009, 1.000000000000000000),
 ( 1.000000000000000000, 0.8543471657468764136, 1.000000000000000000),
 ( 1.000000000000000000, 0.8850653624181556989, 1.000000000000000000),
 ( 1.000000000000000000, 0.9378133947794221603, 1.000000000000000000),
 ( 1.000000000000000000, 0.9598637189157345206, 1.000000000000000000),
 ( 1.000000000000000000, 0.9910703068287752826, 1.000000000000000000),
 ( 1.000000000000000000, 1.000069067823799118, 1.000000000000000000),
 ( 1.000000000000000000, 1.000000000000000000, 1.000000000000000000) ) ) 
 REPRESENTATION_ITEM ( '' )  SURFACE ( )  );
#3914 = CARTESIAN_POINT ( 'NONE',  ( -76.41883774411331842, 8.544942541973446382, -24.17917119375869817 ) ) ;
#3915 = VERTEX_POINT ( 'NONE', #1831 ) ;
#3916 = CYLINDRICAL_SURFACE ( 'NONE', #414, 8.500000000000000000 ) ;
#3917 = EDGE_CURVE ( 'NONE', #5435, #689, #7161, .T. ) ;
#3918 = DIRECTION ( 'NONE',  ( 0.000000000000000000, 0.000000000000000000, 1.000000000000000000 ) ) ;
#3919 = CARTESIAN_POINT ( 'NONE',  ( 17.22231616824143430, 9.448440834640395636, 70.89006495185043377 ) ) ;
#3920 = ORIENTED_EDGE ( 'NONE', *, *, #4301, .F. ) ;
#3921 = CARTESIAN_POINT ( 'NONE',  ( -78.08954442519302575, -15.55155916535961858, -23.86654297218631982 ) ) ;
#3922 = CARTESIAN_POINT ( 'NONE',  ( -76.29184701584043182, 8.608468187487732237, 74.04990029451538192 ) ) ;
#3923 = CARTESIAN_POINT ( 'NONE',  ( 17.22231616824143430, -13.55155916535961858, 70.89006495185043377 ) ) ;
#3924 = CARTESIAN_POINT ( 'NONE',  ( 20.55775435009065433, 8.401485435618793574, -22.18177851590170491 ) ) ;
#3925 = CARTESIAN_POINT ( 'NONE',  ( -71.81665284744342159, 9.448440834640383201, -23.01978390925183859 ) ) ;
#3926 = CARTESIAN_POINT ( 'NONE',  ( 20.47719097906067276, 8.632963865838659601, -19.80733797534921337 ) ) ;
#3927 = CARTESIAN_POINT ( 'NONE',  ( 17.22231616824142364, 34.44844083464037965, -19.50993504814957191 ) ) ;
#3928 = EDGE_LOOP ( 'NONE', ( #5114, #4629, #7243, #4172 ) ) ;
#3929 = DIRECTION ( 'NONE',  ( -0.000000000000000000, 1.000000000000000000, -0.000000000000000000 ) ) ;
#3930 = DIRECTION ( 'NONE',  ( 0.000000000000000000, 1.000000000000000000, -0.000000000000000000 ) ) ;
#3931 = ADVANCED_FACE ( 'NONE', ( #257 ), #1617, .T. ) ;
#3932 = CARTESIAN_POINT ( 'NONE',  ( -77.84976816694043578, 8.948440834640383201, -19.43294433931111342 ) ) ;
#3933 = ORIENTED_EDGE ( 'NONE', *, *, #817, .F. ) ;
#3934 = CARTESIAN_POINT ( 'NONE',  ( -75.48223120827701393, 7.928958336216369140, 74.34339567556584427 ) ) ;
#3935 = CARTESIAN_POINT ( 'NONE',  ( 15.91971909543827124, 8.632963865841057682, -24.36480985896762164 ) ) ;
#3936 = CARTESIAN_POINT ( 'NONE',  ( -76.56830783571726329, 9.448440834640383201, 67.51869889303576144 ) ) ;
#3937 = CARTESIAN_POINT ( 'NONE',  ( 20.33397569854567166, 8.544941387687501333, 72.38792026311480754 ) ) ;
#3938 = DIRECTION ( 'NONE',  ( 0.000000000000000000, 0.000000000000000000, -1.000000000000000000 ) ) ;
#3939 = ORIENTED_EDGE ( 'NONE', *, *, #2684, .F. ) ;
#3940 = CARTESIAN_POINT ( 'NONE',  ( 21.13504084360030788, -15.55155916535961858, 71.80324654174016530 ) ) ;
#3941 = CIRCLE ( 'NONE', #7489, 0.4999999999999999445 ) ;
#3942 = CARTESIAN_POINT ( 'NONE',  ( -78.25392304442151215, 7.890372993065867036, 71.30867553833547845 ) ) ;
#3943 = VERTEX_POINT ( 'NONE', #1913 ) ;
#3944 = CARTESIAN_POINT ( 'NONE',  ( -76.28863735768069887, 9.448440834640383201, 67.18641547565759709 ) ) ;
#3945 = CARTESIAN_POINT ( 'NONE',  ( -78.69040850711205337, -15.55155916535961858, -22.41587021319759288 ) ) ;
#3946 = CARTESIAN_POINT ( 'NONE',  ( -64.87768383176140219, 7.448440834640383201, 10.69006495185253591 ) ) ;
#3947 = ORIENTED_EDGE ( 'NONE', *, *, #61, .F. ) ;
#3948 = CARTESIAN_POINT ( 'NONE',  ( 20.72868114525624250, 7.483344986273461785, 71.97405976404354533 ) ) ;
#3949 = CIRCLE ( 'NONE', #5775, 0.7999999999999986011 ) ;
#3950 = CARTESIAN_POINT ( 'NONE',  ( 20.64000099245407682, 8.052076284327606359, 71.80324654172980559 ) ) ;
#3951 = VECTOR ( 'NONE', #4356, 1000.000000000000000 ) ;
#3952 =( BOUNDED_SURFACE ( )  B_SPLINE_SURFACE ( 3, 2, ( 
 ( #5642, #2219, #346 ),
 ( #3351, #6797, #420 ),
 ( #4562, #3276, #5677 ),
 ( #1070, #1571, #5608 ),
 ( #1604, #2686, #2759 ),
 ( #4456, #5031, #5105 ),
 ( #5180, #7409, #3962 ),
 ( #1646, #3425, #492 ),
 ( #4528, #4492, #3389 ),
 ( #2793, #2827, #7522 ) ),
 .UNSPECIFIED., .F., .F., .T. ) 
 B_SPLINE_SURFACE_WITH_KNOTS ( ( 4, 2, 2, 2, 4 ),
 ( 3, 3 ),
 ( 0.000000000000000000, 0.0006324469077538206205, 0.001264893815507641241, 0.001897340723261461970, 0.002529787631015282482 ),
 ( 0.000000000000000000, 1.000000000000000000 ),
 .UNSPECIFIED. ) 
 GEOMETRIC_REPRESENTATION_ITEM ( )  RATIONAL_B_SPLINE_SURFACE ( (
 ( 1.000000000000000000, 0.7071067811865500152, 1.000000000000000000),
 ( 1.000000000000000000, 0.7482557864056867958, 1.000000000000000000),
 ( 1.000000000000000000, 0.7859595632329910986, 1.000000000000000000),
 ( 1.000000000000000000, 0.8543387531409037949, 1.000000000000000000),
 ( 1.000000000000000000, 0.8850570986935994977, 1.000000000000000000),
 ( 1.000000000000000000, 0.9378057023053316676, 1.000000000000000000),
 ( 1.000000000000000000, 0.9598562173316605994, 1.000000000000000000),
 ( 1.000000000000000000, 0.9910687533216174794, 1.000000000000000000),
 ( 1.000000000000000000, 1.000069207638675683, 1.000000000000000000),
 ( 1.000000000000000000, 1.000000000000000000, 1.000000000000000000) ) ) 
 REPRESENTATION_ITEM ( '' )  SURFACE ( )  );
#3953 = CIRCLE ( 'NONE', #5779, 3.000000000000009770 ) ;
#3954 = CARTESIAN_POINT ( 'NONE',  ( 17.22231616824142364, -13.55155916535962035, -21.10993504814957689 ) ) ;
#3955 = EDGE_LOOP ( 'NONE', ( #1715, #5309, #4821, #7534 ) ) ;
#3956 = CARTESIAN_POINT ( 'NONE',  ( 19.71837681946709253, 7.483343472789904638, -24.08943801345055036 ) ) ;
#3957 = VECTOR ( 'NONE', #4038, 1000.000000000000000 ) ;
#3958 = EDGE_CURVE ( 'NONE', #5759, #6161, #2343, .T. ) ;
#3959 = LINE ( 'NONE', #2148, #7003 ) ;
#3960 = ADVANCED_FACE ( 'NONE', ( #6673 ), #4870, .F. ) ;
#3961 = DIRECTION ( 'NONE',  ( 0.000000000000000000, 0.000000000000000000, 1.000000000000000000 ) ) ;
#3962 = CARTESIAN_POINT ( 'NONE',  ( -76.68695499033977114, 9.448440834640383201, -18.14926253895365704 ) ) ;
#3963 = AXIS2_PLACEMENT_3D ( 'NONE', #5234, #4442, #583 ) ;
#3964 = CARTESIAN_POINT ( 'NONE',  ( 20.69421816341373699, 7.912350803942435284, -21.55556825335499127 ) ) ;
#3965 = ADVANCED_FACE ( 'NONE', ( #6748 ), #2680, .F. ) ;
#3966 = FACE_OUTER_BOUND ( 'NONE', #3057, .T. ) ;
#3967 = ORIENTED_EDGE ( 'NONE', *, *, #6194, .F. ) ;
#3968 = CARTESIAN_POINT ( 'NONE',  ( 17.64092675474510585, 7.890372993080168484, 74.36630416451110648 ) ) ;
#3969 = AXIS2_PLACEMENT_3D ( 'NONE', #165, #7157, #4853 ) ;
#3970 = CARTESIAN_POINT ( 'NONE',  ( -74.77768383175860833, -13.55155916535962035, 70.89006495185046219 ) ) ;
#3971 = CARTESIAN_POINT ( 'NONE',  ( -77.49006573403076459, -20.55155916535766991, 73.18125488474181850 ) ) ;
#3972 = VERTEX_POINT ( 'NONE', #3847 ) ;
#3973 = LINE ( 'NONE', #1010, #1123 ) ;
#3974 = CIRCLE ( 'NONE', #4947, 3.000000000000002665 ) ;
#3975 = EDGE_CURVE ( 'NONE', #3861, #1471, #3712, .T. ) ;
#3976 = ADVANCED_FACE ( 'NONE', ( #919 ), #6884, .T. ) ;
#3977 = CARTESIAN_POINT ( 'NONE',  ( 17.22231616824142364, -13.55155916535961858, -18.10993504814957689 ) ) ;
#3978 = CARTESIAN_POINT ( 'NONE',  ( 17.61587907099463735, 7.872059582261590194, -24.58815266144882727 ) ) ;
#3979 = B_SPLINE_CURVE_WITH_KNOTS ( 'NONE', 3,
 ( #5562, #7288, #7364, #7438, #4983, #4450, #3267, #6130, #1445, #6246, #3768, #6788 ),
 .UNSPECIFIED., .F., .F.,
 ( 4, 2, 2, 2, 2, 4 ),
 ( 0.000000000000000000, 0.2500000000000000000, 0.3750000000000000000, 0.5000000000000000000, 0.7500000000000000000, 1.000000000000000000 ),
 .UNSPECIFIED. ) ;
#3980 = CARTESIAN_POINT ( 'NONE',  ( -77.84976816694043578, 8.948440834640384978, 69.21307424301201650 ) ) ;
#3981 = CARTESIAN_POINT ( 'NONE',  ( 19.43564051945152116, 8.061416751947923842, 74.04631737308046979 ) ) ;
#3982 = CIRCLE ( 'NONE', #4828, 0.7999999999999951594 ) ;
#3983 = CARTESIAN_POINT ( 'NONE',  ( -75.69086542164833986, -15.55155916535961858, 74.80278962720933578 ) ) ;
#3984 = ORIENTED_EDGE ( 'NONE', *, *, #4620, .F. ) ;
#3985 = CARTESIAN_POINT ( 'NONE',  ( -72.22004171029720965, 9.231085939624371406, -23.66235873374346355 ) ) ;
#3986 = CIRCLE ( 'NONE', #6548, 0.5000000000000028866 ) ;
#3987 = CARTESIAN_POINT ( 'NONE',  ( -73.10069312292009158, 8.948440834640393859, 73.96214928703224700 ) ) ;
#3988 = DIRECTION ( 'NONE',  ( 1.541976423090495831E-15, -0.000000000000000000, 1.000000000000000000 ) ) ;
#3989 = DIRECTION ( 'NONE',  ( -1.000000000000000000, 0.000000000000000000, 0.000000000000000000 ) ) ;
#3990 = ORIENTED_EDGE ( 'NONE', *, *, #2733, .T. ) ;
#3991 = CARTESIAN_POINT ( 'NONE',  ( 18.81930370583005185, 7.483345694693342764, 74.33181900938181741 ) ) ;
#3992 = CARTESIAN_POINT ( 'NONE',  ( 20.72059842570045163, 7.673907331969838097, 70.68244632544588057 ) ) ;
#3993 = B_SPLINE_CURVE_WITH_KNOTS ( 'NONE', 3,
 ( #1769, #4800, #5267, #3040, #5837, #3542, #5872, #1806, #6527, #1189, #612, #4680, #4722, #4086, #4761, #7144, #2883, #1154, #7102, #7024, #1839, #2955, #2378, #4122, #4160, #6451 ),
 .UNSPECIFIED., .F., .F.,
 ( 4, 2, 2, 2, 2, 2, 2, 2, 2, 2, 2, 2, 4 ),
 ( 1.338407458386425303E-15, 0.0003671725925880938574, 0.0007343451851748493756, 0.0009179314814682278936, 0.001101517777761606412, 0.001285104074054984821, 0.001468690370348363448, 0.002203035555521836320, 0.002937380740695309626, 0.003671725925868782499, 0.004406071111042255371, 0.005140416296215729111, 0.005874761481389201116 ),
 .UNSPECIFIED. ) ;
#3994 = TOROIDAL_SURFACE ( 'NONE', #6679, 9.300000000000000711, 0.8000000000000000444 ) ;
#3995 = CARTESIAN_POINT ( 'NONE',  ( 17.22231616824143430, 7.448440834640383201, 70.89006495185043377 ) ) ;
#3996 = CARTESIAN_POINT ( 'NONE',  ( -77.93312202624201745, 8.611821679891365378, 72.41337417473532412 ) ) ;
#3997 = ORIENTED_EDGE ( 'NONE', *, *, #750, .T. ) ;
#3998 = CARTESIAN_POINT ( 'NONE',  ( -53.97768383176140361, 8.648440834640384267, 20.39006495185253343 ) ) ;
#3999 = CARTESIAN_POINT ( 'NONE',  ( -67.57768383176139082, 9.448440834640383201, 20.39006495185253343 ) ) ;
#4000 = LINE ( 'NONE', #5750, #4215 ) ;
#4001 = CARTESIAN_POINT ( 'NONE',  ( 12.45607871693996671, 7.448440834640383201, -22.62088857407165676 ) ) ;
#4002 = DIRECTION ( 'NONE',  ( 0.000000000000000000, -0.000000000000000000, -1.000000000000000000 ) ) ;
#4003 = EDGE_CURVE ( 'NONE', #3872, #5551, #6633, .T. ) ;
#4004 = CARTESIAN_POINT ( 'NONE',  ( -71.52448581337374378, 9.948188553605840312, -22.40094343432561530 ) ) ;
#4005 = ORIENTED_EDGE ( 'NONE', *, *, #3158, .T. ) ;
#4006 = DIRECTION ( 'NONE',  ( 0.000000000000000000, 0.000000000000000000, 1.000000000000000000 ) ) ;
#4007 = CARTESIAN_POINT ( 'NONE',  ( 17.33703303269432894, 7.671136679939410286, 74.38875539191427322 ) ) ;
#4008 = CARTESIAN_POINT ( 'NONE',  ( 19.46624441214985168, 8.642933653314198494, 73.59596301801937557 ) ) ;
#4009 = DIRECTION ( 'NONE',  ( 0.000000000000000000, -1.000000000000000000, 0.000000000000000000 ) ) ;
#4010 = CIRCLE ( 'NONE', #3516, 9.300000000000002487 ) ;
#4011 = ORIENTED_EDGE ( 'NONE', *, *, #5777, .T. ) ;
#4012 = VERTEX_POINT ( 'NONE', #4302 ) ;
#4013 = LINE ( 'NONE', #2882, #6273 ) ;
#4014 = EDGE_CURVE ( 'NONE', #5902, #2552, #2677, .T. ) ;
#4015 = AXIS2_PLACEMENT_3D ( 'NONE', #2823, #4595, #6936 ) ;
#4016 = CARTESIAN_POINT ( 'NONE',  ( -77.69040850711751034, -15.55155916535961858, -22.02311663803931197 ) ) ;
#4017 = CARTESIAN_POINT ( 'NONE',  ( -76.08371882813010245, -20.55155916535962035, -25.00305763152696059 ) ) ;
#4018 = CARTESIAN_POINT ( 'NONE',  ( -77.44459722338666552, 9.177180926312978215, 68.51022614101783859 ) ) ;
#4019 = CARTESIAN_POINT ( 'NONE',  ( 20.62988786092488169, 8.202985146762676649, -21.90896893930964140 ) ) ;
#4020 = CARTESIAN_POINT ( 'NONE',  ( 18.34900723000843925, 8.305923014575606445, -24.42748985472815804 ) ) ;
#4021 = VERTEX_POINT ( 'NONE', #3145 ) ;
#4022 = EDGE_CURVE ( 'NONE', #3100, #26, #514, .T. ) ;
#4023 = CIRCLE ( 'NONE', #4503, 1.600000000000000755 ) ;
#4024 = CARTESIAN_POINT ( 'NONE',  ( -72.28844177356528178, 9.448440834640196684, -23.52653502582251832 ) ) ;
#4025 = CARTESIAN_POINT ( 'NONE',  ( -73.35844218502320757, 8.734040578497305418, 74.10284945512619004 ) ) ;
#4026 = CARTESIAN_POINT ( 'NONE',  ( 18.13549775813114096, -15.55155916535961858, -25.02265972350847889 ) ) ;
#4027 = DIRECTION ( 'NONE',  ( 0.000000000000000000, 1.000000000000000000, -0.000000000000000000 ) ) ;
#4028 = ORIENTED_EDGE ( 'NONE', *, *, #7246, .T. ) ;
#4029 = CARTESIAN_POINT ( 'NONE',  ( -75.69086542163705644, 8.544942533838971954, 74.07364635738430536 ) ) ;
#4030 = CARTESIAN_POINT ( 'NONE',  ( -66.77768383176137945, 7.448440834640384978, 28.59006495185253272 ) ) ;
#4031 = CARTESIAN_POINT ( 'NONE',  ( -77.91711347504228513, 8.487844762482064098, 72.44595424292619157 ) ) ;
#4032 = ORIENTED_EDGE ( 'NONE', *, *, #6205, .F. ) ;
#4033 = DIRECTION ( 'NONE',  ( 1.000000000000000000, 0.000000000000000000, 0.000000000000000000 ) ) ;
#4034 = DIRECTION ( 'NONE',  ( 1.000000000000000000, -0.000000000000000000, -4.701147631373462191E-17 ) ) ;
#4035 = FACE_OUTER_BOUND ( 'NONE', #1587, .T. ) ;
#4036 = CARTESIAN_POINT ( 'NONE',  ( 19.96324379440405750, -20.55155916535961680, 74.18952423689917453 ) ) ;
#4037 = CARTESIAN_POINT ( 'NONE',  ( 17.51938214213031841, 7.800682737973223091, 74.37813491036554581 ) ) ;
#4038 = DIRECTION ( 'NONE',  ( 0.000000000000000000, -1.000000000000000000, 0.000000000000000000 ) ) ;
#4039 = ORIENTED_EDGE ( 'NONE', *, *, #7484, .F. ) ;
#4040 = DIRECTION ( 'NONE',  ( 0.000000000000000000, 1.000000000000000000, -0.000000000000000000 ) ) ;
#4041 = CARTESIAN_POINT ( 'NONE',  ( 17.39657161017557385, 7.694509739130367620, 74.38620221651022746 ) ) ;
#4042 = CARTESIAN_POINT ( 'NONE',  ( 20.73296508447626962, 7.483345647514946464, 71.80324654174016530 ) ) ;
#4043 = FACE_OUTER_BOUND ( 'NONE', #5259, .T. ) ;
#4044 = ORIENTED_EDGE ( 'NONE', *, *, #7417, .T. ) ;
#4045 = EDGE_CURVE ( 'NONE', #1804, #4177, #6153, .T. ) ;
#4046 = ORIENTED_EDGE ( 'NONE', *, *, #6920, .T. ) ;
#4047 = DIRECTION ( 'NONE',  ( 0.000000000000000000, -1.000000000000000000, 0.000000000000000000 ) ) ;
#4048 = CARTESIAN_POINT ( 'NONE',  ( -76.21430443702722357, -15.55155916535870908, -23.97065275713858057 ) ) ;
#4049 = EDGE_CURVE ( 'NONE', #5012, #65, #13, .T. ) ;
#4050 = CARTESIAN_POINT ( 'NONE',  ( 16.49880353640181596, 8.134931476369640535, -24.54045253109714864 ) ) ;
#4051 = CARTESIAN_POINT ( 'NONE',  ( -76.77498576335838720, 9.448440834640383201, 68.12090187922173357 ) ) ;
#4052 = CARTESIAN_POINT ( 'NONE',  ( 20.71533188444413653, 7.483343550852310955, 72.14676056724518105 ) ) ;
#4053 = ADVANCED_FACE ( 'NONE', ( #1029 ), #988, .F. ) ;
#4054 = DIRECTION ( 'NONE',  ( -0.000000000000000000, 1.000000000000000000, -0.000000000000000000 ) ) ;
#4055 = EDGE_LOOP ( 'NONE', ( #1261, #5020, #2012, #4426 ) ) ;
#4056 = B_SPLINE_CURVE_WITH_KNOTS ( 'NONE', 3,
 ( #5327, #5178, #5821, #3527, #57, #5214, #7553, #5856 ),
 .UNSPECIFIED., .F., .F.,
 ( 4, 2, 2, 4 ),
 ( 0.000000000000000000, 0.0004863688850127615240, 0.0007295533275191278932, 0.0009727377700254943166 ),
 .UNSPECIFIED. ) ;
#4057 = CARTESIAN_POINT ( 'NONE',  ( -71.07403435556582849, 9.448440834640386754, -22.62088857407187703 ) ) ;
#4058 = EDGE_CURVE ( 'NONE', #7232, #7055, #1494, .T. ) ;
#4059 = DIRECTION ( 'NONE',  ( 1.541976423090495831E-15, 0.000000000000000000, 1.000000000000000000 ) ) ;
#4060 = CARTESIAN_POINT ( 'NONE',  ( 15.17613385804112092, 9.072952396249938545, 73.76061481801568220 ) ) ;
#4061 = CARTESIAN_POINT ( 'NONE',  ( -53.97768383176140361, 8.648440834640384267, 21.19006495185253058 ) ) ;
#4062 = ORIENTED_EDGE ( 'NONE', *, *, #5232, .T. ) ;
#4063 = CARTESIAN_POINT ( 'NONE',  ( -74.77768383175860833, 34.44844083464037965, 70.89006495185046219 ) ) ;
#4064 = CARTESIAN_POINT ( 'NONE',  ( -74.77768383175860833, -13.55155916535961858, 70.89006495185046219 ) ) ;
#4065 = ADVANCED_FACE ( 'NONE', ( #7443 ), #6896, .T. ) ;
#4066 = CARTESIAN_POINT ( 'NONE',  ( -74.54320386338123683, 7.762072216024788140, 74.38257218036915219 ) ) ;
#4067 = ORIENTED_EDGE ( 'NONE', *, *, #6147, .T. ) ;
#4068 = CARTESIAN_POINT ( 'NONE',  ( 20.19892064364264428, 7.483343494568626575, -23.60988355539868166 ) ) ;
#4069 = B_SPLINE_CURVE_WITH_KNOTS ( 'NONE', 3,
 ( #4163, #6490, #4766, #1844, #4201, #6533, #3630, #5957, #802, #3150, #3812, #419, #4491, #6138, #2185, #1533 ),
 .UNSPECIFIED., .F., .F.,
 ( 4, 2, 2, 2, 2, 2, 2, 4 ),
 ( 0.000000000000000000, 0.0005134118674213385006, 0.001026823734842677001, 0.002053647469685389131, 0.002567059337106745304, 0.003080471204528101043, 0.003593883071949457216, 0.004107294939370812956 ),
 .UNSPECIFIED. ) ;
#4070 = CARTESIAN_POINT ( 'NONE',  ( 20.55770425057044903, 8.401646644874244174, 71.96212967992735798 ) ) ;
#4071 = CARTESIAN_POINT ( 'NONE',  ( 17.22231616824143430, 34.44844083464037965, 72.49006495185042809 ) ) ;
#4072 = DIRECTION ( 'NONE',  ( -0.000000000000000000, 1.000000000000000000, 0.000000000000000000 ) ) ;
#4073 = AXIS2_PLACEMENT_3D ( 'NONE', #7565, #68, #4190 ) ;
#4074 = CARTESIAN_POINT ( 'NONE',  ( 19.36548726410539345, -15.55155916535961502, -23.62110760848315749 ) ) ;
#4075 = CIRCLE ( 'NONE', #3580, 3.500000000000003109 ) ;
#4076 = CARTESIAN_POINT ( 'NONE',  ( 19.29438640619628487, -21.55755916535916938, 73.81203255749760217 ) ) ;
#4077 = VERTEX_POINT ( 'NONE', #7403 ) ;
#4078 = DIRECTION ( 'NONE',  ( 0.000000000000000000, 0.000000000000000000, 1.000000000000000000 ) ) ;
#4079 = DIRECTION ( 'NONE',  ( 0.000000000000000000, 0.000000000000000000, 1.000000000000000000 ) ) ;
#4080 = DIRECTION ( 'NONE',  ( 0.000000000000000000, 0.000000000000000000, -1.000000000000000000 ) ) ;
#4081 = DIRECTION ( 'NONE',  ( 0.000000000000000000, 0.000000000000000000, 1.000000000000000000 ) ) ;
#4082 = ORIENTED_EDGE ( 'NONE', *, *, #1096, .F. ) ;
#4083 = AXIS2_PLACEMENT_3D ( 'NONE', #6233, #466, #972 ) ;
#4084 = ORIENTED_EDGE ( 'NONE', *, *, #1421, .T. ) ;
#4085 = CARTESIAN_POINT ( 'NONE',  ( -71.86973295745661972, 9.327224768159128487, 73.18964245241600963 ) ) ;
#4086 = CARTESIAN_POINT ( 'NONE',  ( -74.13854584207699361, 7.885631631620469761, -24.57576742775430745 ) ) ;
#4087 = CIRCLE ( 'NONE', #397, 0.7999999999999951594 ) ;
#4088 = CARTESIAN_POINT ( 'NONE',  ( -73.10069312292014843, 8.948440834640383201, -24.18201938333139367 ) ) ;
#4089 = DIRECTION ( 'NONE',  ( 0.000000000000000000, -1.000000000000000000, 0.000000000000000000 ) ) ;
#4090 = DIRECTION ( 'NONE',  ( 0.000000000000000000, 0.000000000000000000, 1.000000000000000000 ) ) ;
#4091 = CARTESIAN_POINT ( 'NONE',  ( 19.22118767403138762, 9.409695858027870230, -18.22748705156641691 ) ) ;
#4092 = CARTESIAN_POINT ( 'NONE',  ( -77.53429175579292121, -15.55155916535962035, 74.20192554528522066 ) ) ;
#4093 = ORIENTED_EDGE ( 'NONE', *, *, #2037, .T. ) ;
#4094 = TOROIDAL_SURFACE ( 'NONE', #3853, 1.600000000000000089, 0.8000000000000000444 ) ;
#4095 = CARTESIAN_POINT ( 'NONE',  ( -76.87877921129012293, 9.795504604080068844, 68.08162534931044263 ) ) ;
#4096 = EDGE_CURVE ( 'NONE', #6668, #2815, #138, .T. ) ;
#4097 = FACE_OUTER_BOUND ( 'NONE', #4701, .T. ) ;
#4098 = VECTOR ( 'NONE', #5367, 1000.000000000000000 ) ;
#4099 = CARTESIAN_POINT ( 'NONE',  ( -74.77768383175860833, 8.948440834640383201, 70.89006495185046219 ) ) ;
#4100 = ORIENTED_EDGE ( 'NONE', *, *, #1736, .F. ) ;
#4101 = CARTESIAN_POINT ( 'NONE',  ( 19.46601494446154845, -20.55155916535961325, -24.71855612152688764 ) ) ;
#4102 = EDGE_CURVE ( 'NONE', #3254, #4298, #638, .T. ) ;
#4103 = AXIS2_PLACEMENT_3D ( 'NONE', #3589, #3004, #2427 ) ;
#4104 = CARTESIAN_POINT ( 'NONE',  ( 18.92068505201471140, -15.55155916535961858, 74.72472641551279082 ) ) ;
#4105 = CARTESIAN_POINT ( 'NONE',  ( -74.10602305267121892, 7.991439837629799925, 74.33166631264528235 ) ) ;
#4106 = ORIENTED_EDGE ( 'NONE', *, *, #3579, .F. ) ;
#4107 = DIRECTION ( 'NONE',  ( -0.000000000000000000, -1.000000000000000000, 0.000000000000000000 ) ) ;
#4108 = CARTESIAN_POINT ( 'NONE',  ( -78.16101859167820010, 8.304569891660452896, -20.19123211983529842 ) ) ;
#4109 = CARTESIAN_POINT ( 'NONE',  ( -78.28008778005489887, 7.633562314420566430, 70.92856344199105934 ) ) ;
#4110 = CARTESIAN_POINT ( 'NONE',  ( -67.57768383176137661, 9.448440834640383201, 28.59006495185253272 ) ) ;
#4111 = AXIS2_PLACEMENT_3D ( 'NONE', #1678, #5816, #7514 ) ;
#4112 = EDGE_CURVE ( 'NONE', #4625, #744, #3422, .T. ) ;
#4113 = CARTESIAN_POINT ( 'NONE',  ( -74.77768383175860833, 7.448440834640383201, 70.89006495185046219 ) ) ;
#4114 = CARTESIAN_POINT ( 'NONE',  ( 19.88218475973740240, -15.54555916535961835, 72.81019067569656045 ) ) ;
#4115 = ORIENTED_EDGE ( 'NONE', *, *, #278, .T. ) ;
#4116 = DIRECTION ( 'NONE',  ( 0.000000000000000000, 0.000000000000000000, -1.000000000000000000 ) ) ;
#4117 = CARTESIAN_POINT ( 'NONE',  ( 13.60240984748023330, 9.451046831411167304, 72.57023457673412281 ) ) ;
#4118 = LINE ( 'NONE', #3537, #1733 ) ;
#4119 = LINE ( 'NONE', #2994, #4725 ) ;
#4120 = ORIENTED_EDGE ( 'NONE', *, *, #153, .T. ) ;
#4121 = ORIENTED_EDGE ( 'NONE', *, *, #4468, .T. ) ;
#4122 = CARTESIAN_POINT ( 'NONE',  ( -71.32469744283713453, 9.412597152529546207, -23.04192829528179232 ) ) ;
#4123 = CARTESIAN_POINT ( 'NONE',  ( 18.53156232122965719, -20.55155916535962035, -25.02265972350435064 ) ) ;
#4124 = CARTESIAN_POINT ( 'NONE',  ( -78.17237082786178348, 8.124720590872994919, -21.96391720598778363 ) ) ;
#4125 = AXIS2_PLACEMENT_3D ( 'NONE', #7492, #390, #1541 ) ;
#4126 = CARTESIAN_POINT ( 'NONE',  ( -76.92247658719331582, 9.373488516422012751, 67.79087751456536637 ) ) ;
#4127 = CARTESIAN_POINT ( 'NONE',  ( 20.69855538090377678, 7.890372993069403762, -21.52854563463916904 ) ) ;
#4128 = CARTESIAN_POINT ( 'NONE',  ( 0.000000000000000000, -15.55155916535961858, -25.02265972350847889 ) ) ;
#4129 = EDGE_LOOP ( 'NONE', ( #4011, #3680, #6951, #7551 ) ) ;
#4130 = CARTESIAN_POINT ( 'NONE',  ( 20.54695005796639506, 14.44844083464174211, 72.45138648824955396 ) ) ;
#4131 = AXIS2_PLACEMENT_3D ( 'NONE', #3535, #3107, #761 ) ;
#4132 = CARTESIAN_POINT ( 'NONE',  ( -76.42492138034768345, 9.464668978625867979, 67.79387399446572715 ) ) ;
#4133 = CARTESIAN_POINT ( 'NONE',  ( 17.40818987136540485, 7.667234662093887820, -24.60903650445566981 ) ) ;
#4134 = CARTESIAN_POINT ( 'NONE',  ( 3.733269694163487973, 7.448440834640383201, 24.89006495185043377 ) ) ;
#4135 = CIRCLE ( 'NONE', #4131, 1.249999999999997558 ) ;
#4136 = EDGE_LOOP ( 'NONE', ( #3005, #6944, #952, #2020 ) ) ;
#4137 = CARTESIAN_POINT ( 'NONE',  ( -77.65919440437545518, 8.544941350056843632, 72.94400829795448260 ) ) ;
#4138 = ORIENTED_EDGE ( 'NONE', *, *, #109, .F. ) ;
#4139 = DIRECTION ( 'NONE',  ( -0.000000000000000000, -1.000000000000000000, 0.000000000000000000 ) ) ;
#4140 = CARTESIAN_POINT ( 'NONE',  ( -75.63166598958146380, 8.124720590862049008, 74.28475194795747427 ) ) ;
#4141 = ORIENTED_EDGE ( 'NONE', *, *, #5266, .F. ) ;
#4142 = DIRECTION ( 'NONE',  ( 0.000000000000000000, -1.000000000000000000, 0.000000000000000000 ) ) ;
#4143 = ADVANCED_FACE ( 'NONE', ( #3305 ), #3667, .F. ) ;
#4144 = DIRECTION ( 'NONE',  ( -1.541976423090495831E-15, -0.000000000000000000, -1.000000000000000000 ) ) ;
#4145 = ORIENTED_EDGE ( 'NONE', *, *, #6573, .F. ) ;
#4146 = CARTESIAN_POINT ( 'NONE',  ( -78.26647029648664500, 7.746718912146047131, 70.52033817284899442 ) ) ;
#4147 = CARTESIAN_POINT ( 'NONE',  ( 15.78489556066559452, 8.948440834640383201, -23.74315019259113413 ) ) ;
#4148 = AXIS2_PLACEMENT_3D ( 'NONE', #4603, #5186, #7527 ) ;
#4149 = CARTESIAN_POINT ( 'NONE',  ( 17.60752474973393689, 7.750563299792525562, 74.37865983298492267 ) ) ;
#4150 = B_SPLINE_CURVE_WITH_KNOTS ( 'NONE', 3,
 ( #7147, #1886, #3120, #189, #6454, #700, #5995, #2534, #6030, #3546, #6569, #5420, #4238, #6531, #4724, #3628 ),
 .UNSPECIFIED., .F., .F.,
 ( 4, 2, 2, 2, 2, 2, 2, 4 ),
 ( 3.597033520096615891E-15, 0.0004866952941921574936, 0.0009733905883807179296, 0.001460085882569278149, 0.001946781176757838693, 0.002920171765134959348, 0.003406867059323502762, 0.003893562353512045743 ),
 .UNSPECIFIED. ) ;
#4151 = CARTESIAN_POINT ( 'NONE',  ( 20.08170401867038279, -15.54555916535961835, 72.32956307467668466 ) ) ;
#4152 = ORIENTED_EDGE ( 'NONE', *, *, #5820, .T. ) ;
#4153 = DIRECTION ( 'NONE',  ( 0.000000000000000000, 0.000000000000000000, -1.000000000000000000 ) ) ;
#4154 = CARTESIAN_POINT ( 'NONE',  ( 14.41387656570321596, 9.795504604079289024, 72.99116033138454895 ) ) ;
#4155 = ADVANCED_FACE ( 'NONE', ( #6394 ), #4445, .F. ) ;
#4156 = CARTESIAN_POINT ( 'NONE',  ( 20.40387753423133432, 8.379405462528469073, 72.50184498484078688 ) ) ;
#4157 = DIRECTION ( 'NONE',  ( -0.000000000000000000, 1.000000000000000000, -0.000000000000000000 ) ) ;
#4158 = ORIENTED_EDGE ( 'NONE', *, *, #7442, .F. ) ;
#4159 = VERTEX_POINT ( 'NONE', #746 ) ;
#4160 = CARTESIAN_POINT ( 'NONE',  ( -71.18561460518013462, 9.448440834640388530, -22.83969299178427903 ) ) ;
#4161 = DIRECTION ( 'NONE',  ( 1.000000000000000000, -0.000000000000000000, -4.701147631373462191E-17 ) ) ;
#4162 = CARTESIAN_POINT ( 'NONE',  ( -78.25050447513049789, 7.845915417227064204, -21.55842564076538181 ) ) ;
#4163 = CARTESIAN_POINT ( 'NONE',  ( -75.57671772291514856, 8.202985146759770529, -24.51750674083385562 ) ) ;
#4164 = CARTESIAN_POINT ( 'NONE',  ( 20.71375298453166636, 7.730581172006345092, -20.85874268391808783 ) ) ;
#4165 = B_SPLINE_CURVE_WITH_KNOTS ( 'NONE', 1,
 ( #804, #1340 ),
 .UNSPECIFIED., .F., .F.,
 ( 2, 2 ),
 ( 0.1673320026613454858, 0.9990019960079842276 ),
 .UNSPECIFIED. ) ;
#4166 = FACE_BOUND ( 'NONE', #3298, .T. ) ;
#4167 = ORIENTED_EDGE ( 'NONE', *, *, #3174, .T. ) ;
#4168 = CARTESIAN_POINT ( 'NONE',  ( 18.72955175621985191, 9.951699474726407146, 67.72267515333683718 ) ) ;
#4169 = CARTESIAN_POINT ( 'NONE',  ( -78.23318823275289446, 7.931597523172581710, 70.17373545010357816 ) ) ;
#4170 = CARTESIAN_POINT ( 'NONE',  ( -8.777683831760251465, -20.55655916577720532, 42.39006495185251566 ) ) ;
#4171 = CARTESIAN_POINT ( 'NONE',  ( 15.59957536303055470, 9.448440834640383201, 73.42211744034129595 ) ) ;
#4172 = ORIENTED_EDGE ( 'NONE', *, *, #303, .F. ) ;
#4173 = CARTESIAN_POINT ( 'NONE',  ( -77.88860548859967992, 8.544941393898170645, 72.39103465602303800 ) ) ;
#4174 = ORIENTED_EDGE ( 'NONE', *, *, #1011, .T. ) ;
#4175 = DIRECTION ( 'NONE',  ( 0.000000000000000000, 0.000000000000000000, -1.000000000000000000 ) ) ;
#4176 = CARTESIAN_POINT ( 'NONE',  ( -74.70219801896001854, 7.662604429904511072, 74.38975953163026134 ) ) ;
#4177 = VERTEX_POINT ( 'NONE', #7320 ) ;
#4178 = CARTESIAN_POINT ( 'NONE',  ( -75.99446919558033642, -21.55755916535962768, -24.33742083850542315 ) ) ;
#4179 = CYLINDRICAL_SURFACE ( 'NONE', #6301, 0.8000000000000020428 ) ;
#4180 = FACE_OUTER_BOUND ( 'NONE', #2801, .T. ) ;
#4181 = EDGE_LOOP ( 'NONE', ( #3385, #5919 ) ) ;
#4182 = DIRECTION ( 'NONE',  ( 0.000000000000000000, 1.000000000000000000, -0.000000000000000000 ) ) ;
#4183 = CARTESIAN_POINT ( 'NONE',  ( 18.13549775809481446, 7.448440834640383201, -22.62088857407164966 ) ) ;
#4184 = CARTESIAN_POINT ( 'NONE',  ( 17.43876889397524721, 7.678540074760366707, 74.38788540037863584 ) ) ;
#4185 = DIRECTION ( 'NONE',  ( -0.000000000000000000, -1.000000000000000000, 0.000000000000000000 ) ) ;
#4186 = VERTEX_POINT ( 'NONE', #6623 ) ;
#4187 = CARTESIAN_POINT ( 'NONE',  ( -70.01144638048616287, 7.448440834640383201, 72.40101847777252431 ) ) ;
#4188 = VECTOR ( 'NONE', #5721, 1000.000000000000000 ) ;
#4189 = CARTESIAN_POINT ( 'NONE',  ( 14.17261373926304913, 9.256231991947528215, 73.27235001138983250 ) ) ;
#4190 = DIRECTION ( 'NONE',  ( 1.000000000000000000, 0.000000000000000000, 0.000000000000000000 ) ) ;
#4191 = DIRECTION ( 'NONE',  ( 0.000000000000000000, 0.000000000000000000, 1.000000000000000000 ) ) ;
#4192 = VERTEX_POINT ( 'NONE', #789 ) ;
#4193 = ORIENTED_EDGE ( 'NONE', *, *, #2597, .T. ) ;
#4194 = AXIS2_PLACEMENT_3D ( 'NONE', #2613, #5423, #5498 ) ;
#4195 = EDGE_CURVE ( 'NONE', #7110, #2118, #1401, .T. ) ;
#4196 = LINE ( 'NONE', #3626, #6150 ) ;
#4197 = CARTESIAN_POINT ( 'NONE',  ( -74.77768383175860833, -15.55155916535962213, 70.89006495185046219 ) ) ;
#4198 = CARTESIAN_POINT ( 'NONE',  ( -78.27882669991610953, 7.646448962281498396, -21.23230963424516915 ) ) ;
#4199 = AXIS2_PLACEMENT_3D ( 'NONE', #1696, #7457, #4576 ) ;
#4200 = CARTESIAN_POINT ( 'NONE',  ( -78.16675655925735100, 14.44844083464038142, -22.34732559898576554 ) ) ;
#4201 = CARTESIAN_POINT ( 'NONE',  ( -76.29067682249399240, 8.608073405343921181, -24.27037110192471303 ) ) ;
#4202 = CARTESIAN_POINT ( 'NONE',  ( 19.94451580302959215, 9.378531838006278321, -18.90061547361896288 ) ) ;
#4203 = CARTESIAN_POINT ( 'NONE',  ( -64.87768383176140219, 8.248440834640383912, 9.090064951852534492 ) ) ;
#4204 = EDGE_LOOP ( 'NONE', ( #4032, #6560, #3448, #7473 ) ) ;
#4205 = CARTESIAN_POINT ( 'NONE',  ( 19.85634033254511621, 9.124014410440732803, 68.57138903130478980 ) ) ;
#4206 = AXIS2_PLACEMENT_3D ( 'NONE', #3954, #1566, #2788 ) ;
#4207 = CARTESIAN_POINT ( 'NONE',  ( 17.22231616824142364, -15.55155916535962213, -21.10993504814957689 ) ) ;
#4208 = CARTESIAN_POINT ( 'NONE',  ( 15.96576516738821461, 8.410864462891483484, -24.38400798406780012 ) ) ;
#4209 = CARTESIAN_POINT ( 'NONE',  ( -28.77768383176202605, 7.448440834640383201, 61.89006495185253698 ) ) ;
#4210 = VECTOR ( 'NONE', #2458, 1000.000000000000000 ) ;
#4211 = ORIENTED_EDGE ( 'NONE', *, *, #5640, .F. ) ;
#4212 = CARTESIAN_POINT ( 'NONE',  ( -77.94268155098787076, 7.483343474935385764, 73.10846255473678923 ) ) ;
#4213 = ORIENTED_EDGE ( 'NONE', *, *, #2312, .T. ) ;
#4214 = CARTESIAN_POINT ( 'NONE',  ( 19.63728770284230052, -20.55155916535962035, 74.40700098057047285 ) ) ;
#4215 = VECTOR ( 'NONE', #2826, 1000.000000000000000 ) ;
#4216 = CARTESIAN_POINT ( 'NONE',  ( -74.39382263618956870, 7.753359033586688653, 74.37782615827623545 ) ) ;
#4217 = ORIENTED_EDGE ( 'NONE', *, *, #3604, .T. ) ;
#4218 = CARTESIAN_POINT ( 'NONE',  ( 20.39707974001551349, -20.55155916535962035, -22.02311663803160968 ) ) ;
#4219 = DIRECTION ( 'NONE',  ( 0.000000000000000000, 0.000000000000000000, -1.000000000000000000 ) ) ;
#4220 = DIRECTION ( 'NONE',  ( 1.284980352575409001E-16, 0.000000000000000000, 1.000000000000000000 ) ) ;
#4221 = ORIENTED_EDGE ( 'NONE', *, *, #5027, .T. ) ;
#4222 = B_SPLINE_CURVE_WITH_KNOTS ( 'NONE', 3,
 ( #2454, #1109, #1150, #6984, #4640, #3037, #7139, #1878, #3467, #542, #1726, #2914, #7059, #2879, #5338, #608, #2949, #3575, #2417, #3503, #5833, #5262, #5225, #2332, #4676, #7021 ),
 .UNSPECIFIED., .F., .F.,
 ( 4, 2, 2, 2, 2, 2, 2, 2, 2, 2, 2, 2, 4 ),
 ( 2.639656955719371862E-15, 0.0003671725925901319948, 0.0007343451851776243910, 0.0009179314814713753325, 0.001101517777765126382, 0.001285104074058877324, 0.001468690370352628482, 0.002203035555527622057, 0.002937380740702614981, 0.003671725925877607905, 0.004406071111052601262, 0.005140416296227593752, 0.005874761481402587110 ),
 .UNSPECIFIED. ) ;
#4223 = CARTESIAN_POINT ( 'NONE',  ( 19.13216502934362850, 9.448440834640383201, -18.14890406383429422 ) ) ;
#4224 = CARTESIAN_POINT ( 'NONE',  ( 20.60226951182960420, 7.483345662321973180, -22.85564843066723384 ) ) ;
#4225 = CARTESIAN_POINT ( 'NONE',  ( 15.96619536373692227, 8.256532877898267841, 74.23512906060304317 ) ) ;
#4226 = DIRECTION ( 'NONE',  ( 0.000000000000000000, -0.000000000000000000, -1.000000000000000000 ) ) ;
#4227 = ORIENTED_EDGE ( 'NONE', *, *, #6573, .T. ) ;
#4228 = CARTESIAN_POINT ( 'NONE',  ( 20.09853027193233643, -20.55155916535962035, -23.15558674693516750 ) ) ;
#4229 = DIRECTION ( 'NONE',  ( 0.000000000000000000, -1.000000000000000000, 0.000000000000000000 ) ) ;
#4230 = AXIS2_PLACEMENT_3D ( 'NONE', #4975, #6204, #3259 ) ;
#4231 = CARTESIAN_POINT ( 'NONE',  ( -76.69780955560240443, -15.54555916535960947, 73.54993354334554567 ) ) ;
#4232 = CARTESIAN_POINT ( 'NONE',  ( -55.57768383176140503, 8.248440834640383912, 21.19006495185253058 ) ) ;
#4233 = ORIENTED_EDGE ( 'NONE', *, *, #5117, .T. ) ;
#4234 = VERTEX_POINT ( 'NONE', #2476 ) ;
#4235 = ADVANCED_FACE ( 'NONE', ( #2054 ), #6086, .T. ) ;
#4236 = CYLINDRICAL_SURFACE ( 'NONE', #6511, 3.000000000000002665 ) ;
#4237 = CARTESIAN_POINT ( 'NONE',  ( -76.37467136934908751, 7.483345694693378292, -24.55168910568228569 ) ) ;
#4238 = CARTESIAN_POINT ( 'NONE',  ( -76.24795666032230201, 8.333974080389026540, -24.35415221820561982 ) ) ;
#4239 = CARTESIAN_POINT ( 'NONE',  ( 19.64168134737374061, -15.54555916535960591, -23.34433566742686850 ) ) ;
#4240 = EDGE_CURVE ( 'NONE', #2428, #5011, #3230, .T. ) ;
#4241 = CARTESIAN_POINT ( 'NONE',  ( 20.72117009191134329, 7.695950993736947687, -21.21701281099403857 ) ) ;
#4242 = CARTESIAN_POINT ( 'NONE',  ( 18.73326969416348575, 7.448440834640383201, -16.34369759681506551 ) ) ;
#4243 = ORIENTED_EDGE ( 'NONE', *, *, #250, .T. ) ;
#4244 = CARTESIAN_POINT ( 'NONE',  ( 19.22118767402815109, 9.409695858028445770, 68.00761695526549033 ) ) ;
#4245 = CARTESIAN_POINT ( 'NONE',  ( -77.97327761269453106, 8.544635254617533704, 69.44516319650975333 ) ) ;
#4246 = CARTESIAN_POINT ( 'NONE',  ( 17.21130394322841539, 7.653685632216853385, -24.61047977693408129 ) ) ;
#4247 = ADVANCED_FACE ( 'NONE', ( #247 ), #2588, .T. ) ;
#4248 = CARTESIAN_POINT ( 'NONE',  ( 7.322316168238593548, 8.648440834640384267, 9.090064951852532715 ) ) ;
#4249 = ADVANCED_FACE ( 'NONE', ( #1621 ), #2846, .T. ) ;
#4250 = ORIENTED_EDGE ( 'NONE', *, *, #2905, .T. ) ;
#4251 = CARTESIAN_POINT ( 'NONE',  ( -77.26506529375777177, 8.061416752531645358, 73.86319711666770615 ) ) ;
#4252 = ORIENTED_EDGE ( 'NONE', *, *, #3727, .T. ) ;
#4253 = VECTOR ( 'NONE', #6236, 1000.000000000000000 ) ;
#4254 = DIRECTION ( 'NONE',  ( 0.000000000000000000, -0.9986295347545739443, -0.05233595624294378607 ) ) ;
#4255 = CARTESIAN_POINT ( 'NONE',  ( -78.69040850711476764, -20.55155916535962035, 72.00134101586077406 ) ) ;
#4256 = EDGE_LOOP ( 'NONE', ( #3735, #5727, #5561, #2666 ) ) ;
#4257 = CARTESIAN_POINT ( 'NONE',  ( -77.54132866334191476, -21.55755916535962058, -23.44578781681495627 ) ) ;
#4258 = CIRCLE ( 'NONE', #1790, 0.8000000000000020428 ) ;
#4259 = CARTESIAN_POINT ( 'NONE',  ( 15.24626832550592148, 9.448440834639811214, -23.90835507001153459 ) ) ;
#4260 = DIRECTION ( 'NONE',  ( 0.000000000000000000, 0.000000000000000000, 1.000000000000000000 ) ) ;
#4261 = EDGE_LOOP ( 'NONE', ( #5096, #6700, #933 ) ) ;
#4262 = CARTESIAN_POINT ( 'NONE',  ( -64.87768383176140219, 8.248440834640383912, -16.30993504814755468 ) ) ;
#4263 = CARTESIAN_POINT ( 'NONE',  ( 20.46722407137624700, 7.483345632589688989, -23.18122692490259595 ) ) ;
#4264 = B_SPLINE_CURVE_WITH_KNOTS ( 'NONE', 3,
 ( #2844, #545, #1543, #4502 ),
 .UNSPECIFIED., .F., .F.,
 ( 4, 4 ),
 ( -0.005006861730635137064, -4.547473508864641190E-13 ),
 .UNSPECIFIED. ) ;
#4265 = AXIS2_PLACEMENT_3D ( 'NONE', #3686, #4822, #748 ) ;
#4266 = CARTESIAN_POINT ( 'NONE',  ( -28.77768383176221079, 9.448440834640383201, 39.89006495185252987 ) ) ;
#4267 = ORIENTED_EDGE ( 'NONE', *, *, #6961, .T. ) ;
#4268 = PLANE ( 'NONE',  #5106 ) ;
#4269 = CARTESIAN_POINT ( 'NONE',  ( 15.41337179274512081, 8.795987546000869628, 73.89577059672353698 ) ) ;
#4270 = LINE ( 'NONE', #4836, #3458 ) ;
#4271 = DIRECTION ( 'NONE',  ( 1.000000000000000000, 0.000000000000000000, 1.224646799147353207E-16 ) ) ;
#4272 = DIRECTION ( 'NONE',  ( -1.000000000000000000, 0.000000000000000000, 0.000000000000000000 ) ) ;
#4273 = CARTESIAN_POINT ( 'NONE',  ( -78.00058019307132895, 8.553655610964559841, -22.48383340802410046 ) ) ;
#4274 = CARTESIAN_POINT ( 'NONE',  ( -75.84974855983735154, 8.401646644869050107, 74.22545303417894047 ) ) ;
#4275 = CARTESIAN_POINT ( 'NONE',  ( -78.27822856054328327, 7.653685632220336821, -21.09892282313920830 ) ) ;
#4276 = CARTESIAN_POINT ( 'NONE',  ( 19.93236040101528772, -15.54555916535960947, -22.90943630054693259 ) ) ;
#4277 = CARTESIAN_POINT ( 'NONE',  ( 18.73326969416348575, 9.448440834640383201, -17.40628557195670822 ) ) ;
#4278 = LINE ( 'NONE', #2463, #2004 ) ;
#4279 = VERTEX_POINT ( 'NONE', #909 ) ;
#4280 = CARTESIAN_POINT ( 'NONE',  ( 19.64619946011747587, -15.55155916535961858, 74.42423531314989305 ) ) ;
#4281 = EDGE_CURVE ( 'NONE', #2086, #5012, #4087, .T. ) ;
#4282 = CARTESIAN_POINT ( 'NONE',  ( 18.90962279308344662, 9.448440834640182473, 67.32523625614302887 ) ) ;
#4283 = CARTESIAN_POINT ( 'NONE',  ( 17.67080676085446100, 7.845915417225410415, -24.58275569152211304 ) ) ;
#4284 = ADVANCED_FACE ( 'NONE', ( #3508 ), #6415, .F. ) ;
#4285 = EDGE_CURVE ( 'NONE', #790, #7211, #6422, .T. ) ;
#4286 = CARTESIAN_POINT ( 'NONE',  ( 14.66467404678230046, 9.231085939624996684, 73.44248863744476807 ) ) ;
#4287 = DIRECTION ( 'NONE',  ( 0.000000000000000000, 0.000000000000000000, -1.000000000000000000 ) ) ;
#4288 = VERTEX_POINT ( 'NONE', #7496 ) ;
#4289 = CARTESIAN_POINT ( 'NONE',  ( -76.83038235329050281, 8.544941357262453963, 73.77223863079012744 ) ) ;
#4290 = ORIENTED_EDGE ( 'NONE', *, *, #3018, .T. ) ;
#4291 = DIRECTION ( 'NONE',  ( -1.000000000000000000, -0.000000000000000000, 4.701147631373462191E-17 ) ) ;
#4292 = ADVANCED_FACE ( 'NONE', ( #7537 ), #1047, .F. ) ;
#4293 = CARTESIAN_POINT ( 'NONE',  ( -71.28375814949799860, 9.423548506768391064, 72.76407071253026970 ) ) ;
#4294 = ORIENTED_EDGE ( 'NONE', *, *, #5651, .T. ) ;
#4295 = LINE ( 'NONE', #3095, #950 ) ;
#4296 = CARTESIAN_POINT ( 'NONE',  ( 14.14168594467538398, 9.369521232828635249, -23.27089056048652083 ) ) ;
#4297 = CARTESIAN_POINT ( 'NONE',  ( -77.84976816694043578, 8.948440834640383201, -19.43294433931111342 ) ) ;
#4298 = VERTEX_POINT ( 'NONE', #3472 ) ;
#4299 = LINE ( 'NONE', #7087, #4098 ) ;
#4300 = CARTESIAN_POINT ( 'NONE',  ( 19.27501468980907973, 8.544941357263702741, -23.99210872706618503 ) ) ;
#4301 = EDGE_CURVE ( 'NONE', #4324, #5622, #300, .T. ) ;
#4302 = CARTESIAN_POINT ( 'NONE',  ( -48.77768383176253764, 8.248440834640383912, 59.39006495185252277 ) ) ;
#4303 = VERTEX_POINT ( 'NONE', #1081 ) ;
#4304 = CARTESIAN_POINT ( 'NONE',  ( 19.27522698669347889, -20.55155916535962746, -23.99874206964701528 ) ) ;
#4305 = LINE ( 'NONE', #4873, #2598 ) ;
#4306 = CARTESIAN_POINT ( 'NONE',  ( -77.43488002838577700, -21.55755916535962413, 73.33221142222355127 ) ) ;
#4307 = CARTESIAN_POINT ( 'NONE',  ( 18.86913813936361706, -0.3354571777060104121, 66.16689940124112468 ) ) ;
#4308 = EDGE_LOOP ( 'NONE', ( #6129, #1761, #3294, #4413 ) ) ;
#4309 = CARTESIAN_POINT ( 'NONE',  ( -77.37254650892455743, 8.788144903075211900, -23.46477757489817506 ) ) ;
#4310 = CARTESIAN_POINT ( 'NONE',  ( -71.23295660940965490, 9.448440862879010638, 72.54488803899104710 ) ) ;
#4311 = AXIS2_PLACEMENT_3D ( 'NONE', #2151, #1574, #2222 ) ;
#4312 = DIRECTION ( 'NONE',  ( 0.000000000000000000, 0.000000000000000000, 1.000000000000000000 ) ) ;
#4313 = CARTESIAN_POINT ( 'NONE',  ( 15.78489556066559452, 9.448440834640395636, -23.74315019259113058 ) ) ;
#4314 = LINE ( 'NONE', #231, #6821 ) ;
#4315 = CIRCLE ( 'NONE', #999, 1.599999999999990319 ) ;
#4316 = CARTESIAN_POINT ( 'NONE',  ( 8.922316168238594969, 8.648440834640382491, 9.090064951852532715 ) ) ;
#4317 = ORIENTED_EDGE ( 'NONE', *, *, #4195, .T. ) ;
#4318 = CARTESIAN_POINT ( 'NONE',  ( 20.61138889575376965, 14.44844083464038142, 71.80324654174016530 ) ) ;
#4319 = CARTESIAN_POINT ( 'NONE',  ( 19.48127126796232744, 9.448440834640383201, 68.69690260257833359 ) ) ;
#4320 = AXIS2_PLACEMENT_3D ( 'NONE', #5485, #218, #4907 ) ;
#4321 = CARTESIAN_POINT ( 'NONE',  ( 13.96911814985653244, 9.948188553605838536, -22.40094343432553714 ) ) ;
#4322 = DIRECTION ( 'NONE',  ( 1.000000000000000000, 0.000000000000000000, 0.000000000000000000 ) ) ;
#4323 = DIRECTION ( 'NONE',  ( 1.284980352575409001E-16, -0.000000000000000000, 1.000000000000000000 ) ) ;
#4324 = VERTEX_POINT ( 'NONE', #4088 ) ;
#4325 = CARTESIAN_POINT ( 'NONE',  ( 19.45557607704003544, 8.633346129252366552, -23.80985344929134584 ) ) ;
#4326 = VERTEX_POINT ( 'NONE', #3977 ) ;
#4327 = CIRCLE ( 'NONE', #2114, 3.000000000000009770 ) ;
#4328 = LINE ( 'NONE', #6660, #5810 ) ;
#4329 = FACE_OUTER_BOUND ( 'NONE', #989, .T. ) ;
#4330 = CARTESIAN_POINT ( 'NONE',  ( -72.82853523978417343, 8.668197589940248804, 73.99229938397637341 ) ) ;
#4331 = ORIENTED_EDGE ( 'NONE', *, *, #1564, .F. ) ;
#4332 = CARTESIAN_POINT ( 'NONE',  ( -77.19265536635900560, -20.55155916535962035, -24.62687107686922516 ) ) ;
#4333 = AXIS2_PLACEMENT_3D ( 'NONE', #5952, #656, #7103 ) ;
#4334 = DIRECTION ( 'NONE',  ( 0.000000000000000000, 0.000000000000000000, 1.000000000000000000 ) ) ;
#4335 = VERTEX_POINT ( 'NONE', #2921 ) ;
#4336 = CYLINDRICAL_SURFACE ( 'NONE', #4819, 0.7999999999999986011 ) ;
#4337 = CARTESIAN_POINT ( 'NONE',  ( 20.64012269947547296, 8.061416816803442131, -22.69280734680909717 ) ) ;
#4338 = VECTOR ( 'NONE', #2984, 1000.000000000000000 ) ;
#4339 = DIRECTION ( 'NONE',  ( -0.000000000000000000, -1.000000000000000000, 0.000000000000000000 ) ) ;
#4340 = VERTEX_POINT ( 'NONE', #3436 ) ;
#4341 = FACE_OUTER_BOUND ( 'NONE', #286, .T. ) ;
#4342 = CARTESIAN_POINT ( 'NONE',  ( 19.39452399880046585, 9.448440834640383201, -18.72450723599212807 ) ) ;
#4343 = AXIS2_PLACEMENT_3D ( 'NONE', #7503, #5733, #5155 ) ;
#4344 = CARTESIAN_POINT ( 'NONE',  ( 20.29440050342322621, 8.948440834640392083, 69.21307424301193123 ) ) ;
#4345 = CARTESIAN_POINT ( 'NONE',  ( 21.11668381702629560, 8.202985146750755518, 71.80324654173162457 ) ) ;
#4346 = EDGE_CURVE ( 'NONE', #7577, #2755, #7010, .T. ) ;
#4347 = DIRECTION ( 'NONE',  ( -0.000000000000000000, -1.000000000000000000, -0.000000000000000000 ) ) ;
#4348 = CARTESIAN_POINT ( 'NONE',  ( 15.16966707682964888, 8.728462049918029209, 73.94500709198779020 ) ) ;
#4349 = CARTESIAN_POINT ( 'NONE',  ( -77.63840154074813427, -15.55155916535961680, 72.32668555711586578 ) ) ;
#4350 = AXIS2_PLACEMENT_3D ( 'NONE', #7435, #1092, #3447 ) ;
#4351 = CARTESIAN_POINT ( 'NONE',  ( -74.33779740460619223, 7.782478616781889791, -24.59302920440601170 ) ) ;
#4352 = DIRECTION ( 'NONE',  ( 0.000000000000000000, 0.000000000000000000, -1.000000000000000000 ) ) ;
#4353 = CARTESIAN_POINT ( 'NONE',  ( -78.25392233545649390, 7.891161181046993711, 70.47024826838169531 ) ) ;
#4354 = CARTESIAN_POINT ( 'NONE',  ( 18.51332455441777824, 9.948188553605845641, -17.85673702976484378 ) ) ;
#4355 = ORIENTED_EDGE ( 'NONE', *, *, #6169, .T. ) ;
#4356 = DIRECTION ( 'NONE',  ( -0.000000000000000000, 1.000000000000000000, -0.000000000000000000 ) ) ;
#4357 = DIRECTION ( 'NONE',  ( 0.000000000000000000, 1.000000000000000000, -0.000000000000000000 ) ) ;
#4358 = CARTESIAN_POINT ( 'NONE',  ( -48.77768383176253764, 8.648440834640384267, 50.89006495185252277 ) ) ;
#4359 = CARTESIAN_POINT ( 'NONE',  ( -28.77768383176202605, 8.248440834640383912, 71.19006495185253414 ) ) ;
#4360 = CARTESIAN_POINT ( 'NONE',  ( 18.13549775812943921, 8.202985146755901624, -25.00430269693283591 ) ) ;
#4361 = ORIENTED_EDGE ( 'NONE', *, *, #206, .F. ) ;
#4362 = CARTESIAN_POINT ( 'NONE',  ( 20.44559463626296036, 8.553226829877697668, -22.48289010684095857 ) ) ;
#4363 = VERTEX_POINT ( 'NONE', #1771 ) ;
#4364 = DIRECTION ( 'NONE',  ( 0.000000000000000000, 0.000000000000000000, 1.000000000000000000 ) ) ;
#4365 = CARTESIAN_POINT ( 'NONE',  ( -77.19262473772234046, 8.520204480253831036, 73.53493675750392811 ) ) ;
#4366 = DIRECTION ( 'NONE',  ( -0.9998476951563912696, 0.01745240643728354982, 0.000000000000000000 ) ) ;
#4367 = ORIENTED_EDGE ( 'NONE', *, *, #2820, .F. ) ;
#4368 = CARTESIAN_POINT ( 'NONE',  ( -78.07714311680815911, -15.55155916535961147, 73.63099257801361830 ) ) ;
#4369 = CARTESIAN_POINT ( 'NONE',  ( -70.15787326530772816, -15.55155916535961502, -23.02235506742066562 ) ) ;
#4370 = AXIS2_PLACEMENT_3D ( 'NONE', #7099, #1803, #1186 ) ;
#4371 = ORIENTED_EDGE ( 'NONE', *, *, #4829, .F. ) ;
#4372 = CARTESIAN_POINT ( 'NONE',  ( 20.72481491730241387, 7.632442147435444468, 70.86637754520351962 ) ) ;
#4373 = DIRECTION ( 'NONE',  ( -1.000000000000000000, 3.451405827803454749E-11, -6.024451281793762579E-13 ) ) ;
#4374 =( GEOMETRIC_REPRESENTATION_CONTEXT ( 3 ) GLOBAL_UNCERTAINTY_ASSIGNED_CONTEXT ( ( #2389 ) ) GLOBAL_UNIT_ASSIGNED_CONTEXT ( ( #2145, #921, #5026 ) ) REPRESENTATION_CONTEXT ( 'NONE', 'WORKASPACE' ) );
#4375 = EDGE_CURVE ( 'NONE', #6458, #4363, #3096, .T. ) ;
#4376 = CARTESIAN_POINT ( 'NONE',  ( 17.22231616824142364, 9.448440834640395636, -21.10993504814957689 ) ) ;
#4377 = ORIENTED_EDGE ( 'NONE', *, *, #1750, .F. ) ;
#4378 = CARTESIAN_POINT ( 'NONE',  ( -55.57768383176139793, 8.648440834640384267, 28.59006495185253272 ) ) ;
#4379 = CARTESIAN_POINT ( 'NONE',  ( 20.29440050342321911, 9.448440834640383201, -19.43294433931109211 ) ) ;
#4380 = EDGE_CURVE ( 'NONE', #2455, #4234, #1544, .T. ) ;
#4381 = CARTESIAN_POINT ( 'NONE',  ( 20.60565092815968313, 8.304569891664447923, 69.97136202353138401 ) ) ;
#4382 = LINE ( 'NONE', #6717, #777 ) ;
#4383 = CARTESIAN_POINT ( 'NONE',  ( -66.27768383176041311, -20.55655916577720532, -17.88043504814759999 ) ) ;
#4384 = AXIS2_PLACEMENT_3D ( 'NONE', #7507, #5704, #2245 ) ;
#4385 = CARTESIAN_POINT ( 'NONE',  ( 14.78696362430287436, 8.943802633944498481, 73.73752446038882624 ) ) ;
#4386 = CARTESIAN_POINT ( 'NONE',  ( -77.36866347053191362, 8.642863729250905180, -23.46866334890792416 ) ) ;
#4387 = CARTESIAN_POINT ( 'NONE',  ( -71.25306993936442268, 9.448440834640386754, 72.51248720516846902 ) ) ;
#4388 = EDGE_CURVE ( 'NONE', #4908, #219, #4150, .T. ) ;
#4389 = CARTESIAN_POINT ( 'NONE',  ( -77.56874277482390312, 8.992513638544634702, -18.58499839226135819 ) ) ;
#4390 = CARTESIAN_POINT ( 'NONE',  ( -70.05451828114928503, -0.3354571777060095239, 72.53688692297264140 ) ) ;
#4391 = CARTESIAN_POINT ( 'NONE',  ( -77.06754934051699024, 9.300056510458297510, -17.96345914190095527 ) ) ;
#4392 = VERTEX_POINT ( 'NONE', #1191 ) ;
#4393 = CARTESIAN_POINT ( 'NONE',  ( -65.97768383176139650, 7.448440834640383201, 28.59006495185253272 ) ) ;
#4394 = EDGE_CURVE ( 'NONE', #7177, #1441, #3043, .T. ) ;
#4395 = CARTESIAN_POINT ( 'NONE',  ( 18.73326969416320864, 9.448440834640386754, 67.18641547565745498 ) ) ;
#4396 = CARTESIAN_POINT ( 'NONE',  ( 14.90364024769461437, 9.124014410439849954, -23.74395921245389474 ) ) ;
#4397 = CARTESIAN_POINT ( 'NONE',  ( 15.16966707682437487, 8.728462049921066779, -24.16487718828442510 ) ) ;
#4398 = CARTESIAN_POINT ( 'NONE',  ( -28.77768383176221079, 8.248440834640383912, 31.39006495185252987 ) ) ;
#4399 = ORIENTED_EDGE ( 'NONE', *, *, #712, .T. ) ;
#4400 = CARTESIAN_POINT ( 'NONE',  ( 18.63382923760854837, 8.436593525148477823, -24.31660541584010105 ) ) ;
#4401 = ORIENTED_EDGE ( 'NONE', *, *, #7006, .F. ) ;
#4402 = ORIENTED_EDGE ( 'NONE', *, *, #476, .T. ) ;
#4403 = FACE_OUTER_BOUND ( 'NONE', #5379, .T. ) ;
#4404 = CARTESIAN_POINT ( 'NONE',  ( -75.69086542162865783, 8.052076284324103383, 74.30774977606419895 ) ) ;
#4405 = CARTESIAN_POINT ( 'NONE',  ( -78.59468398443753756, -20.55155916535962390, 72.57933571030788755 ) ) ;
#4406 = ORIENTED_EDGE ( 'NONE', *, *, #6054, .F. ) ;
#4407 = CARTESIAN_POINT ( 'NONE',  ( -78.59468398443753756, -20.55155916535962390, 72.57933571030788755 ) ) ;
#4408 = CARTESIAN_POINT ( 'NONE',  ( -76.03355094890235932, 8.061416804048583629, -24.59296265849563312 ) ) ;
#4409 = EDGE_LOOP ( 'NONE', ( #6698, #2843 ) ) ;
#4410 = DIRECTION ( 'NONE',  ( 0.000000000000000000, -1.000000000000000000, -0.000000000000000000 ) ) ;
#4411 = CARTESIAN_POINT ( 'NONE',  ( -28.77768383176202605, 7.448440834640383201, 52.59006495185253272 ) ) ;
#4412 = CARTESIAN_POINT ( 'NONE',  ( -78.21943788929156938, 7.483345694693374739, 72.48705248943966239 ) ) ;
#4413 = ORIENTED_EDGE ( 'NONE', *, *, #4787, .F. ) ;
#4414 = FILL_AREA_STYLE_COLOUR ( '', #197 ) ;
#4415 = DIRECTION ( 'NONE',  ( -0.000000000000000000, 1.000000000000000000, -0.000000000000000000 ) ) ;
#4416 = DIRECTION ( 'NONE',  ( 0.000000000000000000, -1.000000000000000000, 0.000000000000000000 ) ) ;
#4417 = CARTESIAN_POINT ( 'NONE',  ( 20.62988786092263638, 8.202985146770794600, -21.90896893931924083 ) ) ;
#4418 = CARTESIAN_POINT ( 'NONE',  ( -28.77768383176202605, -20.55655916577720532, 61.89006495185253698 ) ) ;
#4419 = CARTESIAN_POINT ( 'NONE',  ( -75.96025230070883083, 8.214560169126215783, -24.45897540679263926 ) ) ;
#4420 = EDGE_CURVE ( 'NONE', #5065, #2207, #5182, .T. ) ;
#4421 = CARTESIAN_POINT ( 'NONE',  ( -74.10602305268089651, 7.991439837619732423, -24.55153640894618405 ) ) ;
#4422 = ORIENTED_EDGE ( 'NONE', *, *, #523, .T. ) ;
#4423 = DIRECTION ( 'NONE',  ( 0.000000000000000000, 0.000000000000000000, 1.000000000000000000 ) ) ;
#4424 = CARTESIAN_POINT ( 'NONE',  ( 19.19928031316943873, 8.607511663488271125, 73.79615672766219348 ) ) ;
#4425 = CARTESIAN_POINT ( 'NONE',  ( -78.21208527326702153, 8.011754687172135903, -20.26384872929950731 ) ) ;
#4426 = ORIENTED_EDGE ( 'NONE', *, *, #133, .T. ) ;
#4427 = DIRECTION ( 'NONE',  ( 0.000000000000000000, 0.000000000000000000, 1.000000000000000000 ) ) ;
#4428 = CARTESIAN_POINT ( 'NONE',  ( 19.52189366880721266, 9.327224768159602775, 67.98211407754997992 ) ) ;
#4429 = DIRECTION ( 'NONE',  ( 0.000000000000000000, 1.000000000000000000, -0.000000000000000000 ) ) ;
#4430 = B_SPLINE_CURVE_WITH_KNOTS ( 'NONE', 3,
 ( #3169, #781, #937, #1393, #323, #4891, #2046, #4397, #5618, #5046, #3714, #5547, #899, #7386, #3290, #3129, #1467, #5007, #6733, #3793, #7230, #2578, #4929, #3251, #359, #2123 ),
 .UNSPECIFIED., .F., .F.,
 ( 4, 2, 2, 2, 2, 2, 2, 2, 2, 2, 2, 2, 4 ),
 ( 0.000000000000000000, 0.0007330763455151050653, 0.001466152691030210131, 0.002199229036545315413, 0.002932305382060420261, 0.003665381727575525543, 0.004398458073090630825, 0.004581727159469400207, 0.004764996245848171323, 0.004948265332226941572, 0.005131534418605711821, 0.005498072591363251452, 0.005864610764120791082 ),
 .UNSPECIFIED. ) ;
#4431 = DIRECTION ( 'NONE',  ( 0.000000000000000000, 1.000000000000000000, 0.000000000000000000 ) ) ;
#4432 = LINE ( 'NONE', #6080, #1540 ) ;
#4433 = EDGE_LOOP ( 'NONE', ( #195, #6091, #3797, #7469 ) ) ;
#4434 = CARTESIAN_POINT ( 'NONE',  ( 19.51104952093074374, 8.511493513876340344, -23.86350423402230803 ) ) ;
#4435 = EDGE_LOOP ( 'NONE', ( #3839, #6787, #4422, #2267 ) ) ;
#4436 = ADVANCED_FACE ( 'NONE', ( #5305 ), #2320, .F. ) ;
#4437 = ORIENTED_EDGE ( 'NONE', *, *, #2294, .F. ) ;
#4438 = CIRCLE ( 'NONE', #506, 1.600000000000004086 ) ;
#4439 = CARTESIAN_POINT ( 'NONE',  ( -48.77768383176253764, 8.648440834640384267, 60.19006495185251993 ) ) ;
#4440 = VECTOR ( 'NONE', #372, 1000.000000000000000 ) ;
#4441 = FACE_OUTER_BOUND ( 'NONE', #971, .T. ) ;
#4442 = DIRECTION ( 'NONE',  ( -0.000000000000000000, -1.000000000000000000, -0.000000000000000000 ) ) ;
#4443 = ORIENTED_EDGE ( 'NONE', *, *, #3732, .F. ) ;
#4444 = CARTESIAN_POINT ( 'NONE',  ( -78.29461986047873268, -20.55155916535962035, 73.30503648645102999 ) ) ;
#4445 =( BOUNDED_SURFACE ( )  B_SPLINE_SURFACE ( 3, 2, ( 
 ( #3647, #4140, #2287 ),
 ( #5817, #1822, #4628 ),
 ( #6970, #6502, #53 ),
 ( #1787, #7080, #2899 ),
 ( #3559, #7119, #5975 ),
 ( #5322, #6468, #3606 ),
 ( #5934, #1244, #2399 ),
 ( #4742, #2321, #2937 ),
 ( #560, #4176, #5248 ),
 ( #677, #1714, #3019 ),
 ( #4066, #2437, #4778 ),
 ( #7586, #1861, #4216 ),
 ( #6551, #6433, #1284 ),
 ( #4659, #4105, #1169 ),
 ( #3524, #5853, #597 ),
 ( #15, #2361, #1939 ),
 ( #5396, #4860, #7238 ),
 ( #3761, #5556, #4330 ),
 ( #170, #293, #2514 ),
 ( #6704, #6124, #1902 ),
 ( #867, #4937, #6587 ),
 ( #5476, #1440, #3219 ),
 ( #828, #3838, #5513 ),
 ( #3800, #4899, #4293 ),
 ( #2630, #4820, #3093 ),
 ( #7202, #126, #4977 ) ),
 .UNSPECIFIED., .F., .F., .F. ) 
 B_SPLINE_SURFACE_WITH_KNOTS ( ( 4, 2, 2, 2, 2, 2, 2, 2, 2, 2, 2, 2, 4 ),
 ( 3, 3 ),
 ( -4.342256805858757396E-15, 0.0004059079117347974162, 0.0008118158234739370621, 0.001014769779343506831, 0.001217723735213076600, 0.001420677691082646368, 0.001623631646952216354, 0.002435447470430495646, 0.003247263293908775154, 0.004059079117387055097, 0.004870894940865334172, 0.005682710764343613247, 0.006494526587821892322 ),
 ( 0.000000000000000000, 1.000000000000000000 ),
 .UNSPECIFIED. ) 
 GEOMETRIC_REPRESENTATION_ITEM ( )  RATIONAL_B_SPLINE_SURFACE ( (
 ( 1.000000000000000000, 0.9818831614237572003, 1.000000000000000000),
 ( 1.000000000000000000, 0.9858912546617661921, 1.000000000000000000),
 ( 1.000000000000000000, 0.9892182363082827612, 1.000000000000000000),
 ( 1.000000000000000000, 0.9944994644904791015, 1.000000000000000000),
 ( 1.000000000000000000, 0.9964607609860968163, 1.000000000000000000),
 ( 1.000000000000000000, 0.9982769252876811938, 1.000000000000000000),
 ( 1.000000000000000000, 0.9986913398382787355, 1.000000000000000000),
 ( 1.000000000000000000, 0.9989925556973674459, 1.000000000000000000),
 ( 1.000000000000000000, 0.9988545302738005560, 1.000000000000000000),
 ( 1.000000000000000000, 0.9981108309270378953, 1.000000000000000000),
 ( 1.000000000000000000, 0.9975139540680673100, 1.000000000000000000),
 ( 1.000000000000000000, 0.9959783744781933734, 1.000000000000000000),
 ( 1.000000000000000000, 0.9950335425800094225, 1.000000000000000000),
 ( 1.000000000000000000, 0.9894579634629520060, 1.000000000000000000),
 ( 1.000000000000000000, 0.9822323753937033386, 1.000000000000000000),
 ( 1.000000000000000000, 0.9626772435880605050, 1.000000000000000000),
 ( 1.000000000000000000, 0.9503521877034268872, 1.000000000000000000),
 ( 1.000000000000000000, 0.9207838801570766840, 1.000000000000000000),
 ( 1.000000000000000000, 0.9033680405106754296, 1.000000000000000000),
 ( 1.000000000000000000, 0.8650724882873558341, 1.000000000000000000),
 ( 1.000000000000000000, 0.8441272710121321410, 1.000000000000000000),
 ( 1.000000000000000000, 0.8003071236672876232, 1.000000000000000000),
 ( 1.000000000000000000, 0.7777745649692984209, 1.000000000000000000),
 ( 1.000000000000000000, 0.7366300689701712479, 1.000000000000000000),
 ( 1.000000000000000000, 0.7177916643018105169, 1.000000000000000000),
 ( 1.000000000000000000, 0.7052517021446990109, 1.000000000000000000) ) ) 
 REPRESENTATION_ITEM ( '' )  SURFACE ( )  );
#4447 = CARTESIAN_POINT ( 'NONE',  ( -77.65251710817253183, 7.483345648809462070, -23.73495691177643963 ) ) ;
#4446 = CIRCLE ( 'NONE', #2108, 9.300000000000002487 ) ;
#4448 = CIRCLE ( 'NONE', #4199, 9.300000000000002487 ) ;
#4449 = ORIENTED_EDGE ( 'NONE', *, *, #2504, .F. ) ;
#4450 = CARTESIAN_POINT ( 'NONE',  ( 19.35393477197820289, -15.55155916536006622, 73.39390433905624889 ) ) ;
#4451 = FACE_OUTER_BOUND ( 'NONE', #5890, .T. ) ;
#4452 = CARTESIAN_POINT ( 'NONE',  ( -78.17237082785997870, 8.124720590883908855, 71.74404710969537291 ) ) ;
#4453 = ORIENTED_EDGE ( 'NONE', *, *, #2073, .F. ) ;
#4454 = CARTESIAN_POINT ( 'NONE',  ( 19.76335163041366627, 9.448440834640383201, -18.79713948371162857 ) ) ;
#4455 = DIRECTION ( 'NONE',  ( -1.000000000000000000, 0.000000000000000000, 4.701147631373462191E-17 ) ) ;
#4456 = CARTESIAN_POINT ( 'NONE',  ( -77.07726133232434051, 9.327224768159281254, -18.20198417384827039 ) ) ;
#4457 = AXIS2_PLACEMENT_3D ( 'NONE', #5419, #2956, #6604 ) ;
#4458 = CARTESIAN_POINT ( 'NONE',  ( 7.322316168238593548, 7.448440834640383201, 10.69006495185253236 ) ) ;
#4459 = CARTESIAN_POINT ( 'NONE',  ( -75.38884424195383360, 8.044579914718589464, -24.55753665503257821 ) ) ;
#4460 = VERTEX_POINT ( 'NONE', #315 ) ;
#4461 = VECTOR ( 'NONE', #3679, 1000.000000000000000 ) ;
#4462 = DIRECTION ( 'NONE',  ( -1.000000000000000000, 0.000000000000000000, 0.000000000000000000 ) ) ;
#4463 = FACE_OUTER_BOUND ( 'NONE', #1812, .T. ) ;
#4464 = CARTESIAN_POINT ( 'NONE',  ( -77.06202465023260118, 9.332060789679715640, -18.18262213818927719 ) ) ;
#4465 = ORIENTED_EDGE ( 'NONE', *, *, #446, .T. ) ;
#4466 = CARTESIAN_POINT ( 'NONE',  ( -74.13854584206498544, 7.885631631627636473, 74.35589733145356206 ) ) ;
#4467 = AXIS2_PLACEMENT_3D ( 'NONE', #4508, #4054, #7541 ) ;
#4468 = EDGE_CURVE ( 'NONE', #6664, #864, #767, .T. ) ;
#4469 = DIRECTION ( 'NONE',  ( 0.000000000000000000, 0.000000000000000000, -1.000000000000000000 ) ) ;
#4470 = DIRECTION ( 'NONE',  ( 0.000000000000000000, 0.000000000000000000, 1.000000000000000000 ) ) ;
#4471 = CARTESIAN_POINT ( 'NONE',  ( 19.71859007311107348, 7.483343488740203497, 73.86919769145625025 ) ) ;
#4472 = ORIENTED_EDGE ( 'NONE', *, *, #7084, .T. ) ;
#4473 = EDGE_CURVE ( 'NONE', #6640, #664, #1247, .T. ) ;
#4474 = DIRECTION ( 'NONE',  ( 0.9986295347545739443, -0.05233595624294378607, 0.000000000000000000 ) ) ;
#4475 = ORIENTED_EDGE ( 'NONE', *, *, #1082, .T. ) ;
#4476 = ORIENTED_EDGE ( 'NONE', *, *, #7420, .F. ) ;
#4477 = CARTESIAN_POINT ( 'NONE',  ( -73.34026322418273480, 8.948440834640383201, 73.52328009629199812 ) ) ;
#4478 = LINE ( 'NONE', #5589, #5137 ) ;
#4479 = EDGE_CURVE ( 'NONE', #6160, #2539, #3471, .T. ) ;
#4480 = EDGE_LOOP ( 'NONE', ( #868, #5579, #1025, #5263 ) ) ;
#4481 = LINE ( 'NONE', #3840, #451 ) ;
#4482 = ADVANCED_FACE ( 'NONE', ( #3745 ), #929, .F. ) ;
#4483 =( NAMED_UNIT ( * ) SI_UNIT ( $, .STERADIAN. ) SOLID_ANGLE_UNIT ( ) );
#4484 = EDGE_LOOP ( 'NONE', ( #4721, #3997, #3504, #103 ) ) ;
#4485 = CARTESIAN_POINT ( 'NONE',  ( -28.77768383176221079, -20.55655916577720532, 39.89006495185252987 ) ) ;
#4486 = LINE ( 'NONE', #6892, #4440 ) ;
#4487 = CARTESIAN_POINT ( 'NONE',  ( -78.16621402674030605, 8.144168364180808695, 71.93355482615892527 ) ) ;
#4488 = ORIENTED_EDGE ( 'NONE', *, *, #4741, .T. ) ;
#4489 = CARTESIAN_POINT ( 'NONE',  ( -76.72440029443554010, 8.732635870822958779, 73.80373969653835786 ) ) ;
#4490 = DIRECTION ( 'NONE',  ( 0.000000000000000000, 0.000000000000000000, -1.000000000000000000 ) ) ;
#4491 = CARTESIAN_POINT ( 'NONE',  ( -78.00496706594016416, 8.549060423977660861, -22.47330563874471920 ) ) ;
#4492 = CARTESIAN_POINT ( 'NONE',  ( -76.43250691890088433, 9.448440862879010638, -17.56520782579951145 ) ) ;
#4493 = AXIS2_PLACEMENT_3D ( 'NONE', #7598, #108, #69 ) ;
#4494 = DIRECTION ( 'NONE',  ( 0.000000000000000000, -1.000000000000000000, 0.000000000000000000 ) ) ;
#4495 = CARTESIAN_POINT ( 'NONE',  ( -72.30419364843361052, 9.214276729991683013, -23.59872794358502901 ) ) ;
#4496 = ORIENTED_EDGE ( 'NONE', *, *, #7241, .T. ) ;
#4497 = CARTESIAN_POINT ( 'NONE',  ( 17.01469754187759875, 7.673907331954701760, 74.38834720931116351 ) ) ;
#4498 = AXIS2_PLACEMENT_3D ( 'NONE', #3618, #1374, #4832 ) ;
#4499 = FACE_OUTER_BOUND ( 'NONE', #6081, .T. ) ;
#4500 = CARTESIAN_POINT ( 'NONE',  ( -78.27550428028756357, 7.678540074753796851, -21.32638777386588202 ) ) ;
#4501 = ORIENTED_EDGE ( 'NONE', *, *, #1054, .T. ) ;
#4502 = CARTESIAN_POINT ( 'NONE',  ( 20.13504084360030788, -15.55155916535961858, 71.80324654174016530 ) ) ;
#4503 = AXIS2_PLACEMENT_3D ( 'NONE', #7349, #4429, #1508 ) ;
#4504 = CARTESIAN_POINT ( 'NONE',  ( -77.94966088460888898, -15.55155916535960792, -24.00650075280160678 ) ) ;
#4505 = CARTESIAN_POINT ( 'NONE',  ( 17.13133231639686471, 7.693883599743212010, 74.38913436028259696 ) ) ;
#4506 = CARTESIAN_POINT ( 'NONE',  ( 19.44071377113156629, 7.483343474935386652, 74.05506267107575979 ) ) ;
#4507 = VECTOR ( 'NONE', #4851, 1000.000000000000227 ) ;
#4508 = CARTESIAN_POINT ( 'NONE',  ( -66.27768383176041311, -20.55655916577720532, -19.10993504814758737 ) ) ;
#4509 = EDGE_LOOP ( 'NONE', ( #6777, #4548, #4141, #2276 ) ) ;
#4510 = EDGE_CURVE ( 'NONE', #26, #1170, #7014, .T. ) ;
#4511 = B_SPLINE_CURVE_WITH_KNOTS ( 'NONE', 3,
 ( #5639, #960, #377, #2719, #3349, #7446, #2184, #4526, #7520, #599, #3563, #6902, #4596, #6938, #4108, #1644, #4708, #7589 ),
 .UNSPECIFIED., .F., .F.,
 ( 4, 2, 2, 2, 2, 2, 2, 2, 4 ),
 ( 0.000000000000000000, 0.0003960495024133580842, 0.0005940742536200389152, 0.0007920990048267197462, 0.0009901237560334004689, 0.001188148507240081300, 0.001584198009653433855, 0.002376297014480125303, 0.003168396019306816969 ),
 .UNSPECIFIED. ) ;
#4512 = DIRECTION ( 'NONE',  ( 0.8777383814805074236, 0.000000000000000000, -0.4791402025252936014 ) ) ;
#4513 = EDGE_CURVE ( 'NONE', #6664, #7055, #4678, .T. ) ;
#4514 = CARTESIAN_POINT ( 'NONE',  ( -78.20719659191979645, 8.123777977599534239, 71.59552864370799341 ) ) ;
#4515 = EDGE_CURVE ( 'NONE', #3601, #2675, #3323, .T. ) ;
#4516 = ORIENTED_EDGE ( 'NONE', *, *, #2820, .T. ) ;
#4517 = CARTESIAN_POINT ( 'NONE',  ( -74.44729646836204040, 7.823684850265245849, 74.37528914676713043 ) ) ;
#4518 = CARTESIAN_POINT ( 'NONE',  ( 8.722316168239592216, 9.448440834640383201, -17.85993504814758737 ) ) ;
#4519 = DIRECTION ( 'NONE',  ( -1.000000000000000000, 0.000000000000000000, 0.000000000000000000 ) ) ;
#4520 = ORIENTED_EDGE ( 'NONE', *, *, #5360, .T. ) ;
#4521 = CARTESIAN_POINT ( 'NONE',  ( 20.72073080795178157, 7.673282781949640530, 70.68774232502076416 ) ) ;
#4522 = CARTESIAN_POINT ( 'NONE',  ( 20.72279307187738695, 7.676539963639559261, 70.87977546267590867 ) ) ;
#4523 = CARTESIAN_POINT ( 'NONE',  ( -77.68377560757721767, 8.607511663478810249, 72.86702909677147488 ) ) ;
#4524 = ORIENTED_EDGE ( 'NONE', *, *, #7096, .F. ) ;
#4525 = AXIS2_PLACEMENT_3D ( 'NONE', #331, #1973, #5626 ) ;
#4526 = CARTESIAN_POINT ( 'NONE',  ( -78.27634305973525386, 7.699739676222754348, -21.22339813501449513 ) ) ;
#4527 = CARTESIAN_POINT ( 'NONE',  ( 18.58568675881853594, 8.549060423975555878, -24.33721828233874263 ) ) ;
#4528 = CARTESIAN_POINT ( 'NONE',  ( -76.46499045660259242, 9.448440834640218000, -17.54510635244094985 ) ) ;
#4529 = EDGE_CURVE ( 'NONE', #7033, #4825, #5667, .T. ) ;
#4530 = CARTESIAN_POINT ( 'NONE',  ( -75.69086542164833986, -15.55155916535961858, 74.80278962720933578 ) ) ;
#4531 = DIRECTION ( 'NONE',  ( -1.000000000000000000, 0.000000000000000000, 0.000000000000000000 ) ) ;
#4532 = VERTEX_POINT ( 'NONE', #462 ) ;
#4533 = CARTESIAN_POINT ( 'NONE',  ( 17.87648679164893295, 7.983886600283564228, 74.33023881586284176 ) ) ;
#4534 = CARTESIAN_POINT ( 'NONE',  ( 20.20662232115376611, 8.567371545798708965, 72.72584827437745503 ) ) ;
#4535 = DIRECTION ( 'NONE',  ( 0.000000000000000000, 0.000000000000000000, -1.000000000000000000 ) ) ;
#4536 = EDGE_LOOP ( 'NONE', ( #6935, #7600, #4520, #948 ) ) ;
#4537 = CARTESIAN_POINT ( 'NONE',  ( -75.69086542162865783, 8.052076284324103383, 74.30774977606419895 ) ) ;
#4538 = LINE ( 'NONE', #2196, #1429 ) ;
#4539 = CARTESIAN_POINT ( 'NONE',  ( -76.63268856131790585, 9.430417729097255730, 67.48071479987534360 ) ) ;
#4540 = DIRECTION ( 'NONE',  ( 1.000000000000000000, 0.000000000000000000, 1.224646799147353207E-16 ) ) ;
#4541 = CARTESIAN_POINT ( 'NONE',  ( 0.000000000000000000, 8.248440834640383912, 19.59006495185253627 ) ) ;
#4542 = VERTEX_POINT ( 'NONE', #5794 ) ;
#4543 = CARTESIAN_POINT ( 'NONE',  ( -78.26262626338815664, 7.776662972109970262, 71.23440889888701122 ) ) ;
#4544 = ORIENTED_EDGE ( 'NONE', *, *, #3261, .T. ) ;
#4545 = DIRECTION ( 'NONE',  ( 0.000000000000000000, 0.000000000000000000, 1.000000000000000000 ) ) ;
#4546 = CARTESIAN_POINT ( 'NONE',  ( 17.22231616824142364, -15.55155916535962213, -21.10993504814957689 ) ) ;
#4547 = CARTESIAN_POINT ( 'NONE',  ( 18.73326969416348575, 7.448440834640383201, 0.000000000000000000 ) ) ;
#4548 = ORIENTED_EDGE ( 'NONE', *, *, #3353, .T. ) ;
#4549 = DIRECTION ( 'NONE',  ( 1.000000000000000000, 0.000000000000000000, -1.789714210165273495E-11 ) ) ;
#4550 = TOROIDAL_SURFACE ( 'NONE', #6894, 3.000000000000004441, 0.5000000000000000000 ) ;
#4551 = CARTESIAN_POINT ( 'NONE',  ( 20.72117009191212489, 7.695950993727836753, 70.99714271467003357 ) ) ;
#4552 = VECTOR ( 'NONE', #2060, 1000.000000000000227 ) ;
#4553 = EDGE_CURVE ( 'NONE', #6208, #5192, #2351, .T. ) ;
#4554 = CARTESIAN_POINT ( 'NONE',  ( -73.34026322418279165, 9.448440834640395636, -23.74315019259113058 ) ) ;
#4555 = CIRCLE ( 'NONE', #6641, 0.5000000000000018874 ) ;
#4556 = CARTESIAN_POINT ( 'NONE',  ( -78.09528655897362626, 8.305794553900856414, 72.01656183671482836 ) ) ;
#4557 = ORIENTED_EDGE ( 'NONE', *, *, #4281, .T. ) ;
#4558 = CARTESIAN_POINT ( 'NONE',  ( 18.13549775813114096, 7.483345647514946464, -24.62058396438443708 ) ) ;
#4559 = AXIS2_PLACEMENT_3D ( 'NONE', #2833, #5184, #7525 ) ;
#4560 = CARTESIAN_POINT ( 'NONE',  ( 8.722316168239592216, 9.448440834640383201, 10.64006495185241441 ) ) ;
#4561 = CARTESIAN_POINT ( 'NONE',  ( -74.77768383175860833, -15.55155916535962035, 65.89006495185046219 ) ) ;
#4562 = CARTESIAN_POINT ( 'NONE',  ( -77.65733030929852987, 9.065004341514393715, -19.08406521662075050 ) ) ;
#4563 = EDGE_CURVE ( 'NONE', #3433, #1634, #5684, .T. ) ;
#4564 = VECTOR ( 'NONE', #1577, 1000.000000000000000 ) ;
#4565 = CARTESIAN_POINT ( 'NONE',  ( 20.69855467193960408, 7.891161181044879847, -20.69011836468341770 ) ) ;
#4566 = CARTESIAN_POINT ( 'NONE',  ( -72.63056119699199087, 8.782663481715509590, -24.11844679690920401 ) ) ;
#4567 = ORIENTED_EDGE ( 'NONE', *, *, #2696, .T. ) ;
#4568 = PLANE ( 'NONE',  #2894 ) ;
#4569 = CARTESIAN_POINT ( 'NONE',  ( 17.14683035549253631, 7.662604429897756475, 74.38975953163065924 ) ) ;
#4570 = EDGE_CURVE ( 'NONE', #2283, #5585, #3358, .T. ) ;
#4571 = EDGE_CURVE ( 'NONE', #215, #5508, #3352, .T. ) ;
#4572 = AXIS2_PLACEMENT_3D ( 'NONE', #5764, #1117, #4470 ) ;
#4573 = CARTESIAN_POINT ( 'NONE',  ( 19.55816893691391911, -21.55755916535962058, -23.87357987972442430 ) ) ;
#4574 = CARTESIAN_POINT ( 'NONE',  ( -78.25670396455090838, 7.809605725999744230, -21.60226034704624354 ) ) ;
#4575 = VERTEX_POINT ( 'NONE', #6946 ) ;
#4576 = DIRECTION ( 'NONE',  ( 0.000000000000000000, 0.000000000000000000, 1.000000000000000000 ) ) ;
#4577 = DIRECTION ( 'NONE',  ( -1.000000000000000000, 0.000000000000000000, 0.000000000000000000 ) ) ;
#4578 = CARTESIAN_POINT ( 'NONE',  ( 16.90389174143136231, 7.809366199493943839, -24.59733985054280936 ) ) ;
#4579 = B_SPLINE_CURVE_WITH_KNOTS ( 'NONE', 3,
 ( #6842, #1043, #7380, #1616, #4464, #3396, #1579, #3932 ),
 .UNSPECIFIED., .F., .F.,
 ( 4, 2, 2, 4 ),
 ( -9.937569739127801992E-06, 0.0006569729591954271038, 0.001323883488129982055, 0.002657704545999068323 ),
 .UNSPECIFIED. ) ;
#4580 = CARTESIAN_POINT ( 'NONE',  ( -76.01507438259685046, 14.44844083464038142, 74.27913767934917644 ) ) ;
#4581 = CARTESIAN_POINT ( 'NONE',  ( 18.13549775813077858, 8.061418503285670667, 74.39062356885457916 ) ) ;
#4582 = CIRCLE ( 'NONE', #3743, 0.8000000000000003775 ) ;
#4583 = CARTESIAN_POINT ( 'NONE',  ( 18.13549775813112674, -15.55155916535961858, 74.80278962720933578 ) ) ;
#4584 = ORIENTED_EDGE ( 'NONE', *, *, #4686, .F. ) ;
#4585 = CARTESIAN_POINT ( 'NONE',  ( -71.40631777294366600, 9.448440834640562613, -22.90055905210840592 ) ) ;
#4586 = AXIS2_PLACEMENT_3D ( 'NONE', #5740, #7472, #3414 ) ;
#4587 = CARTESIAN_POINT ( 'NONE',  ( -64.87768383176140219, 7.448440834640383201, -16.30993504814755468 ) ) ;
#4588 = CARTESIAN_POINT ( 'NONE',  ( -76.33900536815772853, 14.44844083464174211, -24.43456893787525885 ) ) ;
#4589 = CYLINDRICAL_SURFACE ( 'NONE', #4586, 5.000000000000004441 ) ;
#4590 = EDGE_LOOP ( 'NONE', ( #3939, #2189, #704, #3741 ) ) ;
#4591 = CARTESIAN_POINT ( 'NONE',  ( -75.69086542163209685, 8.202985146745032097, 74.78443260063713183 ) ) ;
#4592 = CARTESIAN_POINT ( 'NONE',  ( 18.78363770464326521, 14.44844083464174211, -24.43456893787456607 ) ) ;
#4593 = DIRECTION ( 'NONE',  ( 0.000000000000000000, 0.000000000000000000, -1.000000000000000000 ) ) ;
#4594 = ORIENTED_EDGE ( 'NONE', *, *, #6942, .F. ) ;
#4595 = DIRECTION ( 'NONE',  ( -0.000000000000000000, -1.000000000000000000, 0.000000000000000000 ) ) ;
#4596 = CARTESIAN_POINT ( 'NONE',  ( -78.25392233545650811, 7.891161181046862261, -20.69011836468099119 ) ) ;
#4597 = LINE ( 'NONE', #4071, #2246 ) ;
#4598 = DIRECTION ( 'NONE',  ( -0.000000000000000000, -1.000000000000000000, 0.000000000000000000 ) ) ;
#4599 = EDGE_CURVE ( 'NONE', #798, #4671, #2228, .T. ) ;
#4600 = CARTESIAN_POINT ( 'NONE',  ( -78.28833274799347919, 7.483345647514946464, 71.80324654173459464 ) ) ;
#4601 = CARTESIAN_POINT ( 'NONE',  ( -71.28375814950040024, 9.423548506767758681, -22.98394080883226565 ) ) ;
#4602 = ORIENTED_EDGE ( 'NONE', *, *, #3269, .T. ) ;
#4603 = CARTESIAN_POINT ( 'NONE',  ( 17.22231616824143430, 9.448440834640395636, 70.89006495185043377 ) ) ;
#4604 = ADVANCED_FACE ( 'NONE', ( #6871 ), #3118, .F. ) ;
#4605 = EDGE_CURVE ( 'NONE', #4856, #5357, #6279, .T. ) ;
#4606 = CARTESIAN_POINT ( 'NONE',  ( -74.77768383175860833, 9.448440834640395636, 70.89006495185046219 ) ) ;
#4607 = DIRECTION ( 'NONE',  ( -0.000000000000000000, 1.000000000000000000, -0.000000000000000000 ) ) ;
#4608 = DIRECTION ( 'NONE',  ( 0.000000000000000000, 0.000000000000000000, -1.000000000000000000 ) ) ;
#4609 = CIRCLE ( 'NONE', #3644, 5.000000000000004441 ) ;
#4610 = ORIENTED_EDGE ( 'NONE', *, *, #6528, .F. ) ;
#4611 = ORIENTED_EDGE ( 'NONE', *, *, #5449, .F. ) ;
#4612 = DIRECTION ( 'NONE',  ( -0.000000000000000000, -1.000000000000000000, -0.000000000000000000 ) ) ;
#4613 = EDGE_CURVE ( 'NONE', #6485, #6882, #6519, .T. ) ;
#4614 = AXIS2_PLACEMENT_3D ( 'NONE', #7009, #3526, #3421 ) ;
#4615 = CARTESIAN_POINT ( 'NONE',  ( -75.06424680700256147, 7.795538714762336063, -24.59859828571033802 ) ) ;
#4616 = CARTESIAN_POINT ( 'NONE',  ( -77.51861145792187813, -15.55155916535961858, -24.40939433319802632 ) ) ;
#4617 = DIRECTION ( 'NONE',  ( 0.000000000000000000, 0.000000000000000000, 1.000000000000000000 ) ) ;
#4618 = CYLINDRICAL_SURFACE ( 'NONE', #4467, 1.229499999999987603 ) ;
#4619 = ORIENTED_EDGE ( 'NONE', *, *, #2742, .T. ) ;
#4620 = EDGE_CURVE ( 'NONE', #4997, #920, #18, .T. ) ;
#4621 = CARTESIAN_POINT ( 'NONE',  ( -72.46488826732137056, 9.448440834640736696, -23.65097051032148201 ) ) ;
#4622 = LINE ( 'NONE', #3444, #2898 ) ;
#4623 = DIRECTION ( 'NONE',  ( -0.000000000000000000, -1.000000000000000000, 0.000000000000000000 ) ) ;
#4624 = CARTESIAN_POINT ( 'NONE',  ( -76.68756361648114250, 9.448440834640379649, -18.14897109458425817 ) ) ;
#4625 = VERTEX_POINT ( 'NONE', #7137 ) ;
#4626 = CARTESIAN_POINT ( 'NONE',  ( 20.73925219696099376, -20.55155916535962035, -23.52490658274993152 ) ) ;
#4627 = CARTESIAN_POINT ( 'NONE',  ( 18.52825133328939700, -15.55155916535961858, 74.80278962720387881 ) ) ;
#4628 = CARTESIAN_POINT ( 'NONE',  ( -75.58389810634096762, 7.988692805754022963, 74.32781579932786542 ) ) ;
#4629 = ORIENTED_EDGE ( 'NONE', *, *, #2597, .F. ) ;
#4630 = DIRECTION ( 'NONE',  ( -0.000000000000000000, -1.000000000000000000, 0.000000000000000000 ) ) ;
#4631 = CARTESIAN_POINT ( 'NONE',  ( 18.15265513561663013, 8.314134878873128187, 74.26684720987402955 ) ) ;
#4632 = CARTESIAN_POINT ( 'NONE',  ( 18.13549775813112674, -18.88489249869295250, 74.80278962720933578 ) ) ;
#4633 = DIRECTION ( 'NONE',  ( 0.000000000000000000, -1.000000000000000000, 0.000000000000000000 ) ) ;
#4634 = CARTESIAN_POINT ( 'NONE',  ( 8.722316168239592216, 9.448440834640383201, -20.35993504814759092 ) ) ;
#4635 = CARTESIAN_POINT ( 'NONE',  ( -71.56803856952858212, 9.326091845870200459, -23.33312724312069264 ) ) ;
#4636 = ORIENTED_EDGE ( 'NONE', *, *, #2928, .F. ) ;
#4637 = FACE_OUTER_BOUND ( 'NONE', #6509, .T. ) ;
#4638 = DIRECTION ( 'NONE',  ( 0.000000000000000000, 0.000000000000000000, -1.000000000000000000 ) ) ;
#4639 = CARTESIAN_POINT ( 'NONE',  ( 8.722316168239592216, 9.448440834640383201, -19.10993504814758737 ) ) ;
#4640 = CARTESIAN_POINT ( 'NONE',  ( 20.71091104937650584, 7.750563299788478133, -21.49514362963452285 ) ) ;
#4641 = ORIENTED_EDGE ( 'NONE', *, *, #7562, .F. ) ;
#4642 = ORIENTED_EDGE ( 'NONE', *, *, #6687, .T. ) ;
#4643 = CIRCLE ( 'NONE', #5022, 8.500000000000000000 ) ;
#4644 = CARTESIAN_POINT ( 'NONE',  ( -72.22009121338561499, 9.231071296754468136, 73.44252156410598786 ) ) ;
#4645 = DIRECTION ( 'NONE',  ( 0.000000000000000000, -1.000000000000000000, 0.000000000000000000 ) ) ;
#4646 = CARTESIAN_POINT ( 'NONE',  ( -75.37740518639465392, 8.034893893554293953, -24.55973271865805074 ) ) ;
#4647 = CARTESIAN_POINT ( 'NONE',  ( -75.88895989576911916, -15.55155916535961858, -25.02265972350744505 ) ) ;
#4648 = CARTESIAN_POINT ( 'NONE',  ( 8.722316168239592216, 7.448440834640384978, 11.89006495185241441 ) ) ;
#4649 = CARTESIAN_POINT ( 'NONE',  ( 19.39291217525415689, 9.358908916492442387, -18.35247219587141743 ) ) ;
#4650 = LINE ( 'NONE', #4583, #6180 ) ;
#4651 = ORIENTED_EDGE ( 'NONE', *, *, #6622, .F. ) ;
#4652 = EDGE_CURVE ( 'NONE', #4077, #6473, #4327, .T. ) ;
#4653 = CARTESIAN_POINT ( 'NONE',  ( -78.27382109641931152, 7.694509739115338753, 71.06432039376677778 ) ) ;
#4654 = CARTESIAN_POINT ( 'NONE',  ( -74.56263389403956410, 7.751099385858410962, 74.38366472843738109 ) ) ;
#4655 = ADVANCED_FACE ( 'NONE', ( #762 ), #1012, .T. ) ;
#4656 = DIRECTION ( 'NONE',  ( 0.000000000000000000, 1.000000000000000000, 0.000000000000000000 ) ) ;
#4657 = ORIENTED_EDGE ( 'NONE', *, *, #4195, .F. ) ;
#4658 = CARTESIAN_POINT ( 'NONE',  ( 20.54695005796641283, 14.44844083464174211, -22.67125658455141490 ) ) ;
#4659 = CARTESIAN_POINT ( 'NONE',  ( -74.15089551802843459, 8.052386694330118999, 74.33900179943424291 ) ) ;
#4660 = VERTEX_POINT ( 'NONE', #5866 ) ;
#4661 = DIRECTION ( 'NONE',  ( 0.000000000000000000, -1.000000000000000000, 0.000000000000000000 ) ) ;
#4662 = AXIS2_PLACEMENT_3D ( 'NONE', #6982, #1725, #4080 ) ;
#4663 = AXIS2_PLACEMENT_3D ( 'NONE', #4418, #7448, #995 ) ;
#4664 = CARTESIAN_POINT ( 'NONE',  ( 18.73530915900850147, 8.608073405352328678, 74.05050100561035720 ) ) ;
#4665 = DIRECTION ( 'NONE',  ( 0.000000000000000000, 1.000000000000000000, -0.000000000000000000 ) ) ;
#4666 = CARTESIAN_POINT ( 'NONE',  ( 21.13504084359618318, -20.55155916535961680, 72.19931110483867087 ) ) ;
#4667 = TOROIDAL_SURFACE ( 'NONE', #1363, 9.300000000000000711, 0.8000000000000000444 ) ;
#4668 = CARTESIAN_POINT ( 'NONE',  ( 17.77665040742760638, 7.996142816376353046, 74.34829904757498298 ) ) ;
#4669 = VECTOR ( 'NONE', #305, 1000.000000000000227 ) ;
#4670 = CARTESIAN_POINT ( 'NONE',  ( 19.54561185255932898, -21.55755916536007533, 73.64440560815272363 ) ) ;
#4671 = VERTEX_POINT ( 'NONE', #1297 ) ;
#4672 = LINE ( 'NONE', #496, #2421 ) ;
#4673 = DIRECTION ( 'NONE',  ( 0.000000000000000000, 0.000000000000000000, 1.000000000000000000 ) ) ;
#4674 =( BOUNDED_SURFACE ( )  B_SPLINE_SURFACE ( 3, 2, ( 
 ( #1854, #1932, #3011 ),
 ( #4171, #6543, #3640 ),
 ( #5968, #1164, #708 ),
 ( #3519, #1318, #121 ),
 ( #2470, #3677, #4286 ),
 ( #592, #5279, #7 ),
 ( #2354, #2084, #5468 ),
 ( #821, #3867, #2698 ),
 ( #238, #200, #6116 ),
 ( #1433, #5505, #280 ) ),
 .UNSPECIFIED., .F., .F., .F. ) 
 B_SPLINE_SURFACE_WITH_KNOTS ( ( 4, 2, 2, 2, 4 ),
 ( 3, 3 ),
 ( -2.818925648462311528E-18, 0.0006324766926358997869, 0.001264953385271802393, 0.001897430077907704890, 0.002529906770543607387 ),
 ( 0.000000000000000000, 1.000000000000000000 ),
 .UNSPECIFIED. ) 
 GEOMETRIC_REPRESENTATION_ITEM ( )  RATIONAL_B_SPLINE_SURFACE ( (
 ( 1.000000000000000000, 0.7071067811865500152, 1.000000000000000000),
 ( 1.000000000000000000, 0.7482605807271788256, 1.000000000000000000),
 ( 1.000000000000000000, 0.7859662412952035382, 1.000000000000000000),
 ( 1.000000000000000000, 0.8543471657468100222, 1.000000000000000000),
 ( 1.000000000000000000, 0.8850653624184411372, 1.000000000000000000),
 ( 1.000000000000000000, 0.9378133947792038905, 1.000000000000000000),
 ( 1.000000000000000000, 0.9598637189154455296, 1.000000000000000000),
 ( 1.000000000000000000, 0.9910703068291248918, 1.000000000000000000),
 ( 1.000000000000000000, 1.000069067823570190, 1.000000000000000000),
 ( 1.000000000000000000, 1.000000000000000000, 1.000000000000000000) ) ) 
 REPRESENTATION_ITEM ( '' )  SURFACE ( )  );
#4675 = DIRECTION ( 'NONE',  ( 0.000000000000000000, -0.000000000000000000, -1.000000000000000000 ) ) ;
#4676 = CARTESIAN_POINT ( 'NONE',  ( 18.95207411187652013, 9.448440834640384978, -17.51786582157130212 ) ) ;
#4677 = ORIENTED_EDGE ( 'NONE', *, *, #6771, .T. ) ;
#4678 = CIRCLE ( 'NONE', #6401, 0.8000000000000003775 ) ;
#4679 = ORIENTED_EDGE ( 'NONE', *, *, #1268, .T. ) ;
#4680 = CARTESIAN_POINT ( 'NONE',  ( -74.46253040895410891, 7.720059768079814866, -24.60249871107834352 ) ) ;
#4681 = B_SPLINE_CURVE_WITH_KNOTS ( 'NONE', 3,
 ( #55, #3725, #1205, #3021, #6012, #6470 ),
 .UNSPECIFIED., .F., .F.,
 ( 4, 2, 4 ),
 ( 0.000000000000000000, 0.001264893815507356746, 0.002529787631014713493 ),
 .UNSPECIFIED. ) ;
#4682 = DIRECTION ( 'NONE',  ( -0.000000000000000000, -1.000000000000000000, 0.000000000000000000 ) ) ;
#4683 = CIRCLE ( 'NONE', #2485, 0.5000000000000042188 ) ;
#4684 = DIRECTION ( 'NONE',  ( 0.000000000000000000, 0.000000000000000000, 1.000000000000000000 ) ) ;
#4685 = CARTESIAN_POINT ( 'NONE',  ( -78.61084778467854051, -20.55155916535962035, -22.81276859911502441 ) ) ;
#4686 = EDGE_CURVE ( 'NONE', #4532, #7211, #3692, .T. ) ;
#4687 = FACE_OUTER_BOUND ( 'NONE', #3689, .T. ) ;
#4688 = CARTESIAN_POINT ( 'NONE',  ( 20.41790994917917601, 8.544635254616840925, -19.66503329281147217 ) ) ;
#4689 = DIRECTION ( 'NONE',  ( -0.000000000000000000, 1.000000000000000000, -0.000000000000000000 ) ) ;
#4690 = EDGE_LOOP ( 'NONE', ( #2573, #944, #5986, #1151, #5282 ) ) ;
#4691 = CARTESIAN_POINT ( 'NONE',  ( 20.01337511130452640, 8.992513638546499877, 68.36512829596129848 ) ) ;
#4692 = AXIS2_PLACEMENT_3D ( 'NONE', #6182, #994, #884 ) ;
#4693 = ADVANCED_FACE ( 'NONE', ( #606, #3849 ), #3108, .F. ) ;
#4694 = DIRECTION ( 'NONE',  ( 0.000000000000000000, 0.000000000000000000, -1.000000000000000000 ) ) ;
#4695 = CARTESIAN_POINT ( 'NONE',  ( 16.81013185931551135, 7.823861544417396452, -24.58607640790801341 ) ) ;
#4696 = CIRCLE ( 'NONE', #1630, 1.999999999999998224 ) ;
#4697 = EDGE_CURVE ( 'NONE', #5435, #2129, #7252, .T. ) ;
#4698 = LINE ( 'NONE', #7038, #1627 ) ;
#4699 = EDGE_LOOP ( 'NONE', ( #1330, #2051, #1914, #3295 ) ) ;
#4700 = CARTESIAN_POINT ( 'NONE',  ( -76.41702460318916224, 8.544942535381931492, 73.95999047822428452 ) ) ;
#4701 = EDGE_LOOP ( 'NONE', ( #5907, #2945, #2101, #7199 ) ) ;
#4702 = CIRCLE ( 'NONE', #2861, 9.300000000000002487 ) ;
#4703 = CARTESIAN_POINT ( 'NONE',  ( 21.13504084360031499, -15.55155916535961858, -22.02311663803929420 ) ) ;
#4704 = ADVANCED_FACE ( 'NONE', ( #261 ), #3913, .T. ) ;
#4705 = CARTESIAN_POINT ( 'NONE',  ( -76.24411316304575337, 8.332612655761236553, 74.13586891813835678 ) ) ;
#4706 = ORIENTED_EDGE ( 'NONE', *, *, #2447, .T. ) ;
#4707 = CARTESIAN_POINT ( 'NONE',  ( 19.43603946694530649, 7.483343490911797957, -24.27782773951088302 ) ) ;
#4708 = CARTESIAN_POINT ( 'NONE',  ( -77.95128529800018669, 8.793748063501722001, -19.61891387774538131 ) ) ;
#4709 = ORIENTED_EDGE ( 'NONE', *, *, #7190, .T. ) ;
#4710 = DIRECTION ( 'NONE',  ( 0.000000000000000000, -0.000000000000000000, -1.000000000000000000 ) ) ;
#4711 = CARTESIAN_POINT ( 'NONE',  ( 7.322316168238584666, 8.648440834640382491, -17.90993504814754544 ) ) ;
#4712 = EDGE_CURVE ( 'NONE', #1170, #3624, #4305, .T. ) ;
#4713 = CARTESIAN_POINT ( 'NONE',  ( -78.67205148053842834, 8.202985146766762270, 71.80324654175308297 ) ) ;
#4714 = CARTESIAN_POINT ( 'NONE',  ( 3.733269694163487973, 9.448440834640383201, 24.89006495185043377 ) ) ;
#4715 = ORIENTED_EDGE ( 'NONE', *, *, #4014, .F. ) ;
#4716 = DIRECTION ( 'NONE',  ( -0.000000000000000000, 1.000000000000000000, -0.000000000000000000 ) ) ;
#4717 = CARTESIAN_POINT ( 'NONE',  ( 14.74882598492055763, 9.214276729989329340, 73.37885784729205341 ) ) ;
#4718 = CYLINDRICAL_SURFACE ( 'NONE', #6632, 3.000000000000002665 ) ;
#4719 = CARTESIAN_POINT ( 'NONE',  ( -73.34026322418273480, 9.448440834640395636, 73.52328009629199812 ) ) ;
#4720 = EDGE_LOOP ( 'NONE', ( #7599, #3257, #1367, #6148 ) ) ;
#4721 = ORIENTED_EDGE ( 'NONE', *, *, #3818, .T. ) ;
#4722 = CARTESIAN_POINT ( 'NONE',  ( -74.40795705275766636, 7.746718912145799329, -24.59872151287764197 ) ) ;
#4723 = CARTESIAN_POINT ( 'NONE',  ( -78.26732059090059579, 7.483343939781637921, -22.36264288947530687 ) ) ;
#4724 = CARTESIAN_POINT ( 'NONE',  ( -75.82346968855664215, 8.145791044628266420, -24.49795153286878602 ) ) ;
#4725 = VECTOR ( 'NONE', #576, 1000.000000000000000 ) ;
#4726 = DIRECTION ( 'NONE',  ( -0.000000000000000000, -1.000000000000000000, 0.000000000000000000 ) ) ;
#4727 = CARTESIAN_POINT ( 'NONE',  ( 20.70725859987084760, 7.776662972102445615, -21.45427899519675563 ) ) ;
#4728 = CARTESIAN_POINT ( 'NONE',  ( 15.78489556066560517, 9.448440834640395636, 73.52328009629198391 ) ) ;
#4729 = ORIENTED_EDGE ( 'NONE', *, *, #3822, .F. ) ;
#4730 = CARTESIAN_POINT ( 'NONE',  ( 20.22802181310719760, 8.795987546011611258, 69.08112057634106407 ) ) ;
#4731 = CIRCLE ( 'NONE', #5962, 0.7999999999999986011 ) ;
#4732 = CARTESIAN_POINT ( 'NONE',  ( 17.22231616824143430, -15.55155916535962213, 70.89006495185043377 ) ) ;
#4733 = CARTESIAN_POINT ( 'NONE',  ( 17.92777986007482838, 8.123777977579441867, -24.53944780831647066 ) ) ;
#4734 = CARTESIAN_POINT ( 'NONE',  ( 17.22231616824143430, -13.55155916535961858, 67.89006495185043377 ) ) ;
#4735 = CIRCLE ( 'NONE', #2410, 1.600000000000000755 ) ;
#4736 = ORIENTED_EDGE ( 'NONE', *, *, #3111, .T. ) ;
#4737 = CARTESIAN_POINT ( 'NONE',  ( -78.26071144212494346, 8.061416804048992191, 72.14593206879816023 ) ) ;
#4738 = VERTEX_POINT ( 'NONE', #881 ) ;
#4739 = EDGE_CURVE ( 'NONE', #628, #894, #1531, .T. ) ;
#4740 = CARTESIAN_POINT ( 'NONE',  ( 21.05548012116267742, -15.55155916535961502, 72.59289850281626855 ) ) ;
#4741 = EDGE_CURVE ( 'NONE', #6275, #4186, #3889, .T. ) ;
#4742 = CARTESIAN_POINT ( 'NONE',  ( -74.76739434257667938, 7.676539963639855024, 74.39054185548638998 ) ) ;
#4743 = ORIENTED_EDGE ( 'NONE', *, *, #4388, .F. ) ;
#4744 = CARTESIAN_POINT ( 'NONE',  ( -78.00516962026634360, -21.55755916535825634, -22.32943943550796462 ) ) ;
#4745 = CARTESIAN_POINT ( 'NONE',  ( 15.41044384326902517, 9.448440834640383201, -23.54887991843925121 ) ) ;
#4746 = CYLINDRICAL_SURFACE ( 'NONE', #7130, 0.8000000000000003775 ) ;
#4747 = ORIENTED_EDGE ( 'NONE', *, *, #2724, .F. ) ;
#4748 = LINE ( 'NONE', #4784, #4338 ) ;
#4749 = EDGE_CURVE ( 'NONE', #6749, #2086, #6889, .T. ) ;
#4750 = CARTESIAN_POINT ( 'NONE',  ( 18.33359223225184920, -20.55155916535962035, 74.80278962720657887 ) ) ;
#4751 = CARTESIAN_POINT ( 'NONE',  ( 20.29440050342322621, 8.948440834640392083, 69.21307424301193123 ) ) ;
#4752 = DIRECTION ( 'NONE',  ( 0.000000000000000000, 1.000000000000000000, -0.000000000000000000 ) ) ;
#4753 = ORIENTED_EDGE ( 'NONE', *, *, #763, .T. ) ;
#4754 = FACE_BOUND ( 'NONE', #141, .T. ) ;
#4755 = CARTESIAN_POINT ( 'NONE',  ( 14.51653862703506626, 9.088635658405120665, 73.55734388612829378 ) ) ;
#4756 = LINE ( 'NONE', #5189, #5287 ) ;
#4757 = ADVANCED_FACE ( 'NONE', ( #308 ), #839, .T. ) ;
#4758 = DIRECTION ( 'NONE',  ( 0.000000000000000000, 1.000000000000000000, -0.000000000000000000 ) ) ;
#4759 = EDGE_LOOP ( 'NONE', ( #2995, #3648, #7061, #4602, #783, #6191, #2355, #775 ) ) ;
#4760 = EDGE_LOOP ( 'NONE', ( #5407, #4252, #2822, #6087 ) ) ;
#4761 = CARTESIAN_POINT ( 'NONE',  ( -73.93159751290873771, 8.011754687172016887, -24.54433648965801495 ) ) ;
#4762 = CARTESIAN_POINT ( 'NONE',  ( -75.57671772290569834, 8.202985146751634815, 74.29763664453696492 ) ) ;
#4763 = CARTESIAN_POINT ( 'NONE',  ( -78.27302399897519081, 7.699345939409284689, -20.84195794161928106 ) ) ;
#4764 = CARTESIAN_POINT ( 'NONE',  ( -70.01144638048616287, 7.448440834640383201, 72.40101847777252431 ) ) ;
#4765 = CIRCLE ( 'NONE', #6240, 5.000000000000004441 ) ;
#4766 = CARTESIAN_POINT ( 'NONE',  ( -75.84952729949465322, 8.401485435612297437, -24.44537323000395546 ) ) ;
#4767 = CARTESIAN_POINT ( 'NONE',  ( 20.48029424445165603, 8.432253156803126259, -19.56122528382604742 ) ) ;
#4768 = LINE ( 'NONE', #40, #1392 ) ;
#4769 = ORIENTED_EDGE ( 'NONE', *, *, #1662, .T. ) ;
#4770 = CARTESIAN_POINT ( 'NONE',  ( 20.63206396708894630, 8.213665038671225105, 70.07780065740071507 ) ) ;
#4771 = DIRECTION ( 'NONE',  ( 0.000000000000000000, 1.000000000000000000, -0.000000000000000000 ) ) ;
#4772 = CARTESIAN_POINT ( 'NONE',  ( 16.86259294484568017, 7.791194047984235205, -24.59190712941640555 ) ) ;
#4773 = CARTESIAN_POINT ( 'NONE',  ( -67.57768383176139082, 7.448440834640383201, 21.19006495185253058 ) ) ;
#4774 = ORIENTED_EDGE ( 'NONE', *, *, #2577, .T. ) ;
#4775 = CARTESIAN_POINT ( 'NONE',  ( -76.03437944700371531, 7.483343550852536552, 74.38308066807007890 ) ) ;
#4776 = EDGE_LOOP ( 'NONE', ( #7444, #3560 ) ) ;
#4777 = DIRECTION ( 'NONE',  ( 0.000000000000000000, 0.01745240643728354982, -0.9998476951563912696 ) ) ;
#4778 = CARTESIAN_POINT ( 'NONE',  ( -74.50970672521303584, 7.699345939415496609, 74.38540511906622044 ) ) ;
#4779 = ORIENTED_EDGE ( 'NONE', *, *, #43, .F. ) ;
#4780 = DIRECTION ( 'NONE',  ( 0.000000000000000000, 0.000000000000000000, -1.000000000000000000 ) ) ;
#4781 = CARTESIAN_POINT ( 'NONE',  ( 13.51866669204849458, 9.448440834640386754, -22.62088857407151110 ) ) ;
#4782 = DIRECTION ( 'NONE',  ( -0.000000000000000000, -1.000000000000000000, 0.000000000000000000 ) ) ;
#4783 = ORIENTED_EDGE ( 'NONE', *, *, #6391, .T. ) ;
#4784 = CARTESIAN_POINT ( 'NONE',  ( 8.122316168238594258, 9.448440834640383201, -17.90993504814754544 ) ) ;
#4785 = CARTESIAN_POINT ( 'NONE',  ( 18.86165693975964075, 8.544942535382947568, -24.17986057449119031 ) ) ;
#4786 = CARTESIAN_POINT ( 'NONE',  ( 15.36704485683089061, 8.613343737549508106, 74.03261520568213427 ) ) ;
#4787 = EDGE_CURVE ( 'NONE', #1862, #3468, #6751, .T. ) ;
#4788 = CARTESIAN_POINT ( 'NONE',  ( -76.99140713046264750, 7.483343490911780194, 74.05795764321136687 ) ) ;
#4789 = ORIENTED_EDGE ( 'NONE', *, *, #4898, .F. ) ;
#4790 = CARTESIAN_POINT ( 'NONE',  ( 19.85553131268296667, 9.448440834640395636, 69.45264434427456024 ) ) ;
#4791 = B_SPLINE_CURVE_WITH_KNOTS ( 'NONE', 1,
 ( #7225, #7308 ),
 .UNSPECIFIED., .F., .F.,
 ( 2, 2 ),
 ( 0.1673320026613447364, 0.9990019960079827843 ),
 .UNSPECIFIED. ) ;
#4792 = CARTESIAN_POINT ( 'NONE',  ( 15.67360640392734972, 8.432253156797077764, 74.14804302806423664 ) ) ;
#4793 = CARTESIAN_POINT ( 'NONE',  ( -77.69009406044182242, -15.54555916535961302, 71.80324654172629550 ) ) ;
#4794 = EDGE_CURVE ( 'NONE', #1418, #7101, #7439, .T. ) ;
#4795 = FACE_OUTER_BOUND ( 'NONE', #1348, .T. ) ;
#4796 = LINE ( 'NONE', #1919, #2142 ) ;
#4797 = ORIENTED_EDGE ( 'NONE', *, *, #343, .T. ) ;
#4798 = AXIS2_PLACEMENT_3D ( 'NONE', #3465, #5867, #1259 ) ;
#4799 = CIRCLE ( 'NONE', #880, 9.300000000000002487 ) ;
#4800 = CARTESIAN_POINT ( 'NONE',  ( -75.58683813531909834, 7.990434924075216827, -24.54713437356597794 ) ) ;
#4801 = CARTESIAN_POINT ( 'NONE',  ( -48.77768383176253764, 8.648440834640384267, 59.39006495185252277 ) ) ;
#4802 = EDGE_CURVE ( 'NONE', #2539, #6160, #1499, .T. ) ;
#4803 = CARTESIAN_POINT ( 'NONE',  ( -78.27430497269149612, 7.721933119514365451, -21.27257453856620728 ) ) ;
#4804 = TOROIDAL_SURFACE ( 'NONE', #267, 1.600000000000000089, 0.8000000000000000444 ) ;
#4805 = CIRCLE ( 'NONE', #5177, 3.500000000000003109 ) ;
#4806 = FACE_OUTER_BOUND ( 'NONE', #4815, .T. ) ;
#4807 = CARTESIAN_POINT ( 'NONE',  ( 20.66249003225615866, 7.983886600273152112, -21.76410567154017883 ) ) ;
#4808 = DIRECTION ( 'NONE',  ( -0.000000000000000000, 1.000000000000000000, -0.000000000000000000 ) ) ;
#4809 = ORIENTED_EDGE ( 'NONE', *, *, #3372, .F. ) ;
#4810 = CARTESIAN_POINT ( 'NONE',  ( 21.13504084360030078, -15.55155916535961858, 71.80324654174016530 ) ) ;
#4811 = AXIS2_PLACEMENT_3D ( 'NONE', #3189, #2602, #2641 ) ;
#4812 = DIRECTION ( 'NONE',  ( 0.000000000000000000, 0.000000000000000000, 1.000000000000000000 ) ) ;
#4813 = CARTESIAN_POINT ( 'NONE',  ( 16.55065538916154466, 7.991439837623385500, -24.55153640894526390 ) ) ;
#4814 = DIRECTION ( 'NONE',  ( -1.000000000000000000, -0.000000000000000000, -0.000000000000000000 ) ) ;
#4815 = EDGE_LOOP ( 'NONE', ( #429, #5673, #4871, #2581 ) ) ;
#4816 = CARTESIAN_POINT ( 'NONE',  ( -78.27824244876278215, 8.061418503284031090, 71.80324654173981003 ) ) ;
#4817 = EDGE_LOOP ( 'NONE', ( #3984, #7158, #1088, #3106 ) ) ;
#4818 = CARTESIAN_POINT ( 'NONE',  ( 20.11768073906793219, -15.55155916535961858, 74.06309435535679597 ) ) ;
#4819 = AXIS2_PLACEMENT_3D ( 'NONE', #3654, #2521, #1368 ) ;
#4820 = CARTESIAN_POINT ( 'NONE',  ( -71.59455104662623626, 9.465962080431763681, 72.35645854771046004 ) ) ;
#4821 = ORIENTED_EDGE ( 'NONE', *, *, #4999, .F. ) ;
#4822 = DIRECTION ( 'NONE',  ( 0.000000000000000000, 1.000000000000000000, -0.000000000000000000 ) ) ;
#4823 = CARTESIAN_POINT ( 'NONE',  ( 13.85098172238414804, 9.448440834640384978, -22.90058384787291601 ) ) ;
#4824 = CARTESIAN_POINT ( 'NONE',  ( 8.922316168238591416, 8.648440834640384267, -17.10993504814754829 ) ) ;
#4825 = VERTEX_POINT ( 'NONE', #6529 ) ;
#4826 = DIRECTION ( 'NONE',  ( 0.000000000000000000, 0.000000000000000000, 1.000000000000000000 ) ) ;
#4827 = CARTESIAN_POINT ( 'NONE',  ( 19.94121927292228946, 8.544941357670118975, -23.40698373194215165 ) ) ;
#4828 = AXIS2_PLACEMENT_3D ( 'NONE', #1226, #6574, #6457 ) ;
#4829 = EDGE_CURVE ( 'NONE', #5439, #2525, #2209, .T. ) ;
#4830 = DIRECTION ( 'NONE',  ( 0.000000000000000000, -0.000000000000000000, -1.000000000000000000 ) ) ;
#4831 = EDGE_LOOP ( 'NONE', ( #715, #7039, #4475, #184 ) ) ;
#4832 = DIRECTION ( 'NONE',  ( 0.000000000000000000, 0.000000000000000000, -1.000000000000000000 ) ) ;
#4833 = CARTESIAN_POINT ( 'NONE',  ( 14.12612521085586970, 9.464668978626136209, 72.53730250043932415 ) ) ;
#4834 = B_SPLINE_SURFACE_WITH_KNOTS ( 'NONE', 1, 3, ( 
 ( #705, #3048, #5387, #4280, #5276, #119, #2465, #1312, #7034, #4810 ),
 ( #5880, #7152, #3673, #6001, #2503, #1928, #1776, #4130, #6459, #4318 ) ),
 .UNSPECIFIED., .F., .F., .F.,
 ( 2, 2 ),
 ( 4, 2, 2, 2, 4 ),
 ( 0.000000000000000000, 1.000000000000000000 ),
 ( 2.356346783439926096, 2.748969718514858940, 3.141592653589791340, 3.534215588664723739, 3.926838523739656583 ),
 .UNSPECIFIED. ) ;
#4835 = AXIS2_PLACEMENT_3D ( 'NONE', #4477, #4512, #330 ) ;
#4836 = CARTESIAN_POINT ( 'NONE',  ( 20.73296508447626962, 7.483345647514950016, 71.80324654174016530 ) ) ;
#4837 = DIRECTION ( 'NONE',  ( 0.000000000000000000, 1.000000000000000000, 0.000000000000000000 ) ) ;
#4838 = EDGE_LOOP ( 'NONE', ( #7547, #1282 ) ) ;
#4839 = EDGE_LOOP ( 'NONE', ( #1002, #5514 ) ) ;
#4840 = EDGE_CURVE ( 'NONE', #1788, #2134, #7145, .T. ) ;
#4841 = CARTESIAN_POINT ( 'NONE',  ( -76.55840951452383081, -8.006795679951340006, -16.43560820187816418 ) ) ;
#4842 = CARTESIAN_POINT ( 'NONE',  ( 20.73925219696099376, -20.55155916535962035, -23.52490658274993152 ) ) ;
#4843 = CARTESIAN_POINT ( 'NONE',  ( -78.25392304442267744, 7.890372993058366369, -21.52854563462494042 ) ) ;
#4844 = CARTESIAN_POINT ( 'NONE',  ( -78.27731771153312934, 7.686655007325449596, 70.80720805793990280 ) ) ;
#4845 = CARTESIAN_POINT ( 'NONE',  ( -76.28863735768069887, 9.448440834640383201, -17.40628557195670112 ) ) ;
#4846 = CARTESIAN_POINT ( 'NONE',  ( -74.77768383175860833, 9.448440834640395636, 67.89006495185046219 ) ) ;
#4847 = ORIENTED_EDGE ( 'NONE', *, *, #5078, .T. ) ;
#4848 = CARTESIAN_POINT ( 'NONE',  ( 19.39291217525090261, 9.358908916493939856, 68.13260209957073243 ) ) ;
#4849 = EDGE_CURVE ( 'NONE', #672, #6683, #4940, .T. ) ;
#4850 = AXIS2_PLACEMENT_3D ( 'NONE', #4970, #2009, #4287 ) ;
#4851 = DIRECTION ( 'NONE',  ( 0.01745240643728361227, -0.9998476951563911586, -1.816103993196350345E-13 ) ) ;
#4852 = CARTESIAN_POINT ( 'NONE',  ( 16.95433906170832472, 7.699345939410454420, -24.60527521536600304 ) ) ;
#4853 = DIRECTION ( 'NONE',  ( 0.000000000000000000, 0.000000000000000000, 1.000000000000000000 ) ) ;
#4854 = ORIENTED_EDGE ( 'NONE', *, *, #6258, .F. ) ;
#4855 = PLANE ( 'NONE',  #1518 ) ;
#4856 = VERTEX_POINT ( 'NONE', #4801 ) ;
#4857 = EDGE_CURVE ( 'NONE', #3625, #4392, #1134, .T. ) ;
#4858 = AXIS2_PLACEMENT_3D ( 'NONE', #6682, #4271, #3112 ) ;
#4859 = CARTESIAN_POINT ( 'NONE',  ( 21.13504084360030078, -15.55155916535961858, 71.80324654174016530 ) ) ;
#4860 = CARTESIAN_POINT ( 'NONE',  ( -73.33278207640479707, 8.544635254628103027, 74.08565873277957792 ) ) ;
#4861 = ORIENTED_EDGE ( 'NONE', *, *, #4739, .F. ) ;
#4862 = CARTESIAN_POINT ( 'NONE',  ( -75.69086542164474452, -21.55755916535962768, -24.33742084588241994 ) ) ;
#4863 = AXIS2_PLACEMENT_3D ( 'NONE', #307, #3888, #5603 ) ;
#4864 = CARTESIAN_POINT ( 'NONE',  ( 14.38002101947168221, 9.448440834640383201, -23.28075399685242175 ) ) ;
#4865 = CARTESIAN_POINT ( 'NONE',  ( -28.77768383176221079, 8.648440834640384267, 49.19006495185253414 ) ) ;
#4866 = ORIENTED_EDGE ( 'NONE', *, *, #6259, .F. ) ;
#4867 = CARTESIAN_POINT ( 'NONE',  ( -75.69086542164832565, -17.21822583190057188, 73.89013592600780100 ) ) ;
#4868 = CARTESIAN_POINT ( 'NONE',  ( 19.84733803194907154, 7.483345648809610395, -23.98476832449535578 ) ) ;
#4869 = AXIS2_PLACEMENT_3D ( 'NONE', #1706, #6382, #1126 ) ;
#4870 = CYLINDRICAL_SURFACE ( 'NONE', #633, 1.600000000000004086 ) ;
#4871 = ORIENTED_EDGE ( 'NONE', *, *, #1421, .F. ) ;
#4872 = CARTESIAN_POINT ( 'NONE',  ( 20.33849644660764255, -20.55155916535962035, -22.61455973049869783 ) ) ;
#4873 = CARTESIAN_POINT ( 'NONE',  ( -54.77768383176139366, 8.648440834640384267, 29.39006495185252987 ) ) ;
#4874 = AXIS2_PLACEMENT_3D ( 'NONE', #7192, #1929, #1350 ) ;
#4875 = CARTESIAN_POINT ( 'NONE',  ( 20.72097539621851325, 7.699739676217235207, 71.00352803870188723 ) ) ;
#4876 = DIRECTION ( 'NONE',  ( 0.000000000000000000, -1.000000000000000000, 0.000000000000000000 ) ) ;
#4877 = ORIENTED_EDGE ( 'NONE', *, *, #817, .T. ) ;
#4878 = CARTESIAN_POINT ( 'NONE',  ( -78.16621498114990629, 8.144165349442815227, -22.15342065606871103 ) ) ;
#4879 = CARTESIAN_POINT ( 'NONE',  ( -75.53253410896418529, 8.054643552702982490, -24.52945284038164786 ) ) ;
#4880 = CARTESIAN_POINT ( 'NONE',  ( 20.38989551556587898, -21.55755916535962413, -22.62824215080782153 ) ) ;
#4881 = DIRECTION ( 'NONE',  ( 0.000000000000000000, 0.000000000000000000, 1.000000000000000000 ) ) ;
#4882 = EDGE_CURVE ( 'NONE', #3872, #711, #5963, .T. ) ;
#4883 = CARTESIAN_POINT ( 'NONE',  ( -74.77768383175860833, -20.55355916535961569, 70.89006495185046219 ) ) ;
#4884 = ORIENTED_EDGE ( 'NONE', *, *, #353, .F. ) ;
#4885 = CIRCLE ( 'NONE', #2194, 1.250000000000001110 ) ;
#4886 = DIRECTION ( 'NONE',  ( 0.000000000000000000, 0.000000000000000000, 1.000000000000000000 ) ) ;
#4887 = FACE_OUTER_BOUND ( 'NONE', #7316, .T. ) ;
#4888 = AXIS2_PLACEMENT_3D ( 'NONE', #6123, #6661, #866 ) ;
#4889 = ADVANCED_FACE ( 'NONE', ( #3701 ), #2380, .T. ) ;
#4890 = CARTESIAN_POINT ( 'NONE',  ( 14.69737951235233986, 8.992513638545661436, -23.90099399121370283 ) ) ;
#4891 = CARTESIAN_POINT ( 'NONE',  ( 14.60188099959308516, 9.044040304694798138, -23.83802777257761463 ) ) ;
#4892 = CARTESIAN_POINT ( 'NONE',  ( -64.87768383176140219, 8.248440834640383912, 10.69006495185253591 ) ) ;
#4893 = ORIENTED_EDGE ( 'NONE', *, *, #5777, .F. ) ;
#4894 = CARTESIAN_POINT ( 'NONE',  ( 19.58104446899210416, 8.642863729249027571, -23.70091468693220804 ) ) ;
#4895 = ORIENTED_EDGE ( 'NONE', *, *, #36, .T. ) ;
#4896 = DIRECTION ( 'NONE',  ( 0.000000000000000000, 0.000000000000000000, -1.000000000000000000 ) ) ;
#4897 = CARTESIAN_POINT ( 'NONE',  ( 13.51866669204857274, 9.448440834640383201, 72.40101847777251010 ) ) ;
#4898 = EDGE_CURVE ( 'NONE', #6473, #696, #5432, .T. ) ;
#4899 = CARTESIAN_POINT ( 'NONE',  ( -71.68149287437107375, 9.464668978626805895, 72.53730250043616934 ) ) ;
#4900 = VERTEX_POINT ( 'NONE', #6568 ) ;
#4901 = CARTESIAN_POINT ( 'NONE',  ( -77.71249805673528499, -21.55755916535962768, -23.18953020642636531 ) ) ;
#4902 = DIRECTION ( 'NONE',  ( -1.000000000000000000, 0.000000000000000000, 7.709882115452428863E-16 ) ) ;
#4903 = CARTESIAN_POINT ( 'NONE',  ( -8.777683831760253241, -20.55655916577720532, 50.89006495185251566 ) ) ;
#4904 = EDGE_LOOP ( 'NONE', ( #1477, #5972, #6218, #1289 ) ) ;
#4905 = CARTESIAN_POINT ( 'NONE',  ( -75.69086542164833986, -15.55155916535961858, 73.80278962720933578 ) ) ;
#4906 = CARTESIAN_POINT ( 'NONE',  ( 18.47767376694772778, 8.061416813207516796, -24.59292972668544053 ) ) ;
#4907 = DIRECTION ( 'NONE',  ( 0.000000000000000000, 0.000000000000000000, 1.000000000000000000 ) ) ;
#4908 = VERTEX_POINT ( 'NONE', #1304 ) ;
#4909 = CARTESIAN_POINT ( 'NONE',  ( -74.77768383175860833, 9.448440834640395636, 65.89006495185046219 ) ) ;
#4910 = CARTESIAN_POINT ( 'NONE',  ( 18.73326969416356746, 9.448440834640386754, -17.40628557195674020 ) ) ;
#4911 = CARTESIAN_POINT ( 'NONE',  ( -53.97768383176140361, 9.448440834640383201, 21.19006495185253058 ) ) ;
#4912 = CARTESIAN_POINT ( 'NONE',  ( -67.57768383176137661, 8.248440834640383912, 28.59006495185253272 ) ) ;
#4913 = CARTESIAN_POINT ( 'NONE',  ( 17.22231616824143430, -20.55355916535961569, 74.39006495185043377 ) ) ;
#4914 = DIRECTION ( 'NONE',  ( 0.000000000000000000, 0.000000000000000000, -1.000000000000000000 ) ) ;
#4915 = CARTESIAN_POINT ( 'NONE',  ( -76.18828206738356812, 8.436213256733871901, -24.31698928934257253 ) ) ;
#4916 = CARTESIAN_POINT ( 'NONE',  ( -71.07403435556544480, 9.448440834640386754, 72.40101847777182797 ) ) ;
#4917 = CARTESIAN_POINT ( 'NONE',  ( -77.44496276603067031, 9.088635658409032203, -18.40415750693675179 ) ) ;
#4918 = CARTESIAN_POINT ( 'NONE',  ( -64.87768383176140219, 8.248440834640383912, -17.90993504814754900 ) ) ;
#4919 = CIRCLE ( 'NONE', #4073, 0.7999999999999951594 ) ;
#4920 = DIRECTION ( 'NONE',  ( 0.000000000000000000, 0.000000000000000000, 1.000000000000000000 ) ) ;
#4921 = AXIS2_PLACEMENT_3D ( 'NONE', #4183, #7591, #2259 ) ;
#4922 = ORIENTED_EDGE ( 'NONE', *, *, #5122, .F. ) ;
#4923 = CARTESIAN_POINT ( 'NONE',  ( -71.80142427874689304, 9.222333842785147340, 73.33945818975855957 ) ) ;
#4924 = AXIS2_PLACEMENT_3D ( 'NONE', #4439, #1516, #3874 ) ;
#4925 = CARTESIAN_POINT ( 'NONE',  ( 20.29440050342321911, 8.948440834640388530, 69.21307424301191702 ) ) ;
#4926 = AXIS2_PLACEMENT_3D ( 'NONE', #5142, #6978, #966 ) ;
#4927 = ADVANCED_FACE ( 'NONE', ( #5994 ), #4094, .T. ) ;
#4928 = CARTESIAN_POINT ( 'NONE',  ( 14.51653862702743325, 9.088635658409341289, -23.77721398242124096 ) ) ;
#4929 = CARTESIAN_POINT ( 'NONE',  ( 17.71464146713974230, 7.809605726000616421, -24.58895518094172772 ) ) ;
#4930 = CARTESIAN_POINT ( 'NONE',  ( 18.13549775814601261, 8.052076284346085799, 74.30774977605726406 ) ) ;
#4931 = ORIENTED_EDGE ( 'NONE', *, *, #3158, .F. ) ;
#4932 = CARTESIAN_POINT ( 'NONE',  ( 20.14163088523104506, 8.747320617770141027, -23.06867095022808911 ) ) ;
#4933 = ORIENTED_EDGE ( 'NONE', *, *, #91, .T. ) ;
#4934 = AXIS2_PLACEMENT_3D ( 'NONE', #332, #2669, #5016 ) ;
#4935 = EDGE_CURVE ( 'NONE', #7517, #1170, #4698, .T. ) ;
#4936 = CARTESIAN_POINT ( 'NONE',  ( 13.58609949775462944, 9.448440834640411623, -22.70643746901720306 ) ) ;
#4937 = CARTESIAN_POINT ( 'NONE',  ( -72.30419364843000096, 9.214276729994628212, 73.37885784728008787 ) ) ;
#4938 = ORIENTED_EDGE ( 'NONE', *, *, #5691, .F. ) ;
#4939 = CARTESIAN_POINT ( 'NONE',  ( -78.53723510924932327, -20.55155916535962035, 72.76981352494750865 ) ) ;
#4940 = CIRCLE ( 'NONE', #4457, 1.250000000000001110 ) ;
#4941 = CARTESIAN_POINT ( 'NONE',  ( 3.733269694163487973, 8.648440834640384267, 33.39006495185043377 ) ) ;
#4942 = ORIENTED_EDGE ( 'NONE', *, *, #7347, .T. ) ;
#4943 = CARTESIAN_POINT ( 'NONE',  ( 20.98186744573202489, -20.55155916535962035, -22.98968362124676545 ) ) ;
#4944 = CARTESIAN_POINT ( 'NONE',  ( 19.14781604088185318, 8.544942532292091997, -24.06129075750021329 ) ) ;
#4945 = EDGE_CURVE ( 'NONE', #6967, #4575, #526, .T. ) ;
#4946 = EDGE_CURVE ( 'NONE', #361, #3908, #3051, .T. ) ;
#4947 = AXIS2_PLACEMENT_3D ( 'NONE', #6092, #2595, #5669 ) ;
#4948 = CARTESIAN_POINT ( 'NONE',  ( 18.40863458077126680, 8.216420123154065891, -24.45785113304490821 ) ) ;
#4949 = ORIENTED_EDGE ( 'NONE', *, *, #1307, .T. ) ;
#4950 = FACE_OUTER_BOUND ( 'NONE', #1599, .T. ) ;
#4951 = B_SPLINE_CURVE_WITH_KNOTS ( 'NONE', 3,
 ( #2840, #5191, #7533, #1007, #3285, #3971, #2730, #5614, #2192, #5040, #5079, #3319 ),
 .UNSPECIFIED., .F., .F.,
 ( 4, 2, 2, 2, 2, 4 ),
 ( 0.000000000000000000, 0.0008834104337399769323, 0.001325115650609965398, 0.001766820867479953865, 0.002650231301219930797, 0.003533641734959907729 ),
 .UNSPECIFIED. ) ;
#4952 = CARTESIAN_POINT ( 'NONE',  ( 19.52185009873263866, 9.327239211377252204, -18.20192769362228091 ) ) ;
#4953 = AXIS2_PLACEMENT_3D ( 'NONE', #4316, #3123, #7223 ) ;
#4954 = CARTESIAN_POINT ( 'NONE',  ( -75.69086542163880438, -21.55755916535962413, 74.11755074958327327 ) ) ;
#4955 = CARTESIAN_POINT ( 'NONE',  ( -70.15787326530769974, -15.55155916535962213, 72.80248497112151540 ) ) ;
#4956 = DIRECTION ( 'NONE',  ( -0.000000000000000000, -1.000000000000000000, 0.000000000000000000 ) ) ;
#4957 = CARTESIAN_POINT ( 'NONE',  ( 18.13549775812072795, -20.55155916535962035, -24.28469861991581524 ) ) ;
#4958 = EDGE_CURVE ( 'NONE', #111, #1441, #896, .T. ) ;
#4959 = CARTESIAN_POINT ( 'NONE',  ( -77.72504509459317035, 8.476919711632341148, -23.13625330469450603 ) ) ;
#4960 = CIRCLE ( 'NONE', #4350, 0.4999999999999999445 ) ;
#4961 = CARTESIAN_POINT ( 'NONE',  ( -74.96355753488768414, 7.667234662095864017, -24.60903650445545310 ) ) ;
#4962 = CARTESIAN_POINT ( 'NONE',  ( -76.42492138034485549, 9.464668978626731288, -18.01374409076284167 ) ) ;
#4963 = CARTESIAN_POINT ( 'NONE',  ( -78.16101859167822852, 8.304569891660539938, 69.97136202353610201 ) ) ;
#4964 = DIRECTION ( 'NONE',  ( -1.000000000000000000, 0.000000000000000000, 0.000000000000000000 ) ) ;
#4965 = ORIENTED_EDGE ( 'NONE', *, *, #2137, .T. ) ;
#4966 = CARTESIAN_POINT ( 'NONE',  ( -72.15724866310542041, 9.044040304697301025, 73.61815767627503249 ) ) ;
#4967 = CARTESIAN_POINT ( 'NONE',  ( 19.66126103853431317, 9.448440834640383201, 69.07819262687787898 ) ) ;
#4968 = FACE_BOUND ( 'NONE', #4409, .T. ) ;
#4969 = DIRECTION ( 'NONE',  ( -0.000000000000000000, -0.000000000000000000, -1.000000000000000000 ) ) ;
#4970 = CARTESIAN_POINT ( 'NONE',  ( 17.22231616824143430, -13.55155916535961858, 70.89006495185043377 ) ) ;
#4971 = VERTEX_POINT ( 'NONE', #5316 ) ;
#4972 = CARTESIAN_POINT ( 'NONE',  ( 8.722316168239592216, 7.448440834640384978, -17.85993504814758737 ) ) ;
#4973 = EDGE_LOOP ( 'NONE', ( #5747, #2631 ) ) ;
#4974 = ORIENTED_EDGE ( 'NONE', *, *, #2270, .T. ) ;
#4975 = CARTESIAN_POINT ( 'NONE',  ( -66.77768383176139366, -20.55655916577720532, 20.39006495185253343 ) ) ;
#4976 = CARTESIAN_POINT ( 'NONE',  ( -73.10069312292016264, 9.448440834640383201, -24.18201938333139012 ) ) ;
#4977 = CARTESIAN_POINT ( 'NONE',  ( -71.05974323931889103, 9.448239009812752442, 72.37260618153894143 ) ) ;
#4978 = ORIENTED_EDGE ( 'NONE', *, *, #6165, .T. ) ;
#4979 = CARTESIAN_POINT ( 'NONE',  ( -78.69040850711752455, -15.55155916535961858, 71.80324654174016530 ) ) ;
#4980 = CARTESIAN_POINT ( 'NONE',  ( -78.14883807507652591, 8.061418505508024523, -22.85035331578803408 ) ) ;
#4981 = AXIS2_PLACEMENT_3D ( 'NONE', #4994, #2068, #3071 ) ;
#4982 = EDGE_LOOP ( 'NONE', ( #6979, #4227, #5970 ) ) ;
#4983 = CARTESIAN_POINT ( 'NONE',  ( 19.13666300036956969, -15.55155916535916027, 73.53887596431145823 ) ) ;
#4984 = CARTESIAN_POINT ( 'NONE',  ( 20.70653389955276324, 7.829588582903716620, 70.55418640588267465 ) ) ;
#4985 = EDGE_CURVE ( 'NONE', #1529, #7283, #1018, .T. ) ;
#4986 = EDGE_CURVE ( 'NONE', #2456, #7517, #627, .T. ) ;
#4987 = AXIS2_PLACEMENT_3D ( 'NONE', #1716, #5250, #7046 ) ;
#4988 = CARTESIAN_POINT ( 'NONE',  ( -55.57768383176139793, 8.248440834640383912, 28.59006495185253272 ) ) ;
#4989 = ORIENTED_EDGE ( 'NONE', *, *, #4794, .T. ) ;
#4990 = CARTESIAN_POINT ( 'NONE',  ( -28.77768383176202605, -20.55655916577720532, 70.39006495185253698 ) ) ;
#4991 = EDGE_CURVE ( 'NONE', #2933, #7234, #1380, .T. ) ;
#4992 = CARTESIAN_POINT ( 'NONE',  ( 0.000000000000000000, 7.448440834640383201, 72.40101847777251010 ) ) ;
#4993 = CARTESIAN_POINT ( 'NONE',  ( 18.15265522432544287, 8.314134953978799203, -24.48671728537347292 ) ) ;
#4994 = CARTESIAN_POINT ( 'NONE',  ( -28.77768383176202605, 8.648440834640384267, 52.59006495185253272 ) ) ;
#4995 = CARTESIAN_POINT ( 'NONE',  ( -76.42450580288080175, -0.3354571777059418558, -16.38676949754026779 ) ) ;
#4996 = CARTESIAN_POINT ( 'NONE',  ( -74.54320386339540505, 7.762072216016268733, -24.60244227666921546 ) ) ;
#4997 = VERTEX_POINT ( 'NONE', #46 ) ;
#4998 = CARTESIAN_POINT ( 'NONE',  ( -64.87768383176140219, 8.648440834640384267, -17.90993504814754900 ) ) ;
#4999 = EDGE_CURVE ( 'NONE', #4335, #3804, #1505, .T. ) ;
#5000 = ADVANCED_FACE ( 'NONE', ( #1779 ), #3600, .T. ) ;
#5001 = CARTESIAN_POINT ( 'NONE',  ( 18.44182055559942413, -21.55755916535962413, -24.33742083666417955 ) ) ;
#5002 = CARTESIAN_POINT ( 'NONE',  ( 12.60250560179055412, -15.55155916535962213, 72.80248497112151540 ) ) ;
#5003 = VERTEX_POINT ( 'NONE', #4734 ) ;
#5004 = CARTESIAN_POINT ( 'NONE',  ( -73.93159751289749693, 8.011754687178562762, 74.32446639335692851 ) ) ;
#5005 = CARTESIAN_POINT ( 'NONE',  ( 20.20015957957871322, 9.006664548481065680, 69.04043401051099238 ) ) ;
#5006 = CARTESIAN_POINT ( 'NONE',  ( -74.77768383175860833, 8.948440834640383201, 74.39006495185046219 ) ) ;
#5007 = CARTESIAN_POINT ( 'NONE',  ( 17.19862876160392418, 7.632442147435081203, -24.61243379721061331 ) ) ;
#5008 = CARTESIAN_POINT ( 'NONE',  ( 18.13549775812072795, -20.55155916535962035, -24.28469861991581524 ) ) ;
#5009 = ORIENTED_EDGE ( 'NONE', *, *, #5358, .F. ) ;
#5010 = CARTESIAN_POINT ( 'NONE',  ( 18.30208498777719228, 8.406233476640087687, -24.44291523941775424 ) ) ;
#5011 = VERTEX_POINT ( 'NONE', #1237 ) ;
#5012 = VERTEX_POINT ( 'NONE', #4773 ) ;
#5013 = LINE ( 'NONE', #2627, #5541 ) ;
#5014 = AXIS2_PLACEMENT_3D ( 'NONE', #2760, #5107, #6977 ) ;
#5015 = CARTESIAN_POINT ( 'NONE',  ( -78.02190100181243793, 8.333974080385880612, 72.36033778041996811 ) ) ;
#5016 = DIRECTION ( 'NONE',  ( 0.000000000000000000, 0.000000000000000000, 1.000000000000000000 ) ) ;
#5017 = ORIENTED_EDGE ( 'NONE', *, *, #6310, .F. ) ;
#5018 = CARTESIAN_POINT ( 'NONE',  ( -75.69086542164833986, -20.55155916535962035, -25.02265972350847889 ) ) ;
#5019 = CARTESIAN_POINT ( 'NONE',  ( -76.03489093803864307, 7.483343539463001015, -24.60298381699201187 ) ) ;
#5020 = ORIENTED_EDGE ( 'NONE', *, *, #5859, .T. ) ;
#5021 = CARTESIAN_POINT ( 'NONE',  ( 20.98186744573202489, -15.55155916535961858, -22.98968362124676545 ) ) ;
#5022 = AXIS2_PLACEMENT_3D ( 'NONE', #6941, #2293, #2872 ) ;
#5023 = DIRECTION ( 'NONE',  ( 0.000000000000000000, 0.000000000000000000, -1.000000000000000000 ) ) ;
#5024 = CARTESIAN_POINT ( 'NONE',  ( 18.73326969416348575, 9.448440834640383201, 67.18641547565756866 ) ) ;
#5025 = ORIENTED_EDGE ( 'NONE', *, *, #6766, .F. ) ;
#5026 =( NAMED_UNIT ( * ) SI_UNIT ( $, .STERADIAN. ) SOLID_ANGLE_UNIT ( ) );
#5027 = EDGE_CURVE ( 'NONE', #3244, #5879, #2608, .T. ) ;
#5028 = CARTESIAN_POINT ( 'NONE',  ( 17.22231616824142364, -13.55155916535961858, -21.10993504814957689 ) ) ;
#5029 = DIRECTION ( 'NONE',  ( -1.000000000000000000, 0.000000000000000000, 0.000000000000000000 ) ) ;
#5030 = CARTESIAN_POINT ( 'NONE',  ( -28.77768383176221079, 8.248440834640383912, 39.89006495185252987 ) ) ;
#5031 = CARTESIAN_POINT ( 'NONE',  ( -76.94850278046057213, 9.448440834640203789, -18.26763989938008237 ) ) ;
#5032 = EDGE_CURVE ( 'NONE', #2207, #5156, #5926, .T. ) ;
#5033 = CARTESIAN_POINT ( 'NONE',  ( 20.71978283714839364, 7.713194272294419562, -20.96476792817703227 ) ) ;
#5034 = CARTESIAN_POINT ( 'NONE',  ( -73.84938178095215733, 8.060620197517469165, -24.52960945431723516 ) ) ;
#5035 = ORIENTED_EDGE ( 'NONE', *, *, #2396, .F. ) ;
#5036 = ADVANCED_FACE ( 'NONE', ( #7073 ), #4674, .T. ) ;
#5037 = DIRECTION ( 'NONE',  ( 0.000000000000000000, -1.000000000000000000, 0.000000000000000000 ) ) ;
#5038 = CARTESIAN_POINT ( 'NONE',  ( 20.21540370477776705, -21.55755916535962413, -23.04943866441439582 ) ) ;
#5039 = PRODUCT ( 'Top Cover', 'Top Cover', '', ( #7436 ) ) ;
#5040 = CARTESIAN_POINT ( 'NONE',  ( -76.28556864985125685, -20.55155916535766636, 74.00512454291460074 ) ) ;
#5041 = ORIENTED_EDGE ( 'NONE', *, *, #2828, .T. ) ;
#5042 = DIRECTION ( 'NONE',  ( 0.000000000000000000, -1.000000000000000000, 0.000000000000000000 ) ) ;
#5043 = EDGE_CURVE ( 'NONE', #4392, #6657, #1964, .T. ) ;
#5044 = CARTESIAN_POINT ( 'NONE',  ( 14.05492636972729770, 9.951699474725662853, -22.61717063612673684 ) ) ;
#5045 = VECTOR ( 'NONE', #6223, 1000.000000000000000 ) ;
#5046 = CARTESIAN_POINT ( 'NONE',  ( 15.76473375410730782, 8.377809666584854043, -24.39722757041822021 ) ) ;
#5047 = DIRECTION ( 'NONE',  ( -0.7896809462061343821, -0.5849067275048419612, -0.1851705249724176217 ) ) ;
#5048 = VERTEX_POINT ( 'NONE', #1352 ) ;
#5049 = CARTESIAN_POINT ( 'NONE',  ( 19.03564786715037016, 8.702053109628661076, -24.10807776953324932 ) ) ;
#5050 = VERTEX_POINT ( 'NONE', #2660 ) ;
#5051 = VERTEX_POINT ( 'NONE', #6039 ) ;
#5052 = AXIS2_PLACEMENT_3D ( 'NONE', #1149, #1765, #3502 ) ;
#5053 = CARTESIAN_POINT ( 'NONE',  ( 13.80962488698491875, 9.428102832330466754, -22.95567062444046158 ) ) ;
#5054 = TOROIDAL_SURFACE ( 'NONE', #6636, 9.299999999999998934, 0.8000000000000000444 ) ;
#5055 = CARTESIAN_POINT ( 'NONE',  ( -77.95755817650635322, 8.380518955291890393, 72.50546651662727982 ) ) ;
#5056 = ORIENTED_EDGE ( 'NONE', *, *, #6339, .F. ) ;
#5057 = CARTESIAN_POINT ( 'NONE',  ( -77.19571641941746520, -20.55155916535961325, 74.40531889311155567 ) ) ;
#5058 = VECTOR ( 'NONE', #4144, 1000.000000000000000 ) ;
#5059 = VECTOR ( 'NONE', #1650, 1000.000000000000000 ) ;
#5060 = ORIENTED_EDGE ( 'NONE', *, *, #7279, .T. ) ;
#5061 = CARTESIAN_POINT ( 'NONE',  ( 20.64000099245373221, 8.052076284328681055, 71.80324654172980559 ) ) ;
#5062 = DIRECTION ( 'NONE',  ( 0.000000000000000000, -1.000000000000000000, 0.000000000000000000 ) ) ;
#5063 = AXIS2_PLACEMENT_3D ( 'NONE', #7342, #2074, #351 ) ;
#5064 = CARTESIAN_POINT ( 'NONE',  ( -78.11070899222332287, 8.406090002767404812, 71.96963567918000138 ) ) ;
#5065 = VERTEX_POINT ( 'NONE', #6196 ) ;
#5066 = FILL_AREA_STYLE ('',( #4414 ) ) ;
#5067 = CARTESIAN_POINT ( 'NONE',  ( -76.99899798620428726, 8.776932067063469844, 73.60022526650872976 ) ) ;
#5068 = CARTESIAN_POINT ( 'NONE',  ( 19.62970010930035158, -20.55155916536011418, 73.50746440802969062 ) ) ;
#5069 = LINE ( 'NONE', #7298, #1751 ) ;
#5070 = CARTESIAN_POINT ( 'NONE',  ( 12.60250560179054169, -15.55155916535962035, -23.02235506742066562 ) ) ;
#5071 = AXIS2_PLACEMENT_3D ( 'NONE', #4248, #6463, #2390 ) ;
#5072 = FACE_BOUND ( 'NONE', #6336, .T. ) ;
#5073 = CARTESIAN_POINT ( 'NONE',  ( 18.13549775814601261, 8.052076284346085799, 74.30774977605726406 ) ) ;
#5074 = ORIENTED_EDGE ( 'NONE', *, *, #3593, .T. ) ;
#5075 = AXIS2_PLACEMENT_3D ( 'NONE', #5606, #1034, #3388 ) ;
#5076 = CARTESIAN_POINT ( 'NONE',  ( -78.17412437767055167, 8.136072262625591023, -20.23955276233781220 ) ) ;
#5077 = CARTESIAN_POINT ( 'NONE',  ( 18.30188689559129500, 8.406090002776332781, 74.22309011230851183 ) ) ;
#5078 = EDGE_CURVE ( 'NONE', #4900, #5902, #4430, .T. ) ;
#5079 = CARTESIAN_POINT ( 'NONE',  ( -75.99010283175346103, -20.55155916535766991, 74.06482851483931995 ) ) ;
#5080 = VERTEX_POINT ( 'NONE', #6615 ) ;
#5081 = FACE_OUTER_BOUND ( 'NONE', #5854, .T. ) ;
#5082 = EDGE_CURVE ( 'NONE', #2400, #719, #6041, .T. ) ;
#5083 = CARTESIAN_POINT ( 'NONE',  ( -66.27768383176041311, 7.448440834640384978, 11.89006495185241441 ) ) ;
#5084 = ADVANCED_FACE ( 'NONE', ( #2621 ), #7350, .T. ) ;
#5085 = CYLINDRICAL_SURFACE ( 'NONE', #4572, 1.249999999999997558 ) ;
#5086 = CARTESIAN_POINT ( 'NONE',  ( 19.29360804487670933, 7.483345632589632146, 74.13497285504708145 ) ) ;
#5087 = DIRECTION ( 'NONE',  ( -1.000000000000000000, 0.000000000000000000, 0.000000000000000000 ) ) ;
#5088 = ORIENTED_EDGE ( 'NONE', *, *, #3489, .T. ) ;
#5089 = CARTESIAN_POINT ( 'NONE',  ( 20.73296508447627673, 7.483345647514946464, -22.02311663803510910 ) ) ;
#5090 = CARTESIAN_POINT ( 'NONE',  ( -71.23294539941434778, 9.448440829728475876, -22.76474798723949178 ) ) ;
#5091 = ORIENTED_EDGE ( 'NONE', *, *, #2179, .F. ) ;
#5092 = CARTESIAN_POINT ( 'NONE',  ( 3.733269694163487973, -20.55655916577720532, 24.89006495185043377 ) ) ;
#5093 = CARTESIAN_POINT ( 'NONE',  ( -76.52017147282548137, 8.061418515298694132, -24.48030252052842570 ) ) ;
#5094 = EDGE_CURVE ( 'NONE', #1250, #2548, #5795, .T. ) ;
#5095 = CARTESIAN_POINT ( 'NONE',  ( 8.722316168239592216, 7.448440834640384978, -19.10993504814758737 ) ) ;
#5096 = ORIENTED_EDGE ( 'NONE', *, *, #6528, .T. ) ;
#5097 = CARTESIAN_POINT ( 'NONE',  ( 21.13504084359824731, -20.55155916535961680, -22.22121111215999534 ) ) ;
#5098 = CARTESIAN_POINT ( 'NONE',  ( 20.70278272281634813, 7.801986561060573422, 71.36847705053286006 ) ) ;
#5099 = CARTESIAN_POINT ( 'NONE',  ( 19.88269045015819714, 9.191776543908490638, 68.47881467076156525 ) ) ;
#5100 = ORIENTED_EDGE ( 'NONE', *, *, #5691, .T. ) ;
#5101 = FACE_OUTER_BOUND ( 'NONE', #4509, .T. ) ;
#5102 = AXIS2_PLACEMENT_3D ( 'NONE', #5113, #4009, #4608 ) ;
#5103 = CARTESIAN_POINT ( 'NONE',  ( -66.77768383176139366, 8.648440834640384267, 21.19006495185253058 ) ) ;
#5104 = DIRECTION ( 'NONE',  ( -0.000000000000000000, -1.000000000000000000, 0.000000000000000000 ) ) ;
#5105 = CARTESIAN_POINT ( 'NONE',  ( -76.77501438808521073, 9.448440834640383201, -18.34083437120425586 ) ) ;
#5106 = AXIS2_PLACEMENT_3D ( 'NONE', #6598, #3695, #6021 ) ;
#5107 = DIRECTION ( 'NONE',  ( -1.000000000000000000, 0.000000000000000000, 0.000000000000000000 ) ) ;
#5108 = DIRECTION ( 'NONE',  ( -0.000000000000000000, 1.000000000000000000, -0.000000000000000000 ) ) ;
#5109 = VERTEX_POINT ( 'NONE', #2008 ) ;
#5110 = CARTESIAN_POINT ( 'NONE',  ( 18.07629832609646670, 8.124720590884855653, 74.28475194794938830 ) ) ;
#5111 = AXIS2_PLACEMENT_3D ( 'NONE', #7028, #4089, #3794 ) ;
#5112 = CARTESIAN_POINT ( 'NONE',  ( 19.92223456939167647, 8.633346129253899548, 73.12332486064003945 ) ) ;
#5113 = CARTESIAN_POINT ( 'NONE',  ( -74.77768383175860833, -13.55155916535961858, -21.10993504814956268 ) ) ;
#5114 = ORIENTED_EDGE ( 'NONE', *, *, #1572, .F. ) ;
#5115 = CARTESIAN_POINT ( 'NONE',  ( 3.733269694163488861, 8.248440834640383912, 16.39006495185043377 ) ) ;
#5116 = CARTESIAN_POINT ( 'NONE',  ( 21.13504084360030788, -15.55155916535961858, -22.02311663803929775 ) ) ;
#5117 = EDGE_CURVE ( 'NONE', #1862, #5879, #2734, .T. ) ;
#5118 = CARTESIAN_POINT ( 'NONE',  ( -77.30973632025029474, 9.448440834640383201, 69.26732414663923976 ) ) ;
#5119 = CARTESIAN_POINT ( 'NONE',  ( 18.13549775811983977, 8.544942533841499710, 74.07364635738264269 ) ) ;
#5120 = CARTESIAN_POINT ( 'NONE',  ( -78.31185419305533912, -15.55155916535962035, 73.31394824372787866 ) ) ;
#5121 = ORIENTED_EDGE ( 'NONE', *, *, #5738, .F. ) ;
#5122 = EDGE_CURVE ( 'NONE', #4908, #7587, #277, .T. ) ;
#5123 = DIRECTION ( 'NONE',  ( 1.000000000000000000, 0.000000000000000000, -1.284980352575409001E-16 ) ) ;
#5124 = EDGE_LOOP ( 'NONE', ( #6745, #5928, #4736, #3124 ) ) ;
#5125 = CARTESIAN_POINT ( 'NONE',  ( -73.10069312292009158, 8.948440834640393859, 73.96214928703224700 ) ) ;
#5126 = EDGE_CURVE ( 'NONE', #5759, #2268, #6342, .T. ) ;
#5127 = CARTESIAN_POINT ( 'NONE',  ( 8.722316168239592216, -20.55655916577720532, -19.10993504814758737 ) ) ;
#5128 = DIRECTION ( 'NONE',  ( 0.000000000000000000, 1.000000000000000000, -0.000000000000000000 ) ) ;
#5129 = ORIENTED_EDGE ( 'NONE', *, *, #3633, .F. ) ;
#5130 = CARTESIAN_POINT ( 'NONE',  ( 20.83145766433950996, -15.55155916535961502, -23.35277435123683532 ) ) ;
#5131 = CARTESIAN_POINT ( 'NONE',  ( 20.71743155832620786, 7.701992840664068751, 70.69544649256468460 ) ) ;
#5132 = ADVANCED_FACE ( 'NONE', ( #6809 ), #5085, .F. ) ;
#5133 = B_SPLINE_SURFACE_WITH_KNOTS ( 'NONE', 3, 1, ( 
 ( #1860, #7235 ),
 ( #125, #2475 ),
 ( #3134, #5395 ),
 ( #6549, #6008 ),
 ( #1358, #1398 ),
 ( #90, #675 ),
 ( #4214, #7118 ),
 ( #3092, #6501 ),
 ( #3759, #4818 ),
 ( #5474, #6621 ),
 ( #169, #3175 ),
 ( #1283, #2513 ),
 ( #50, #7162 ),
 ( #7200, #4740 ),
 ( #7079, #3645 ),
 ( #5973, #4859 ) ),
 .UNSPECIFIED., .F., .F., .F.,
 ( 4, 2, 2, 2, 2, 2, 2, 4 ),
 ( 2, 2 ),
 ( 0.000000000000000000, 0.1250000000000000000, 0.2500000000000000000, 0.3750000000000000000, 0.5000000000000000000, 0.6250000000000000000, 0.7500000000000000000, 1.000000000000000000 ),
 ( 0.000000000000000000, 1.000000000000000000 ),
 .UNSPECIFIED. ) ;
#5134 = DIRECTION ( 'NONE',  ( -7.709882115452479153E-16, 0.000000000000000000, -1.000000000000000000 ) ) ;
#5135 = ORIENTED_EDGE ( 'NONE', *, *, #5256, .F. ) ;
#5136 = DIRECTION ( 'NONE',  ( 7.709882115452479153E-16, 0.000000000000000000, 1.000000000000000000 ) ) ;
#5137 = VECTOR ( 'NONE', #3837, 1000.000000000000000 ) ;
#5138 = CARTESIAN_POINT ( 'NONE',  ( -66.47768383176139650, 9.448440834640383201, -16.30993504814755468 ) ) ;
#5139 = CARTESIAN_POINT ( 'NONE',  ( -28.77768383176221079, 8.648440834640384267, 31.39006495185252987 ) ) ;
#5140 = FACE_BOUND ( 'NONE', #2747, .T. ) ;
#5141 = CARTESIAN_POINT ( 'NONE',  ( 15.78489556066560517, 9.448440834640395636, 73.52328009629198391 ) ) ;
#5142 = CARTESIAN_POINT ( 'NONE',  ( -48.77768383176253764, 8.248440834640383912, 60.19006495185251993 ) ) ;
#5143 = ORIENTED_EDGE ( 'NONE', *, *, #5400, .T. ) ;
#5144 = DIRECTION ( 'NONE',  ( 0.000000000000000000, 0.000000000000000000, 1.000000000000000000 ) ) ;
#5145 = CARTESIAN_POINT ( 'NONE',  ( 17.04064987030302092, 7.730273955569655797, 74.38579007757169848 ) ) ;
#5146 = CARTESIAN_POINT ( 'NONE',  ( 18.07629832610538045, 8.124720590899070061, 74.28475194794700087 ) ) ;
#5147 = DIRECTION ( 'NONE',  ( 0.000000000000000000, 0.000000000000000000, 1.000000000000000000 ) ) ;
#5148 = ORIENTED_EDGE ( 'NONE', *, *, #6962, .F. ) ;
#5149 = DIRECTION ( 'NONE',  ( 0.000000000000000000, 0.000000000000000000, 1.000000000000000000 ) ) ;
#5150 = B_SPLINE_CURVE_WITH_KNOTS ( 'NONE', 3,
 ( #4404, #3217, #209, #827, #1517, #245, #7280, #3176, #4365, #6703, #3799, #5055, #5015, #5555, #3876, #7394 ),
 .UNSPECIFIED., .F., .F.,
 ( 4, 2, 2, 2, 2, 2, 2, 4 ),
 ( 2.689195726224178783E-15, 0.0004866952941947287874, 0.0009733905883867683198, 0.001460085882578808069, 0.001946781176770847601, 0.002920171765154955940, 0.003406867059347038190, 0.003893562353539120006 ),
 .UNSPECIFIED. ) ;
#5151 = CARTESIAN_POINT ( 'NONE',  ( -73.85898090344153388, 8.304569891662845649, -24.49326980806838350 ) ) ;
#5152 = CARTESIAN_POINT ( 'NONE',  ( 17.13945927431948135, 7.686655007328608846, -24.60956892792380302 ) ) ;
#5153 = CARTESIAN_POINT ( 'NONE',  ( -77.75551616580862913, 9.006671392223076111, 69.04041371799509363 ) ) ;
#5154 = CIRCLE ( 'NONE', #6136, 9.299999999999995381 ) ;
#5155 = DIRECTION ( 'NONE',  ( 0.000000000000000000, 0.000000000000000000, -1.000000000000000000 ) ) ;
#5156 = VERTEX_POINT ( 'NONE', #974 ) ;
#5157 = ADVANCED_FACE ( 'NONE', ( #399 ), #6193, .F. ) ;
#5158 = CARTESIAN_POINT ( 'NONE',  ( -78.27653775542869141, 7.695950993735276136, 70.99714271468992877 ) ) ;
#5159 = CARTESIAN_POINT ( 'NONE',  ( -74.16327493611612454, 8.045486530185844032, 74.33867368928446240 ) ) ;
#5160 = UNCERTAINTY_MEASURE_WITH_UNIT (LENGTH_MEASURE( 1.000000000000000082E-05 ), #2138, 'distance_accuracy_value', 'NONE');
#5161 = AXIS2_PLACEMENT_3D ( 'NONE', #5643, #2110, #6798 ) ;
#5162 = DIRECTION ( 'NONE',  ( 0.000000000000000000, 1.000000000000000000, -0.000000000000000000 ) ) ;
#5163 = CARTESIAN_POINT ( 'NONE',  ( 3.733269694163487973, 8.648440834640384267, 34.19006495185043804 ) ) ;
#5164 = ORIENTED_EDGE ( 'NONE', *, *, #6215, .F. ) ;
#5165 = CARTESIAN_POINT ( 'NONE',  ( 18.13549775813113385, -15.55155916535961858, -25.02265972350847179 ) ) ;
#5166 = AXIS2_PLACEMENT_3D ( 'NONE', #1990, #1414, #344 ) ;
#5167 = ADVANCED_FACE ( 'NONE', ( #5693 ), #1633, .T. ) ;
#5168 = AXIS2_PLACEMENT_3D ( 'NONE', #5598, #1482, #3918 ) ;
#5169 = VECTOR ( 'NONE', #5380, 1000.000000000000000 ) ;
#5170 = ADVANCED_FACE ( 'NONE', ( #4687 ), #3002, .F. ) ;
#5171 = CARTESIAN_POINT ( 'NONE',  ( 20.61138889574696975, 14.44844083464038142, -22.34732559898576199 ) ) ;
#5172 = ADVANCED_FACE ( 'NONE', ( #5272 ), #3587, .F. ) ;
#5173 = AXIS2_PLACEMENT_3D ( 'NONE', #2442, #4782, #1943 ) ;
#5174 = CARTESIAN_POINT ( 'NONE',  ( -78.02384723949235479, 8.332269630841663499, 72.35558378671477442 ) ) ;
#5175 = EDGE_LOOP ( 'NONE', ( #2715, #1121 ) ) ;
#5176 = DIRECTION ( 'NONE',  ( -0.000000000000000000, 0.000000000000000000, 1.000000000000000000 ) ) ;
#5177 = AXIS2_PLACEMENT_3D ( 'NONE', #6844, #2732, #5149 ) ;
#5178 = CARTESIAN_POINT ( 'NONE',  ( -75.45480246492763854, 8.099783894695276487, 74.32622428164567907 ) ) ;
#5179 = CARTESIAN_POINT ( 'NONE',  ( -78.23101455547171668, 7.928958336225762515, 71.59461232838484079 ) ) ;
#5180 = CARTESIAN_POINT ( 'NONE',  ( -76.93863934409692718, 9.369521232828235568, -18.02930482458425132 ) ) ;
#5181 = EDGE_CURVE ( 'NONE', #5622, #219, #7019, .T. ) ;
#5182 = CIRCLE ( 'NONE', #7510, 1.599999999999990319 ) ;
#5183 = CARTESIAN_POINT ( 'NONE',  ( 20.29440050342322266, 8.948440834640388530, -19.43294433931108856 ) ) ;
#5184 = DIRECTION ( 'NONE',  ( 0.000000000000000000, -1.000000000000000000, 0.000000000000000000 ) ) ;
#5185 = VERTEX_POINT ( 'NONE', #5306 ) ;
#5186 = DIRECTION ( 'NONE',  ( 0.000000000000000000, -1.000000000000000000, 0.000000000000000000 ) ) ;
#5187 = CARTESIAN_POINT ( 'NONE',  ( 17.40818987140296770, 7.667234662107081711, 74.38916640815509140 ) ) ;
#5188 = AXIS2_PLACEMENT_3D ( 'NONE', #4912, #658, #6417 ) ;
#5189 = CARTESIAN_POINT ( 'NONE',  ( -64.87768383176140219, 9.448440834640383201, 9.890064951852535202 ) ) ;
#5190 = EDGE_CURVE ( 'NONE', #4575, #329, #4683, .T. ) ;
#5191 = CARTESIAN_POINT ( 'NONE',  ( -77.95244739615247909, -20.55155916536312688, 72.09982630826064565 ) ) ;
#5192 = VERTEX_POINT ( 'NONE', #1416 ) ;
#5193 = EDGE_LOOP ( 'NONE', ( #4753, #2938, #6469, #7134 ) ) ;
#5194 = DIRECTION ( 'NONE',  ( -1.000000000000000000, 0.000000000000000000, -4.701147631373462191E-17 ) ) ;
#5195 = AXIS2_PLACEMENT_3D ( 'NONE', #6629, #4182, #684 ) ;
#5196 = CARTESIAN_POINT ( 'NONE',  ( -77.43782682010184715, -15.55155916535961680, -23.03021992312250532 ) ) ;
#5197 = CARTESIAN_POINT ( 'NONE',  ( 21.05697763190582350, -15.55155916535961858, -22.80830393192288241 ) ) ;
#5198 = CARTESIAN_POINT ( 'NONE',  ( -75.69086542164833986, -15.55155916535961858, 74.80278962720933578 ) ) ;
#5199 = CARTESIAN_POINT ( 'NONE',  ( 19.63188970134983435, 8.544942533169150423, 73.51778900218674551 ) ) ;
#5200 = AXIS2_PLACEMENT_3D ( 'NONE', #1625, #1120, #3938 ) ;
#5201 = FACE_OUTER_BOUND ( 'NONE', #4760, .T. ) ;
#5202 = ORIENTED_EDGE ( 'NONE', *, *, #5232, .F. ) ;
#5203 = CYLINDRICAL_SURFACE ( 'NONE', #1820, 3.500000000000003109 ) ;
#5204 = DIRECTION ( 'NONE',  ( 0.000000000000000000, 0.000000000000000000, 1.000000000000000000 ) ) ;
#5205 = CIRCLE ( 'NONE', #1527, 3.500000000000006661 ) ;
#5206 = DIRECTION ( 'NONE',  ( -0.8777383814805089779, 0.000000000000000000, 0.4791402025252906594 ) ) ;
#5207 = CARTESIAN_POINT ( 'NONE',  ( -71.68342205311434157, 9.372423822257456294, 73.03912422564806661 ) ) ;
#5208 = ORIENTED_EDGE ( 'NONE', *, *, #7417, .F. ) ;
#5209 = CARTESIAN_POINT ( 'NONE',  ( 20.09235004260894542, 7.483345640559537770, 73.51982089342077131 ) ) ;
#5210 = CARTESIAN_POINT ( 'NONE',  ( -28.77768383176202605, 8.648440834640384267, 61.89006495185253698 ) ) ;
#5211 = CARTESIAN_POINT ( 'NONE',  ( -75.57671772290470358, 8.202985146755167989, 74.29763664453732019 ) ) ;
#5212 = ORIENTED_EDGE ( 'NONE', *, *, #611, .T. ) ;
#5213 = CARTESIAN_POINT ( 'NONE',  ( 18.80764782390902212, 7.483343544035380823, -24.53767212504395090 ) ) ;
#5214 = CARTESIAN_POINT ( 'NONE',  ( -74.93532763138081521, 7.717912465767229335, 74.38721073960056174 ) ) ;
#5215 = CARTESIAN_POINT ( 'NONE',  ( -16.26673030583651069, 9.448440834640383201, 24.89006495185057233 ) ) ;
#5216 = CARTESIAN_POINT ( 'NONE',  ( -74.77768383175860833, 9.448440834640395636, 70.89006495185046219 ) ) ;
#5217 = AXIS2_PLACEMENT_3D ( 'NONE', #469, #1013, #2238 ) ;
#5218 = FACE_OUTER_BOUND ( 'NONE', #5249, .T. ) ;
#5219 = EDGE_CURVE ( 'NONE', #3499, #2989, #852, .T. ) ;
#5220 = CARTESIAN_POINT ( 'NONE',  ( -72.02022097947786961, 9.358908916493515306, -23.28053105516000798 ) ) ;
#5221 = EDGE_LOOP ( 'NONE', ( #6379, #1524, #4044, #2393, #6201 ) ) ;
#5222 = CARTESIAN_POINT ( 'NONE',  ( -16.26673030583651069, 9.448440834640383201, 24.89006495185057233 ) ) ;
#5223 = CARTESIAN_POINT ( 'NONE',  ( 18.13549775814603393, 8.052076284342625456, 74.30774977605834408 ) ) ;
#5224 = CARTESIAN_POINT ( 'NONE',  ( 17.22231616824142364, -15.55155916535962213, -22.70993504814958186 ) ) ;
#5225 = CARTESIAN_POINT ( 'NONE',  ( 19.51218167700136519, 9.300056510457681114, -17.96345914190244741 ) ) ;
#5226 = TOROIDAL_SURFACE ( 'NONE', #5473, 3.000000000000004441, 0.5000000000000000000 ) ;
#5227 = EDGE_LOOP ( 'NONE', ( #1874, #520, #1238, #3967 ) ) ;
#5228 = ORIENTED_EDGE ( 'NONE', *, *, #3413, .F. ) ;
#5229 = CARTESIAN_POINT ( 'NONE',  ( -75.69086542164833986, -20.55155916535962035, -25.02265972350847889 ) ) ;
#5230 = CARTESIAN_POINT ( 'NONE',  ( -75.57671772291514856, 8.202985146759774082, -24.51750674083385917 ) ) ;
#5231 = ADVANCED_FACE ( 'NONE', ( #3547 ), #6784, .T. ) ;
#5232 = EDGE_CURVE ( 'NONE', #3453, #2328, #6530, .T. ) ;
#5233 = AXIS2_PLACEMENT_3D ( 'NONE', #220, #104, #1337 ) ;
#5234 = CARTESIAN_POINT ( 'NONE',  ( -74.77768383175860833, 9.448440834640395636, -21.10993504814956268 ) ) ;
#5235 = CARTESIAN_POINT ( 'NONE',  ( 21.13504084359622937, -15.55155916535961858, -22.41587021319757156 ) ) ;
#5236 = CARTESIAN_POINT ( 'NONE',  ( -76.94846284037757300, 9.448440834640383201, 68.04771208311163377 ) ) ;
#5237 = CARTESIAN_POINT ( 'NONE',  ( 20.59347041148391355, 8.061418505509907462, 72.63048321970593690 ) ) ;
#5238 = FACE_OUTER_BOUND ( 'NONE', #4904, .T. ) ;
#5239 = ORIENTED_EDGE ( 'NONE', *, *, #2064, .T. ) ;
#5240 = CIRCLE ( 'NONE', #4384, 1.250000000000001110 ) ;
#5241 = CARTESIAN_POINT ( 'NONE',  ( -78.27741737896806740, 7.686451098051522379, 70.81962421830621679 ) ) ;
#5242 = DIRECTION ( 'NONE',  ( -0.000000000000000000, -1.000000000000000000, 0.000000000000000000 ) ) ;
#5243 = CARTESIAN_POINT ( 'NONE',  ( -48.77768383176253764, 8.248440834640383912, 42.39006495185252987 ) ) ;
#5244 = CARTESIAN_POINT ( 'NONE',  ( 21.13504084360030788, -17.21822583202628465, -22.02311663803929775 ) ) ;
#5245 = ORIENTED_EDGE ( 'NONE', *, *, #4049, .T. ) ;
#5246 = CARTESIAN_POINT ( 'NONE',  ( 20.69950736823479431, 7.483343549068460554, 72.22644021202006570 ) ) ;
#5247 = CARTESIAN_POINT ( 'NONE',  ( -65.97768383176141072, 7.448440834640383201, 19.59006495185253627 ) ) ;
#5248 = CARTESIAN_POINT ( 'NONE',  ( -74.69718013639838716, 7.638849044803354360, 74.39201203429469444 ) ) ;
#5249 = EDGE_LOOP ( 'NONE', ( #4213, #6926, #4938, #4978 ) ) ;
#5250 = DIRECTION ( 'NONE',  ( 0.000000000000000000, 1.000000000000000000, -0.000000000000000000 ) ) ;
#5251 = FACE_OUTER_BOUND ( 'NONE', #5378, .T. ) ;
#5252 = CARTESIAN_POINT ( 'NONE',  ( 18.13549775813112674, -15.55155916535961858, 74.80278962720933578 ) ) ;
#5253 = CARTESIAN_POINT ( 'NONE',  ( 20.73757010950320989, -20.55155916535961680, 73.30809753950963170 ) ) ;
#5254 = AXIS2_PLACEMENT_3D ( 'NONE', #1799, #1106, #4153 ) ;
#5255 = CARTESIAN_POINT ( 'NONE',  ( -75.69086542164623665, 7.483345647514946464, -24.62058396438444063 ) ) ;
#5256 = EDGE_CURVE ( 'NONE', #5051, #5109, #6407, .T. ) ;
#5257 = B_SPLINE_CURVE_WITH_KNOTS ( 'NONE', 1,
 ( #7485, #4530 ),
 .UNSPECIFIED., .F., .F.,
 ( 2, 2 ),
 ( 0.000000000000000000, 1.000000000000000000 ),
 .UNSPECIFIED. ) ;
#5258 = CARTESIAN_POINT ( 'NONE',  ( 20.44980196597424538, -21.55755916535962768, 71.80324654173303145 ) ) ;
#5259 = EDGE_LOOP ( 'NONE', ( #2494, #4005, #5074, #6597 ) ) ;
#5260 = CARTESIAN_POINT ( 'NONE',  ( -65.97768383176139650, 8.648440834640384267, 29.39006495185252987 ) ) ;
#5261 = PLANE ( 'NONE',  #2335 ) ;
#5262 = CARTESIAN_POINT ( 'NONE',  ( 19.67170940615284636, 9.222333842783516644, -18.13367549514145693 ) ) ;
#5263 = ORIENTED_EDGE ( 'NONE', *, *, #5043, .F. ) ;
#5264 = ORIENTED_EDGE ( 'NONE', *, *, #7006, .T. ) ;
#5265 = CARTESIAN_POINT ( 'NONE',  ( -72.96581150678626670, 9.448440834640383201, 73.32900982213860175 ) ) ;
#5266 = EDGE_CURVE ( 'NONE', #1767, #3641, #3359, .T. ) ;
#5267 = CARTESIAN_POINT ( 'NONE',  ( -75.48223120829354116, 7.928958336226102688, -24.56326577186258220 ) ) ;
#5268 = EDGE_CURVE ( 'NONE', #6256, #2548, #585, .T. ) ;
#5269 = CARTESIAN_POINT ( 'NONE',  ( 21.03931632092043458, -20.55155916535962035, -22.79920580660713370 ) ) ;
#5270 = DIRECTION ( 'NONE',  ( 0.000000000000000000, 0.000000000000000000, -1.000000000000000000 ) ) ;
#5271 = CARTESIAN_POINT ( 'NONE',  ( -78.69040850711202495, -20.55155916535962035, -22.41918120113761859 ) ) ;
#5272 = FACE_OUTER_BOUND ( 'NONE', #4690, .T. ) ;
#5273 = CARTESIAN_POINT ( 'NONE',  ( 20.69845752800149086, 7.823861544408318380, -20.69775073923918995 ) ) ;
#5274 = CYLINDRICAL_SURFACE ( 'NONE', #3115, 8.500000000000000000 ) ;
#5275 = ORIENTED_EDGE ( 'NONE', *, *, #6729, .T. ) ;
#5276 = CARTESIAN_POINT ( 'NONE',  ( 19.97892409227776156, -15.55155916535961858, 74.20192554528522066 ) ) ;
#5277 = CARTESIAN_POINT ( 'NONE',  ( -76.45785345664442900, 9.451046831411055393, 67.27015863108660199 ) ) ;
#5278 = CARTESIAN_POINT ( 'NONE',  ( 16.29401411743106820, 8.060620197519709151, -24.52960945431648909 ) ) ;
#5279 = CARTESIAN_POINT ( 'NONE',  ( 14.37996329950134999, 9.448440834640383201, 73.06084396046901475 ) ) ;
#5280 = ORIENTED_EDGE ( 'NONE', *, *, #6430, .F. ) ;
#5281 = CARTESIAN_POINT ( 'NONE',  ( 18.13549775812554543, 7.483345647514946464, 74.40071386808530463 ) ) ;
#5282 = ORIENTED_EDGE ( 'NONE', *, *, #151, .T. ) ;
#5283 = CARTESIAN_POINT ( 'NONE',  ( 18.45970671907760163, 14.44844083464038142, -24.49900777565512655 ) ) ;
#5284 = CARTESIAN_POINT ( 'NONE',  ( -75.82116944004283710, 8.144165348955890948, 74.27859610139910274 ) ) ;
#5285 = ORIENTED_EDGE ( 'NONE', *, *, #6991, .F. ) ;
#5286 = CYLINDRICAL_SURFACE ( 'NONE', #7065, 0.7999999999999986011 ) ;
#5287 = VECTOR ( 'NONE', #2265, 1000.000000000000000 ) ;
#5288 = AXIS2_PLACEMENT_3D ( 'NONE', #2695, #6651, #319 ) ;
#5289 = CARTESIAN_POINT ( 'NONE',  ( -28.77768383176202605, 8.648440834640384267, 71.19006495185253414 ) ) ;
#5290 = CARTESIAN_POINT ( 'NONE',  ( -78.21488315717476780, 7.990434924076172507, 71.69921925541252961 ) ) ;
#5291 = DIRECTION ( 'NONE',  ( 0.000000000000000000, 0.000000000000000000, -1.000000000000000000 ) ) ;
#5292 = CARTESIAN_POINT ( 'NONE',  ( 19.87112718070121176, -15.55155916535961858, -23.02428188027967337 ) ) ;
#5293 = CARTESIAN_POINT ( 'NONE',  ( 19.35374328638321373, -15.54555916536006421, 73.39365408803816138 ) ) ;
#5294 = ORIENTED_EDGE ( 'NONE', *, *, #1, .F. ) ;
#5295 = CARTESIAN_POINT ( 'NONE',  ( -53.97768383176139650, 7.448440834640383201, 28.59006495185253272 ) ) ;
#5296 = CARTESIAN_POINT ( 'NONE',  ( 16.04544782179049278, 8.525300528772790543, 74.19175152554372232 ) ) ;
#5297 = CYLINDRICAL_SURFACE ( 'NONE', #5652, 1.250000000000001110 ) ;
#5298 = FACE_OUTER_BOUND ( 'NONE', #5566, .T. ) ;
#5299 = ORIENTED_EDGE ( 'NONE', *, *, #1661, .F. ) ;
#5300 = AXIS2_PLACEMENT_3D ( 'NONE', #3919, #5672, #415 ) ;
#5301 = ORIENTED_EDGE ( 'NONE', *, *, #6953, .T. ) ;
#5302 = DIRECTION ( 'NONE',  ( 0.000000000000000000, 0.000000000000000000, -1.000000000000000000 ) ) ;
#5303 = CARTESIAN_POINT ( 'NONE',  ( -76.03383459151524448, 7.483345647515134758, -24.62058396438027330 ) ) ;
#5304 = AXIS2_PLACEMENT_3D ( 'NONE', #5582, #7312, #3828 ) ;
#5305 = FACE_OUTER_BOUND ( 'NONE', #5615, .T. ) ;
#5306 = CARTESIAN_POINT ( 'NONE',  ( 18.02135005942632162, 8.202985146783714043, 74.29763664452806893 ) ) ;
#5307 = CARTESIAN_POINT ( 'NONE',  ( 20.65182892840279649, 8.123777977601147171, -21.81539874000752022 ) ) ;
#5308 = CYLINDRICAL_SURFACE ( 'NONE', #4103, 1.599999999999990319 ) ;
#5309 = ORIENTED_EDGE ( 'NONE', *, *, #1167, .T. ) ;
#5310 = CARTESIAN_POINT ( 'NONE',  ( 20.54319174161770434, 8.309928590303279350, 69.54507255589842885 ) ) ;
#5311 = CIRCLE ( 'NONE', #2977, 0.7999999999999951594 ) ;
#5312 = CARTESIAN_POINT ( 'NONE',  ( -76.77655533754736439, 9.409695858028674920, 68.00761695526549033 ) ) ;
#5313 = ADVANCED_FACE ( 'NONE', ( #5876 ), #2960, .F. ) ;
#5314 = CARTESIAN_POINT ( 'NONE',  ( 18.07629832608101594, 8.124720590873945270, -24.50462204425240387 ) ) ;
#5315 = CIRCLE ( 'NONE', #4343, 3.000000000000009770 ) ;
#5316 = CARTESIAN_POINT ( 'NONE',  ( -28.77768383176221079, 7.448440834640383201, 30.59006495185252916 ) ) ;
#5317 = ORIENTED_EDGE ( 'NONE', *, *, #7195, .F. ) ;
#5318 = CARTESIAN_POINT ( 'NONE',  ( -77.96126523729247992, 8.544942533838971954, 71.80324654172888188 ) ) ;
#5319 = ORIENTED_EDGE ( 'NONE', *, *, #6259, .T. ) ;
#5320 = CARTESIAN_POINT ( 'NONE',  ( 20.53417676167720884, -15.55155916535961858, -23.86654297218561283 ) ) ;
#5321 = EDGE_CURVE ( 'NONE', #5622, #7587, #4069, .T. ) ;
#5322 = CARTESIAN_POINT ( 'NONE',  ( -74.94032332215954284, 7.721933119506124044, 74.38668609278410315 ) ) ;
#5323 = ORIENTED_EDGE ( 'NONE', *, *, #1333, .F. ) ;
#5324 = CARTESIAN_POINT ( 'NONE',  ( -77.69009406044180821, -15.54555916535961302, -22.02311663802547059 ) ) ;
#5325 = EDGE_CURVE ( 'NONE', #7412, #2443, #5069, .T. ) ;
#5326 = CARTESIAN_POINT ( 'NONE',  ( -77.96126523729270730, 8.544942533838609577, -22.02311663802802144 ) ) ;
#5327 = CARTESIAN_POINT ( 'NONE',  ( -75.57671772290569834, 8.202985146751634815, 74.29763664453696492 ) ) ;
#5328 = ORIENTED_EDGE ( 'NONE', *, *, #3030, .T. ) ;
#5329 = CARTESIAN_POINT ( 'NONE',  ( 18.95611629663604347, 9.448440834640383201, -17.76421081707686156 ) ) ;
#5330 = DIRECTION ( 'NONE',  ( 0.000000000000000000, 0.000000000000000000, -1.000000000000000000 ) ) ;
#5331 = AXIS2_PLACEMENT_3D ( 'NONE', #7256, #6102, #5530 ) ;
#5332 = CARTESIAN_POINT ( 'NONE',  ( 20.13504083620728125, -15.55155916535961858, -22.28478583100574895 ) ) ;
#5333 = DIRECTION ( 'NONE',  ( 0.000000000000000000, 0.000000000000000000, 1.000000000000000000 ) ) ;
#5334 = ORIENTED_EDGE ( 'NONE', *, *, #1669, .T. ) ;
#5335 = FACE_BOUND ( 'NONE', #6588, .T. ) ;
#5336 = CARTESIAN_POINT ( 'NONE',  ( 16.29401411745612549, 8.060620197504322348, 74.30973935802239794 ) ) ;
#5337 = CARTESIAN_POINT ( 'NONE',  ( 20.61700316434552249, 8.124720590872557935, 71.74404710968475740 ) ) ;
#5338 = CARTESIAN_POINT ( 'NONE',  ( 20.65671760975103410, 8.011754687168009426, -20.26384872930634629 ) ) ;
#5339 = ORIENTED_EDGE ( 'NONE', *, *, #3017, .T. ) ;
#5340 = EDGE_LOOP ( 'NONE', ( #4933, #1497, #5510, #1302, #4290, #6709, #3088, #3801, #5720, #1775, #7142, #5960, #3209, #4243, #3137, #4152, #7016, #6523, #910, #7287 ) ) ;
#5341 = FACE_OUTER_BOUND ( 'NONE', #2153, .T. ) ;
#5342 = CARTESIAN_POINT ( 'NONE',  ( -75.69086542164623665, 7.483345647514946464, -24.62058396438444063 ) ) ;
#5343 = CARTESIAN_POINT ( 'NONE',  ( -78.27596608921803067, 7.673907331966607792, -20.90231642175453430 ) ) ;
#5344 = AXIS2_PLACEMENT_3D ( 'NONE', #435, #4540, #2198 ) ;
#5345 = DIRECTION ( 'NONE',  ( -0.000000000000000000, -1.000000000000000000, -0.000000000000000000 ) ) ;
#5346 = CARTESIAN_POINT ( 'NONE',  ( 20.11349889874095354, 8.915084426762916792, -19.12285113162769790 ) ) ;
#5347 = CYLINDRICAL_SURFACE ( 'NONE', #291, 3.500000000000003109 ) ;
#5348 = ORIENTED_EDGE ( 'NONE', *, *, #1642, .F. ) ;
#5349 = CARTESIAN_POINT ( 'NONE',  ( 20.67782056923343958, 7.931597523181760145, 70.17373545008983626 ) ) ;
#5350 = CARTESIAN_POINT ( 'NONE',  ( -77.78619558052056959, 8.782663481712980058, 68.74294231708772429 ) ) ;
#5351 = B_SPLINE_CURVE_WITH_KNOTS ( 'NONE', 3,
 ( #2131, #288, #3798, #404, #5511, #6121, #5053, #2166, #4936, #945 ),
 .UNSPECIFIED., .F., .F.,
 ( 4, 2, 2, 2, 4 ),
 ( 0.000000000000000000, 0.001307161995694194456, 0.001960742993541291900, 0.002287533492464840189, 0.002614323991388388477 ),
 .UNSPECIFIED. ) ;
#5352 = CARTESIAN_POINT ( 'NONE',  ( 17.04064987027322076, 7.730273955585950318, -24.60566017386925708 ) ) ;
#5353 = DIRECTION ( 'NONE',  ( 0.000000000000000000, 0.000000000000000000, 1.000000000000000000 ) ) ;
#5354 = AXIS2_PLACEMENT_3D ( 'NONE', #4358, #1432, #3792 ) ;
#5355 = EDGE_LOOP ( 'NONE', ( #2405, #2741, #2203, #3779, #4989 ) ) ;
#5356 = CARTESIAN_POINT ( 'NONE',  ( -77.72908935951194564, 8.544942525639616093, 72.81529440561368460 ) ) ;
#5357 = VERTEX_POINT ( 'NONE', #5641 ) ;
#5358 = EDGE_CURVE ( 'NONE', #6757, #5585, #408, .T. ) ;
#5359 = CARTESIAN_POINT ( 'NONE',  ( -75.69086542164623665, 8.052076284333516298, -24.52761987236037200 ) ) ;
#5360 = EDGE_CURVE ( 'NONE', #862, #5156, #2611, .T. ) ;
#5361 = CARTESIAN_POINT ( 'NONE',  ( -75.90437489351619149, 8.305923014565388840, 74.20761975843157643 ) ) ;
#5362 = ORIENTED_EDGE ( 'NONE', *, *, #1750, .T. ) ;
#5363 = DIRECTION ( 'NONE',  ( -0.000000000000000000, 1.000000000000000000, 0.000000000000000000 ) ) ;
#5364 = CARTESIAN_POINT ( 'NONE',  ( 13.81299404862894242, 9.430414557011250309, -22.96497011631942087 ) ) ;
#5365 = DIRECTION ( 'NONE',  ( 0.000000000000000000, 0.000000000000000000, 1.000000000000000000 ) ) ;
#5366 = EDGE_LOOP ( 'NONE', ( #4406, #5470, #2784, #340 ) ) ;
#5367 = DIRECTION ( 'NONE',  ( -1.000000000000000000, 0.000000000000000000, 0.000000000000000000 ) ) ;
#5368 = CARTESIAN_POINT ( 'NONE',  ( -74.77768383175860833, 8.948440834640383201, 70.89006495185046219 ) ) ;
#5369 = ADVANCED_FACE ( 'NONE', ( #7447 ), #2855, .T. ) ;
#5370 = EDGE_CURVE ( 'NONE', #7359, #2301, #2223, .T. ) ;
#5371 = CARTESIAN_POINT ( 'NONE',  ( 17.01999354143467258, 7.673282781941483499, 74.38847959156169054 ) ) ;
#5372 = CARTESIAN_POINT ( 'NONE',  ( -76.36301548742754619, 7.483343544035474970, 74.31780202874331565 ) ) ;
#5373 = ORIENTED_EDGE ( 'NONE', *, *, #6671, .T. ) ;
#5374 = FACE_BOUND ( 'NONE', #1201, .T. ) ;
#5375 = CARTESIAN_POINT ( 'NONE',  ( 16.59552785453932344, 8.052386694303327985, 74.33900179943968567 ) ) ;
#5376 = CARTESIAN_POINT ( 'NONE',  ( 7.322316168238593548, 8.648440834640384267, 10.69006495185253236 ) ) ;
#5377 = DIRECTION ( 'NONE',  ( -0.000000000000000000, -1.000000000000000000, 0.000000000000000000 ) ) ;
#5378 = EDGE_LOOP ( 'NONE', ( #6619, #6353, #1890, #2670 ) ) ;
#5379 = EDGE_LOOP ( 'NONE', ( #3469, #2890 ) ) ;
#5380 = DIRECTION ( 'NONE',  ( 1.000000000000000000, -0.000000000000000000, 4.701147631373462191E-17 ) ) ;
#5381 = CARTESIAN_POINT ( 'NONE',  ( -77.64771770612759383, 7.483345640559568857, -23.73969098971700120 ) ) ;
#5382 = DIRECTION ( 'NONE',  ( 7.709882115452479153E-16, -0.000000000000000000, 1.000000000000000000 ) ) ;
#5383 = CARTESIAN_POINT ( 'NONE',  ( 14.29175608151293275, 9.332897007131128575, 73.17191752592994192 ) ) ;
#5384 = CARTESIAN_POINT ( 'NONE',  ( 20.22802181311295655, 8.795987546004747415, -19.30099067264950108 ) ) ;
#5385 = FACE_BOUND ( 'NONE', #5175, .T. ) ;
#5386 = EDGE_LOOP ( 'NONE', ( #5808, #724, #3576, #5373 ) ) ;
#5387 = CARTESIAN_POINT ( 'NONE',  ( 18.92068505201471140, -15.55155916535961858, 74.72472641551279082 ) ) ;
#5388 = CARTESIAN_POINT ( 'NONE',  ( -77.56874277482494051, 8.992513638543981003, 68.36512829596560437 ) ) ;
#5389 = CARTESIAN_POINT ( 'NONE',  ( 16.59552785451689516, 8.052386694323249827, -24.55887189573459750 ) ) ;
#5390 = DIRECTION ( 'NONE',  ( 0.000000000000000000, 1.000000000000000000, -0.000000000000000000 ) ) ;
#5391 = ORIENTED_EDGE ( 'NONE', *, *, #5597, .F. ) ;
#5392 = CARTESIAN_POINT ( 'NONE',  ( -76.03304143033157914, 8.061416813206987442, 74.37305963040135737 ) ) ;
#5393 = VERTEX_POINT ( 'NONE', #6222 ) ;
#5394 = EDGE_CURVE ( 'NONE', #6640, #3664, #7335, .T. ) ;
#5395 = CARTESIAN_POINT ( 'NONE',  ( 18.52835116461279696, -15.55155916535962213, 74.78318753522540874 ) ) ;
#5396 = CARTESIAN_POINT ( 'NONE',  ( -73.42256278845918871, 8.678206238436180442, 74.12295738931125300 ) ) ;
#5397 = EDGE_LOOP ( 'NONE', ( #2317, #4488, #1976, #630 ) ) ;
#5398 = CARTESIAN_POINT ( 'NONE',  ( -76.29599093441979107, -21.55755916535872174, -24.27751439547188639 ) ) ;
#5399 = CARTESIAN_POINT ( 'NONE',  ( 14.66472354986820470, 9.231071296754395306, -23.66239166040505992 ) ) ;
#5400 = EDGE_CURVE ( 'NONE', #5426, #5439, #4382, .T. ) ;
#5401 = DIRECTION ( 'NONE',  ( 1.000000000000000000, 0.000000000000000000, 0.000000000000000000 ) ) ;
#5402 = VERTEX_POINT ( 'NONE', #1603 ) ;
#5403 = CARTESIAN_POINT ( 'NONE',  ( 18.73326969416348575, 9.448440834640383201, 67.18641547565756866 ) ) ;
#5404 = CARTESIAN_POINT ( 'NONE',  ( 20.72287465950371654, 8.061418476069151851, -22.20077139258103571 ) ) ;
#5405 = ADVANCED_FACE ( 'NONE', ( #6287 ), #3738, .T. ) ;
#5406 = CARTESIAN_POINT ( 'NONE',  ( -75.86167864395152094, 7.483344986273596788, 74.39642992886325601 ) ) ;
#5407 = ORIENTED_EDGE ( 'NONE', *, *, #2441, .F. ) ;
#5408 = FACE_BOUND ( 'NONE', #1780, .T. ) ;
#5409 = B_SPLINE_CURVE_WITH_KNOTS ( 'NONE', 1,
 ( #851, #193 ),
 .UNSPECIFIED., .F., .F.,
 ( 2, 2 ),
 ( 0.1673320026613453193, 0.9990019960079834505 ),
 .UNSPECIFIED. ) ;
#5410 = CARTESIAN_POINT ( 'NONE',  ( 13.72839048598300415, 9.423548506767849275, 72.76407071253360925 ) ) ;
#5411 = CARTESIAN_POINT ( 'NONE',  ( -77.63809498566489253, -15.54555916535961302, 72.32660395222337968 ) ) ;
#5412 = CARTESIAN_POINT ( 'NONE',  ( -75.69086542164446030, -20.55155916535962035, -24.28469861992368095 ) ) ;
#5413 = ORIENTED_EDGE ( 'NONE', *, *, #4849, .T. ) ;
#5414 = ORIENTED_EDGE ( 'NONE', *, *, #4802, .F. ) ;
#5415 = AXIS2_PLACEMENT_3D ( 'NONE', #6384, #5162, #7508 ) ;
#5416 = VECTOR ( 'NONE', #1719, 1000.000000000000000 ) ;
#5417 = CARTESIAN_POINT ( 'NONE',  ( -77.07788092310042316, 8.520267890295412982, -23.86967474946078838 ) ) ;
#5418 = CIRCLE ( 'NONE', #1003, 8.500000000000000000 ) ;
#5419 = CARTESIAN_POINT ( 'NONE',  ( 8.722316168239592216, 9.448440834640383201, -19.10993504814758737 ) ) ;
#5420 = CARTESIAN_POINT ( 'NONE',  ( -76.39308539652965635, 8.380518955291778482, -24.28980939289963459 ) ) ;
#5421 = EDGE_CURVE ( 'NONE', #3012, #5357, #3857, .T. ) ;
#5422 = CIRCLE ( 'NONE', #2109, 0.8000000000000003775 ) ;
#5423 = DIRECTION ( 'NONE',  ( 0.9998476951563912696, 0.01745240643728354982, 0.000000000000000000 ) ) ;
#5424 = CARTESIAN_POINT ( 'NONE',  ( 18.13549775813114096, -20.55155916535962035, -25.02265972350847889 ) ) ;
#5425 = CARTESIAN_POINT ( 'NONE',  ( 0.000000000000000000, -15.55155916535961858, 0.000000000000000000 ) ) ;
#5426 = VERTEX_POINT ( 'NONE', #1452 ) ;
#5427 = CARTESIAN_POINT ( 'NONE',  ( 18.70485739793011604, 9.448239009812754219, 67.17212435941081594 ) ) ;
#5428 = AXIS2_PLACEMENT_3D ( 'NONE', #6990, #2803, #5590 ) ;
#5429 = CARTESIAN_POINT ( 'NONE',  ( -78.19735823792736085, 8.060620197514005270, 69.96176290105024975 ) ) ;
#5430 = CARTESIAN_POINT ( 'NONE',  ( 16.78242974108507113, 7.782478616783794045, -24.59302920440569196 ) ) ;
#5431 = DIRECTION ( 'NONE',  ( 0.000000000000000000, 1.000000000000000000, -0.000000000000000000 ) ) ;
#5432 = CIRCLE ( 'NONE', #23, 3.000000000000009770 ) ;
#5433 = ORIENTED_EDGE ( 'NONE', *, *, #5082, .F. ) ;
#5434 = LINE ( 'NONE', #2392, #29 ) ;
#5435 = VERTEX_POINT ( 'NONE', #2685 ) ;
#5436 = DIRECTION ( 'NONE',  ( 0.000000000000000000, 1.000000000000000000, -0.000000000000000000 ) ) ;
#5437 = VECTOR ( 'NONE', #4710, 1000.000000000000000 ) ;
#5438 = CARTESIAN_POINT ( 'NONE',  ( -77.52327286055309230, -20.55155916535962035, 74.18604533966701808 ) ) ;
#5439 = VERTEX_POINT ( 'NONE', #6796 ) ;
#5440 = FACE_OUTER_BOUND ( 'NONE', #3392, .T. ) ;
#5441 = CARTESIAN_POINT ( 'NONE',  ( -64.87768383176140219, 8.248440834640383912, -17.10993504814755184 ) ) ;
#5442 = CARTESIAN_POINT ( 'NONE',  ( -65.97768383176139650, 8.248440834640383912, 29.39006495185252987 ) ) ;
#5443 = VERTEX_POINT ( 'NONE', #4955 ) ;
#5444 = CARTESIAN_POINT ( 'NONE',  ( 19.65320197123512713, 9.448440834640384978, -19.30186671000873844 ) ) ;
#5445 = CARTESIAN_POINT ( 'NONE',  ( 20.73296508434926366, 7.483345654605961350, -22.20147231498218687 ) ) ;
#5446 = CARTESIAN_POINT ( 'NONE',  ( 20.57027286937966437, 8.216307382173024365, -22.29606560586000796 ) ) ;
#5447 = ORIENTED_EDGE ( 'NONE', *, *, #5694, .T. ) ;
#5448 = CYLINDRICAL_SURFACE ( 'NONE', #4498, 0.7999999999999986011 ) ;
#5449 = EDGE_CURVE ( 'NONE', #283, #920, #961, .T. ) ;
#5450 = CARTESIAN_POINT ( 'NONE',  ( 20.15689970272613607, 9.448440834640209118, -19.29601414216924837 ) ) ;
#5451 = B_SPLINE_SURFACE_WITH_KNOTS ( 'NONE', 1, 3, ( 
 ( #6854, #1593, #2424, #3378, #3412, #6314, #1843, #701, #3945, #443 ),
 ( #6277, #5739, #4588, #2782, #479, #3446, #2813, #7545, #4200, #517 ) ),
 .UNSPECIFIED., .F., .F., .F.,
 ( 2, 2 ),
 ( 4, 2, 2, 2, 4 ),
 ( 0.000000000000000000, 1.000000000000000000 ),
 ( 5.497939437029722320, 5.890562372104655608, 6.283185307179588008, 6.675808242254520408, 7.068431177329452808 ),
 .UNSPECIFIED. ) ;
#5452 = CARTESIAN_POINT ( 'NONE',  ( 20.70972097063457085, 7.809366199494567340, 70.57164052503934215 ) ) ;
#5453 = CARTESIAN_POINT ( 'NONE',  ( 18.73326969416348575, 7.448440834640383201, 66.12382750054896974 ) ) ;
#5454 = ORIENTED_EDGE ( 'NONE', *, *, #5726, .T. ) ;
#5455 = ADVANCED_FACE ( 'NONE', ( #2030 ), #2149, .F. ) ;
#5456 = CARTESIAN_POINT ( 'NONE',  ( -77.48471321219871299, 8.777256683136398507, -23.33491858271410990 ) ) ;
#5457 = CARTESIAN_POINT ( 'NONE',  ( -73.60081548529198869, 8.525300528785640708, -24.41162162183719886 ) ) ;
#5458 = DIRECTION ( 'NONE',  ( 0.000000000000000000, 0.000000000000000000, -1.000000000000000000 ) ) ;
#5459 = CARTESIAN_POINT ( 'NONE',  ( 20.44980196597425248, -21.55755916535962413, -22.02311663803215680 ) ) ;
#5460 = PRODUCT_DEFINITION_SHAPE ( 'NONE', 'NONE',  #3824 ) ;
#5461 = LINE ( 'NONE', #3748, #3015 ) ;
#5462 = LINE ( 'NONE', #194, #5925 ) ;
#5463 = ORIENTED_EDGE ( 'NONE', *, *, #3632, .T. ) ;
#5464 = CARTESIAN_POINT ( 'NONE',  ( -75.27000913063945120, 7.809605725990976133, 74.36908508464436807 ) ) ;
#5465 = ADVANCED_FACE ( 'NONE', ( #4035 ), #2258, .F. ) ;
#5466 = CARTESIAN_POINT ( 'NONE',  ( 19.38327168057844574, 9.369521232828709856, 67.80943472828485596 ) ) ;
#5467 = FACE_BOUND ( 'NONE', #5623, .T. ) ;
#5468 = CARTESIAN_POINT ( 'NONE',  ( 14.14161861662061348, 9.369535726587077562, 73.05096204762507739 ) ) ;
#5469 = FACE_OUTER_BOUND ( 'NONE', #1017, .T. ) ;
#5470 = ORIENTED_EDGE ( 'NONE', *, *, #1, .T. ) ;
#5471 = CARTESIAN_POINT ( 'NONE',  ( -77.84691997742260128, 8.544942541973899353, 72.53121886404778706 ) ) ;
#5472 = ORIENTED_EDGE ( 'NONE', *, *, #2312, .F. ) ;
#5473 = AXIS2_PLACEMENT_3D ( 'NONE', #6484, #4758, #2492 ) ;
#5474 = CARTESIAN_POINT ( 'NONE',  ( 20.39429322109197429, -20.55155916535961680, 73.78663065650290775 ) ) ;
#5475 = CARTESIAN_POINT ( 'NONE',  ( -74.77768383175860833, -15.55155916535962213, -19.50993504814957191 ) ) ;
#5476 = CARTESIAN_POINT ( 'NONE',  ( -72.10919420444385253, 9.708179777158283841, 73.16516815168927224 ) ) ;
#5477 = ORIENTED_EDGE ( 'NONE', *, *, #5915, .T. ) ;
#5478 = DIRECTION ( 'NONE',  ( 0.000000000000000000, 0.000000000000000000, 1.000000000000000000 ) ) ;
#5479 = AXIS2_PLACEMENT_3D ( 'NONE', #7332, #6750, #2063 ) ;
#5480 = CARTESIAN_POINT ( 'NONE',  ( -78.27824231399482358, 8.061418476032137903, -22.20097575331826079 ) ) ;
#5481 = ORIENTED_EDGE ( 'NONE', *, *, #4003, .F. ) ;
#5482 = CARTESIAN_POINT ( 'NONE',  ( 20.36486642206869391, 8.613343737555611668, 69.03479364042942734 ) ) ;
#5483 = CARTESIAN_POINT ( 'NONE',  ( 20.37856858942672744, 8.061416751946994808, -23.32325939943380178 ) ) ;
#5484 = TOROIDAL_SURFACE ( 'NONE', #7564, 9.299999999999997158, 0.8000000000000000444 ) ;
#5485 = CARTESIAN_POINT ( 'NONE',  ( -65.97768383176139650, 9.448440834640383201, 28.59006495185253272 ) ) ;
#5486 = EDGE_LOOP ( 'NONE', ( #4557, #5245, #5228, #2841 ) ) ;
#5487 = LINE ( 'NONE', #6635, #3520 ) ;
#5488 = CARTESIAN_POINT ( 'NONE',  ( 19.13155101800144564, 9.448440834640383201, -18.14918653483904620 ) ) ;
#5489 = CIRCLE ( 'NONE', #6098, 9.300000000000002487 ) ;
#5490 = DIRECTION ( 'NONE',  ( 1.000000000000000000, -0.000000000000000000, 0.000000000000000000 ) ) ;
#5491 = CARTESIAN_POINT ( 'NONE',  ( -76.28863735768133836, 9.448440834640386754, 67.18641547565785288 ) ) ;
#5492 = DIRECTION ( 'NONE',  ( 0.000000000000000000, 0.000000000000000000, 1.000000000000000000 ) ) ;
#5493 = ORIENTED_EDGE ( 'NONE', *, *, #2911, .T. ) ;
#5494 = EDGE_CURVE ( 'NONE', #1832, #6256, #533, .T. ) ;
#5495 = CARTESIAN_POINT ( 'NONE',  ( -77.48801054288149714, -15.55155916535961680, 72.68970592716344470 ) ) ;
#5496 = CARTESIAN_POINT ( 'NONE',  ( -74.50970672522927885, 7.699345939408691386, -24.60527521536622331 ) ) ;
#5497 = CARTESIAN_POINT ( 'NONE',  ( -77.66886656225335628, 8.915084426765172765, -19.12285113162131722 ) ) ;
#5498 = DIRECTION ( 'NONE',  ( -0.01745240643728354635, 0.9998476951563911586, 0.000000000000000000 ) ) ;
#5499 = EDGE_CURVE ( 'NONE', #5682, #6838, #4597, .T. ) ;
#5500 = CARTESIAN_POINT ( 'NONE',  ( 18.51949352885374012, 9.445605437473018284, -17.85918514318613504 ) ) ;
#5501 = ORIENTED_EDGE ( 'NONE', *, *, #5726, .F. ) ;
#5502 = CARTESIAN_POINT ( 'NONE',  ( -71.32469744283622504, 9.412597152529757594, 72.82205819898136667 ) ) ;
#5503 = CARTESIAN_POINT ( 'NONE',  ( 19.13158732682228091, 9.448440834640383201, 67.92939244265393484 ) ) ;
#5504 = DIRECTION ( 'NONE',  ( -1.000000000000000000, 0.000000000000000000, -0.000000000000000000 ) ) ;
#5505 = CARTESIAN_POINT ( 'NONE',  ( 13.51866669204821569, 9.448440834640386754, 72.40101847777165744 ) ) ;
#5506 = EDGE_CURVE ( 'NONE', #3880, #7232, #7590, .T. ) ;
#5507 = CARTESIAN_POINT ( 'NONE',  ( 20.64000099245373221, 8.052076284328681055, 71.80324654172980559 ) ) ;
#5508 = VERTEX_POINT ( 'NONE', #4561 ) ;
#5509 = CARTESIAN_POINT ( 'NONE',  ( 20.53991889545539706, 8.305794553906617139, -22.23643193301792564 ) ) ;
#5510 = ORIENTED_EDGE ( 'NONE', *, *, #1743, .T. ) ;
#5511 = CARTESIAN_POINT ( 'NONE',  ( 14.12795358000280999, 9.372446861825709519, -23.25890962274538154 ) ) ;
#5512 = DIRECTION ( 'NONE',  ( 0.000000000000000000, 0.000000000000000000, 1.000000000000000000 ) ) ;
#5513 = CARTESIAN_POINT ( 'NONE',  ( -71.56803856952828369, 9.326091845870475794, 73.11325714682112675 ) ) ;
#5514 = ORIENTED_EDGE ( 'NONE', *, *, #7606, .T. ) ;
#5515 = CARTESIAN_POINT ( 'NONE',  ( -78.07366421957604530, -20.55155916535962035, -23.85552407694446941 ) ) ;
#5516 = CARTESIAN_POINT ( 'NONE',  ( -76.84446956082027214, 8.061418491173588663, -24.34578815611108027 ) ) ;
#5517 = EDGE_CURVE ( 'NONE', #4298, #3254, #7402, .T. ) ;
#5518 = CYLINDRICAL_SURFACE ( 'NONE', #6512, 2.000000000000001776 ) ;
#5519 = ORIENTED_EDGE ( 'NONE', *, *, #2829, .F. ) ;
#5520 = CARTESIAN_POINT ( 'NONE',  ( 21.03931632092043458, -15.55155916535961858, -22.79920580660713370 ) ) ;
#5521 = CARTESIAN_POINT ( 'NONE',  ( 18.80423570410447809, 7.483343543931486153, -24.53835343131435920 ) ) ;
#5522 = B_SPLINE_CURVE_WITH_KNOTS ( 'NONE', 3,
 ( #4558, #5782, #1099, #529, #2865, #5213, #6898, #7588, #4707, #3956, #1641, #6972, #4068, #6284, #1031, #6396, #3386, #6435 ),
 .UNSPECIFIED., .F., .F.,
 ( 4, 2, 2, 2, 2, 2, 2, 2, 4 ),
 ( -5.999999998292477657E-08, 0.0002536552884633069892, 0.0005073705769265969253, 0.001014801153853178749, 0.001522231730779760464, 0.002029662307706342830, 0.002537092884632924546, 0.003044523461559506261, 0.004059384615412660151 ),
 .UNSPECIFIED. ) ;
#5523 = CARTESIAN_POINT ( 'NONE',  ( -74.77768383175860833, 8.948440834640383201, 70.89006495185046219 ) ) ;
#5524 = ORIENTED_EDGE ( 'NONE', *, *, #4697, .F. ) ;
#5525 = DIRECTION ( 'NONE',  ( -0.000000000000000000, -1.000000000000000000, 0.000000000000000000 ) ) ;
#5526 = CARTESIAN_POINT ( 'NONE',  ( 19.07732089780109064, 9.430417729096935986, -17.70058489617386499 ) ) ;
#5527 = DIRECTION ( 'NONE',  ( 0.000000000000000000, 0.000000000000000000, -1.000000000000000000 ) ) ;
#5528 = CARTESIAN_POINT ( 'NONE',  ( -76.28863735768069887, 9.448440834640383201, 67.18641547565759709 ) ) ;
#5529 = CARTESIAN_POINT ( 'NONE',  ( -77.06887376465857642, -20.55155916536029537, -23.82231695041539155 ) ) ;
#5530 = DIRECTION ( 'NONE',  ( 0.000000000000000000, 0.000000000000000000, 1.000000000000000000 ) ) ;
#5531 = CARTESIAN_POINT ( 'NONE',  ( -76.30099305462867676, 8.611821679884144487, -24.26537324264026196 ) ) ;
#5532 = B_SPLINE_CURVE_WITH_KNOTS ( 'NONE', 3,
 ( #2291, #4632, #565, #5252 ),
 .UNSPECIFIED., .F., .F.,
 ( 4, 4 ),
 ( 0.000000000000000000, 1.000000000000000000 ),
 .UNSPECIFIED. ) ;
#5533 = CARTESIAN_POINT ( 'NONE',  ( -71.43924727888966686, 9.448440834640383201, 72.61198299982639526 ) ) ;
#5534 = CARTESIAN_POINT ( 'NONE',  ( -78.25679698316977806, 7.865988062565998362, -20.72503442431145970 ) ) ;
#5535 = CARTESIAN_POINT ( 'NONE',  ( -78.03255864257751284, 8.632963865839350603, 69.58746787904932773 ) ) ;
#5536 = AXIS2_PLACEMENT_3D ( 'NONE', #7532, #2299, #7098 ) ;
#5537 = CARTESIAN_POINT ( 'NONE',  ( -66.27768383176041311, 7.448440834640384978, -19.10993504814758737 ) ) ;
#5538 = AXIS2_PLACEMENT_3D ( 'NONE', #2078, #5616, #4427 ) ;
#5539 = ORIENTED_EDGE ( 'NONE', *, *, #3541, .F. ) ;
#5540 = CARTESIAN_POINT ( 'NONE',  ( -74.75399642510305398, 7.632442147435967605, 74.39256370091140980 ) ) ;
#5541 = VECTOR ( 'NONE', #6779, 1000.000000000000000 ) ;
#5542 = CIRCLE ( 'NONE', #2340, 9.299999999999995381 ) ;
#5543 = DIRECTION ( 'NONE',  ( 0.000000000000000000, 0.000000000000000000, 1.000000000000000000 ) ) ;
#5544 = AXIS2_PLACEMENT_3D ( 'NONE', #5523, #178, #877 ) ;
#5545 = CARTESIAN_POINT ( 'NONE',  ( 14.46485331596060675, 9.358908916492962859, -23.28053105516008259 ) ) ;
#5546 = ADVANCED_FACE ( 'NONE', ( #6474 ), #6906, .T. ) ;
#5547 = CARTESIAN_POINT ( 'NONE',  ( 16.37622984939254067, 8.011754687171400491, -24.54433648965819614 ) ) ;
#5548 = DIRECTION ( 'NONE',  ( 0.000000000000000000, 0.000000000000000000, 1.000000000000000000 ) ) ;
#5549 = ORIENTED_EDGE ( 'NONE', *, *, #668, .T. ) ;
#5550 = CARTESIAN_POINT ( 'NONE',  ( 18.77915029947639880, 8.488130558082565003, -24.24886169563468741 ) ) ;
#5551 = VERTEX_POINT ( 'NONE', #6437 ) ;
#5552 = AXIS2_PLACEMENT_3D ( 'NONE', #2912, #6257, #4638 ) ;
#5553 = LINE ( 'NONE', #3940, #3496 ) ;
#5554 = EDGE_CURVE ( 'NONE', #7224, #2989, #1207, .T. ) ;
#5555 = CARTESIAN_POINT ( 'NONE',  ( -78.12564053289841581, 8.216307382165124906, 72.07619550955452326 ) ) ;
#5556 = CARTESIAN_POINT ( 'NONE',  ( -72.96873945624675173, 8.795987546012382197, 73.89577059671634629 ) ) ;
#5557 = EDGE_LOOP ( 'NONE', ( #2482, #5835, #6890, #6322 ) ) ;
#5558 = DIRECTION ( 'NONE',  ( 0.5951998735155843434, -0.8035776941696630704, 0.000000000000000000 ) ) ;
#5559 = AXIS2_PLACEMENT_3D ( 'NONE', #6455, #5345, #7254 ) ;
#5560 = CARTESIAN_POINT ( 'NONE',  ( -77.72903954116608816, 8.544942532290503934, -23.03543492068548915 ) ) ;
#5561 = ORIENTED_EDGE ( 'NONE', *, *, #750, .F. ) ;
#5562 = CARTESIAN_POINT ( 'NONE',  ( 18.13549775811718590, -15.55155916535961858, 73.80278962720933578 ) ) ;
#5563 = CARTESIAN_POINT ( 'NONE',  ( 20.71482339676056128, 7.762072216021293158, 70.65558498347931504 ) ) ;
#5564 = AXIS2_PLACEMENT_3D ( 'NONE', #4063, #2250, #7583 ) ;
#5565 = DIRECTION ( 'NONE',  ( 0.000000000000000000, 0.000000000000000000, -1.000000000000000000 ) ) ;
#5566 = EDGE_LOOP ( 'NONE', ( #475, #1768, #5328, #1640, #3491 ) ) ;
#5567 = CARTESIAN_POINT ( 'NONE',  ( -65.67768383176139935, -20.55655916577720532, -17.10993504814755184 ) ) ;
#5568 = DIRECTION ( 'NONE',  ( -0.000000000000000000, -0.000000000000000000, -1.000000000000000000 ) ) ;
#5569 = AXIS2_PLACEMENT_3D ( 'NONE', #4541, #2199, #7576 ) ;
#5570 = CARTESIAN_POINT ( 'NONE',  ( -77.95244740353271595, -20.55155916535962035, 0.000000000000000000 ) ) ;
#5571 = CARTESIAN_POINT ( 'NONE',  ( 20.45001998500278262, 8.548579397575089445, -22.47225819467714558 ) ) ;
#5572 = FACE_OUTER_BOUND ( 'NONE', #7504, .T. ) ;
#5573 = CARTESIAN_POINT ( 'NONE',  ( -76.69796870673457079, -15.55155916535961325, 73.55020794018534502 ) ) ;
#5574 = TOROIDAL_SURFACE ( 'NONE', #2620, 1.600000000000000089, 0.8000000000000000444 ) ;
#5575 = CARTESIAN_POINT ( 'NONE',  ( -71.36836171214378055, 9.430414557011078003, 72.74510002001944997 ) ) ;
#5576 = CARTESIAN_POINT ( 'NONE',  ( -77.78338947662747671, 8.795987546008213087, -19.30099067264348278 ) ) ;
#5577 = CARTESIAN_POINT ( 'NONE',  ( -78.26508863415260464, 7.809366199487934423, 70.57164052504809604 ) ) ;
#5578 = CARTESIAN_POINT ( 'NONE',  ( -78.06497635402696744, 8.377809666585433135, -19.65235263401451604 ) ) ;
#5579 = ORIENTED_EDGE ( 'NONE', *, *, #206, .T. ) ;
#5580 = CARTESIAN_POINT ( 'NONE',  ( 7.322316168238584666, 9.448440834640383201, -17.90993504814754544 ) ) ;
#5581 = CARTESIAN_POINT ( 'NONE',  ( -74.77768383175860833, 9.448440834640395636, 70.89006495185046219 ) ) ;
#5582 = CARTESIAN_POINT ( 'NONE',  ( -78.67205148054112840, 8.202985146758232204, -22.02311663804069042 ) ) ;
#5583 = LINE ( 'NONE', #900, #3885 ) ;
#5584 = EDGE_LOOP ( 'NONE', ( #367, #543, #3832, #5992 ) ) ;
#5585 = VERTEX_POINT ( 'NONE', #5139 ) ;
#5586 = ORIENTED_EDGE ( 'NONE', *, *, #660, .F. ) ;
#5587 = CARTESIAN_POINT ( 'NONE',  ( 0.000000000000000000, -13.55155916535961858, 0.000000000000000000 ) ) ;
#5588 = EDGE_CURVE ( 'NONE', #5981, #6683, #4000, .T. ) ;
#5589 = CARTESIAN_POINT ( 'NONE',  ( 0.000000000000000000, -15.55155916535961858, 74.80278962720933578 ) ) ;
#5590 = DIRECTION ( 'NONE',  ( 0.000000000000000000, 0.000000000000000000, 1.000000000000000000 ) ) ;
#5591 = VERTEX_POINT ( 'NONE', #1685 ) ;
#5592 = DIRECTION ( 'NONE',  ( 0.000000000000000000, 0.01745240643728354982, 0.9998476951563912696 ) ) ;
#5593 = CARTESIAN_POINT ( 'NONE',  ( -77.07473251560848837, 8.544941357668538018, -23.82883815278852779 ) ) ;
#5594 = CIRCLE ( 'NONE', #4858, 0.8000000000000020428 ) ;
#5595 = EDGE_LOOP ( 'NONE', ( #5129, #4449, #2655, #5741 ) ) ;
#5596 = CARTESIAN_POINT ( 'NONE',  ( 20.72234886146465982, 7.657507362948704710, 71.04877058797580958 ) ) ;
#5597 = EDGE_CURVE ( 'NONE', #1862, #798, #1998, .T. ) ;
#5598 = CARTESIAN_POINT ( 'NONE',  ( 7.322316168238593548, 8.248440834640383912, 9.090064951852532715 ) ) ;
#5599 = EDGE_CURVE ( 'NONE', #2639, #5663, #5532, .T. ) ;
#5600 = TOROIDAL_SURFACE ( 'NONE', #2282, 1.600000000000000089, 0.8000000000000000444 ) ;
#5601 = CARTESIAN_POINT ( 'NONE',  ( 20.40219051298692676, 8.380518955294236960, -22.72533661293056895 ) ) ;
#5602 = ORIENTED_EDGE ( 'NONE', *, *, #6446, .F. ) ;
#5603 = DIRECTION ( 'NONE',  ( 0.000000000000000000, 0.000000000000000000, 1.000000000000000000 ) ) ;
#5604 = CARTESIAN_POINT ( 'NONE',  ( 19.26910664161487929, 9.448440834640383201, -18.08738783204144696 ) ) ;
#5605 = CARTESIAN_POINT ( 'NONE',  ( 18.72694085058106594, -20.55155916535965233, 74.00624523021322432 ) ) ;
#5606 = CARTESIAN_POINT ( 'NONE',  ( -65.97768383176141072, 8.248440834640383912, 21.19006495185253058 ) ) ;
#5607 = EDGE_CURVE ( 'NONE', #7033, #3658, #7523, .T. ) ;
#5608 = CARTESIAN_POINT ( 'NONE',  ( -77.03663893147550823, 9.448440834640383201, -18.91677269888099033 ) ) ;
#5609 = DIRECTION ( 'NONE',  ( 0.000000000000000000, 0.000000000000000000, -1.000000000000000000 ) ) ;
#5610 = CARTESIAN_POINT ( 'NONE',  ( -75.57671772291028844, 8.202985146755656487, -24.51750674083499604 ) ) ;
#5611 = ORIENTED_EDGE ( 'NONE', *, *, #2212, .F. ) ;
#5612 = CARTESIAN_POINT ( 'NONE',  ( -77.26647672719376203, 9.214276729992050718, -18.63644486482382590 ) ) ;
#5613 = DIRECTION ( 'NONE',  ( 0.000000000000000000, 0.000000000000000000, -1.000000000000000000 ) ) ;
#5614 = CARTESIAN_POINT ( 'NONE',  ( -77.08126258064744718, -20.55155916535766991, 73.61142088816994544 ) ) ;
#5615 = EDGE_LOOP ( 'NONE', ( #58, #2089, #4922, #72 ) ) ;
#5616 = DIRECTION ( 'NONE',  ( 1.000000000000000000, -0.000000000000000000, -0.000000000000000000 ) ) ;
#5617 = CARTESIAN_POINT ( 'NONE',  ( 15.01299659370538464, 9.378531838010093935, -23.83213468293334714 ) ) ;
#5618 = CARTESIAN_POINT ( 'NONE',  ( 15.36704485682427723, 8.613343737553373458, -24.25248530197848496 ) ) ;
#5619 = CARTESIAN_POINT ( 'NONE',  ( 18.69258899682619202, 8.333974080389335626, 74.13428212189755584 ) ) ;
#5620 = ORIENTED_EDGE ( 'NONE', *, *, #7374, .F. ) ;
#5621 = CARTESIAN_POINT ( 'NONE',  ( -77.69040850711751034, -15.55155916535961858, 0.000000000000000000 ) ) ;
#5622 = VERTEX_POINT ( 'NONE', #59 ) ;
#5623 = EDGE_LOOP ( 'NONE', ( #1311, #7093 ) ) ;
#5624 = CARTESIAN_POINT ( 'NONE',  ( -8.777683831760253241, 8.648440834640384267, 50.89006495185251566 ) ) ;
#5625 = TOROIDAL_SURFACE ( 'NONE', #1454, 9.300000000000000711, 0.8000000000000000444 ) ;
#5626 = DIRECTION ( 'NONE',  ( 0.000000000000000000, 0.000000000000000000, 1.000000000000000000 ) ) ;
#5627 = ORIENTED_EDGE ( 'NONE', *, *, #5694, .F. ) ;
#5628 = CARTESIAN_POINT ( 'NONE',  ( -76.65743240485575427, -20.55155916535962035, -24.86948632564025985 ) ) ;
#5629 = CARTESIAN_POINT ( 'NONE',  ( -76.28863735768069887, 7.448440834640383201, 66.12382750051595792 ) ) ;
#5630 = ORIENTED_EDGE ( 'NONE', *, *, #581, .F. ) ;
#5631 = CARTESIAN_POINT ( 'NONE',  ( 21.13504084360030788, -15.55155916535961858, -22.02311663803929775 ) ) ;
#5632 = TOROIDAL_SURFACE ( 'NONE', #3184, 3.000000000000004441, 0.5000000000000000000 ) ;
#5633 = DIRECTION ( 'NONE',  ( 0.000000000000000000, 1.000000000000000000, -0.000000000000000000 ) ) ;
#5634 = EDGE_CURVE ( 'NONE', #4279, #6095, #901, .T. ) ;
#5635 = CARTESIAN_POINT ( 'NONE',  ( -76.61346715428665277, 8.567371545802934918, 73.87437110476118107 ) ) ;
#5636 = ORIENTED_EDGE ( 'NONE', *, *, #5325, .T. ) ;
#5637 = CARTESIAN_POINT ( 'NONE',  ( -78.11312201360831864, 8.401485435611885322, 71.96190841960108742 ) ) ;
#5638 = EDGE_CURVE ( 'NONE', #1406, #4625, #7271, .T. ) ;
#5639 = CARTESIAN_POINT ( 'NONE',  ( -78.18525552444089044, 8.202985146767037605, -21.90896893931467559 ) ) ;
#5640 = EDGE_CURVE ( 'NONE', #1021, #7023, #4299, .T. ) ;
#5641 = CARTESIAN_POINT ( 'NONE',  ( -48.77768383176253764, 8.648440834640384267, 42.39006495185252987 ) ) ;
#5642 = CARTESIAN_POINT ( 'NONE',  ( -77.84976816694043578, 8.948440834640386754, -19.43294433931111698 ) ) ;
#5643 = CARTESIAN_POINT ( 'NONE',  ( 17.22231616824143430, -13.55155916535962035, 70.89006495185043377 ) ) ;
#5644 = FACE_OUTER_BOUND ( 'NONE', #6726, .T. ) ;
#5645 = ORIENTED_EDGE ( 'NONE', *, *, #1086, .T. ) ;
#5646 = CARTESIAN_POINT ( 'NONE',  ( -78.18743163060820223, 8.213665038665951101, -20.29767075370789797 ) ) ;
#5647 = CARTESIAN_POINT ( 'NONE',  ( 19.97665682454179503, -21.55755916535962413, -23.43323073246794053 ) ) ;
#5648 = CARTESIAN_POINT ( 'NONE',  ( -78.23101455547164562, 7.928958336225928605, -21.81448242468425391 ) ) ;
#5649 = ORIENTED_EDGE ( 'NONE', *, *, #1184, .T. ) ;
#5650 = CARTESIAN_POINT ( 'NONE',  ( -67.57768383176137661, 7.448440834640383201, 28.59006495185253272 ) ) ;
#5651 = EDGE_CURVE ( 'NONE', #864, #3376, #4748, .T. ) ;
#5652 = AXIS2_PLACEMENT_3D ( 'NONE', #30, #2374, #7058 ) ;
#5653 = CARTESIAN_POINT ( 'NONE',  ( -76.65743240485575427, -15.55155916535961858, -24.86948632564025985 ) ) ;
#5654 = CIRCLE ( 'NONE', #751, 1.600000000000000755 ) ;
#5655 = CARTESIAN_POINT ( 'NONE',  ( 17.17692850197236609, 7.682209202646489210, 74.39006495185044798 ) ) ;
#5656 = CARTESIAN_POINT ( 'NONE',  ( 19.84057678509906708, 8.061418502280959686, 73.75737444469829995 ) ) ;
#5657 = VECTOR ( 'NONE', #5951, 1000.000000000000000 ) ;
#5658 = CARTESIAN_POINT ( 'NONE',  ( 19.98205586954478719, 8.520267890299273006, -23.41013213949677052 ) ) ;
#5659 = ORIENTED_EDGE ( 'NONE', *, *, #1000, .F. ) ;
#5660 = CYLINDRICAL_SURFACE ( 'NONE', #1236, 0.7999999999999986011 ) ;
#5661 = AXIS2_PLACEMENT_3D ( 'NONE', #7248, #6094, #3807 ) ;
#5662 = CARTESIAN_POINT ( 'NONE',  ( -78.25050447513073948, 7.845915417234040845, 71.33855554447688974 ) ) ;
#5663 = VERTEX_POINT ( 'NONE', #3612 ) ;
#5664 = CARTESIAN_POINT ( 'NONE',  ( -78.69040850711202495, -20.55155916535962035, -22.41918120113761859 ) ) ;
#5665 = CARTESIAN_POINT ( 'NONE',  ( -77.84760935815805283, 8.544942535381560234, -22.74927581950063171 ) ) ;
#5666 = CARTESIAN_POINT ( 'NONE',  ( -76.28863735768069887, 9.448440834640383201, -17.40628557195670112 ) ) ;
#5667 = CIRCLE ( 'NONE', #3726, 0.8000000000000020428 ) ;
#5668 = VERTEX_POINT ( 'NONE', #1982 ) ;
#5669 = DIRECTION ( 'NONE',  ( 0.000000000000000000, 0.000000000000000000, -1.000000000000000000 ) ) ;
#5670 = DIRECTION ( 'NONE',  ( -0.000000000000000000, -1.000000000000000000, -0.000000000000000000 ) ) ;
#5671 = AXIS2_PLACEMENT_3D ( 'NONE', #4359, #6156, #6655 ) ;
#5672 = DIRECTION ( 'NONE',  ( -0.000000000000000000, -1.000000000000000000, -0.000000000000000000 ) ) ;
#5673 = ORIENTED_EDGE ( 'NONE', *, *, #51, .F. ) ;
#5674 = SURFACE_STYLE_FILL_AREA ( #5066 ) ;
#5675 = LINE ( 'NONE', #3310, #6271 ) ;
#5676 = DIRECTION ( 'NONE',  ( 0.000000000000000000, 0.000000000000000000, 1.000000000000000000 ) ) ;
#5677 = CARTESIAN_POINT ( 'NONE',  ( -77.21662870204825424, 9.448440834640383201, -19.29806272317691551 ) ) ;
#5678 = VECTOR ( 'NONE', #1094, 1000.000000000000000 ) ;
#5679 = DIRECTION ( 'NONE',  ( 0.000000000000000000, 0.000000000000000000, -1.000000000000000000 ) ) ;
#5680 = ADVANCED_FACE ( 'NONE', ( #5940 ), #6289, .T. ) ;
#5681 = CARTESIAN_POINT ( 'NONE',  ( -71.72049885787241408, 9.917325419396643582, -22.82910776502483685 ) ) ;
#5682 = VERTEX_POINT ( 'NONE', #3026 ) ;
#5683 = AXIS2_PLACEMENT_3D ( 'NONE', #7049, #5822, #1793 ) ;
#5684 = LINE ( 'NONE', #7490, #1129 ) ;
#5685 = CARTESIAN_POINT ( 'NONE',  ( 19.81717884542421970, 8.788144903072947045, 73.24490747858051520 ) ) ;
#5686 = CARTESIAN_POINT ( 'NONE',  ( 8.722316168239592216, -20.55655916577720532, 11.89006495185241441 ) ) ;
#5687 = EDGE_LOOP ( 'NONE', ( #1502, #1321, #333, #5334 ) ) ;
#5688 = CARTESIAN_POINT ( 'NONE',  ( 17.22231616824142364, -15.55155916535962213, -19.50993504814957191 ) ) ;
#5689 = EDGE_CURVE ( 'NONE', #7023, #149, #6900, .T. ) ;
#5690 = AXIS2_PLACEMENT_3D ( 'NONE', #5425, #1926, #1347 ) ;
#5691 = EDGE_CURVE ( 'NONE', #6275, #4363, #5311, .T. ) ;
#5692 = CARTESIAN_POINT ( 'NONE',  ( 19.64619946011749718, -15.55155916535961858, -24.64410540944697914 ) ) ;
#5693 = FACE_OUTER_BOUND ( 'NONE', #6609, .T. ) ;
#5694 = EDGE_CURVE ( 'NONE', #5393, #3664, #1141, .T. ) ;
#5695 = CARTESIAN_POINT ( 'NONE',  ( 18.47952327434173725, 7.483343539463157335, 74.38311372070971572 ) ) ;
#5696 = CIRCLE ( 'NONE', #6550, 3.000000000000002665 ) ;
#5697 = CARTESIAN_POINT ( 'NONE',  ( 20.29440050342322266, 8.948440834640388530, -19.43294433931108856 ) ) ;
#5698 = EDGE_LOOP ( 'NONE', ( #823, #2126, #571, #7188 ) ) ;
#5699 = EDGE_CURVE ( 'NONE', #3972, #3090, #2953, .T. ) ;
#5700 = ADVANCED_FACE ( 'NONE', ( #1290 ), #4336, .T. ) ;
#5701 = CARTESIAN_POINT ( 'NONE',  ( -74.77768383175860833, -13.55155916535961858, 70.89006495185046219 ) ) ;
#5702 = CARTESIAN_POINT ( 'NONE',  ( -71.69698628013692598, 9.369535726587594482, -23.27083214392250454 ) ) ;
#5703 = ORIENTED_EDGE ( 'NONE', *, *, #250, .F. ) ;
#5704 = DIRECTION ( 'NONE',  ( 0.000000000000000000, 1.000000000000000000, -0.000000000000000000 ) ) ;
#5705 = FACE_OUTER_BOUND ( 'NONE', #374, .T. ) ;
#5706 = CARTESIAN_POINT ( 'NONE',  ( 17.22231616824143430, -15.55155916535962213, 70.89006495185043377 ) ) ;
#5707 = EDGE_LOOP ( 'NONE', ( #1188, #5813, #2880, #4121 ) ) ;
#5708 = CARTESIAN_POINT ( 'NONE',  ( 20.60027136385800972, 7.483345650366468149, 72.64040772257807532 ) ) ;
#5709 = CARTESIAN_POINT ( 'NONE',  ( 20.72201074802081777, 7.662604429906859416, 70.81457913906035628 ) ) ;
#5710 = CARTESIAN_POINT ( 'NONE',  ( -77.53742353306265045, 8.520267890299136226, 73.19026204320054774 ) ) ;
#5711 = ORIENTED_EDGE ( 'NONE', *, *, #2257, .T. ) ;
#5712 = CARTESIAN_POINT ( 'NONE',  ( -55.57768383176140503, -20.55655916577720532, 21.19006495185253058 ) ) ;
#5713 = AXIS2_PLACEMENT_3D ( 'NONE', #842, #183, #3151 ) ;
#5714 = CARTESIAN_POINT ( 'NONE',  ( -77.69040850711751034, -15.55155916535961858, -22.02311663803931197 ) ) ;
#5715 = CARTESIAN_POINT ( 'NONE',  ( -78.27024749468735365, 7.720059768080041351, 70.57491152904546539 ) ) ;
#5716 = DIRECTION ( 'NONE',  ( 0.000000000000000000, 0.000000000000000000, 1.000000000000000000 ) ) ;
#5717 = VECTOR ( 'NONE', #7250, 1000.000000000000000 ) ;
#5718 = CARTESIAN_POINT ( 'NONE',  ( 13.87659193716500639, 9.448440834640383201, 72.62386508025031162 ) ) ;
#5719 = CARTESIAN_POINT ( 'NONE',  ( 3.733269694163487973, 8.648440834640384267, 24.89006495185043377 ) ) ;
#5720 = ORIENTED_EDGE ( 'NONE', *, *, #6069, .T. ) ;
#5721 = DIRECTION ( 'NONE',  ( 1.000000000000000000, 0.000000000000000000, 0.000000000000000000 ) ) ;
#5722 = DIRECTION ( 'NONE',  ( -0.000000000000000000, 1.000000000000000000, -0.000000000000000000 ) ) ;
#5723 = AXIS2_PLACEMENT_3D ( 'NONE', #3264, #3221, #5558 ) ;
#5724 = DIRECTION ( 'NONE',  ( -1.000000000000000000, -0.000000000000000000, 0.000000000000000000 ) ) ;
#5725 = CARTESIAN_POINT ( 'NONE',  ( -54.77768383176139366, 8.248440834640383912, 28.59006495185253272 ) ) ;
#5726 = EDGE_CURVE ( 'NONE', #6628, #4186, #1510, .T. ) ;
#5727 = ORIENTED_EDGE ( 'NONE', *, *, #5955, .F. ) ;
#5728 = CARTESIAN_POINT ( 'NONE',  ( -77.63737812054651499, -15.55155916535961680, -22.54951513664785168 ) ) ;
#5729 = CARTESIAN_POINT ( 'NONE',  ( -75.69086542164833986, -15.55155916535961858, -25.02265972350847889 ) ) ;
#5730 = CARTESIAN_POINT ( 'NONE',  ( -78.16675655925735100, 14.44844083464038142, 72.12745550268864747 ) ) ;
#5731 = FACE_OUTER_BOUND ( 'NONE', #1060, .T. ) ;
#5732 = EDGE_CURVE ( 'NONE', #4460, #2815, #3062, .T. ) ;
#5733 = DIRECTION ( 'NONE',  ( 0.000000000000000000, -1.000000000000000000, 0.000000000000000000 ) ) ;
#5734 = ORIENTED_EDGE ( 'NONE', *, *, #5266, .T. ) ;
#5735 = CARTESIAN_POINT ( 'NONE',  ( -78.22528543864002870, 8.044579914725108694, 71.50122536205483925 ) ) ;
#5736 = EDGE_CURVE ( 'NONE', #4625, #4575, #1851, .T. ) ;
#5737 = DIRECTION ( 'NONE',  ( 1.000000000000000000, -0.000000000000000000, -0.000000000000000000 ) ) ;
#5738 = EDGE_CURVE ( 'NONE', #7431, #1406, #5801, .T. ) ;
#5739 = CARTESIAN_POINT ( 'NONE',  ( -76.01507438259685046, 14.44844083464038142, -24.49900777565718002 ) ) ;
#5740 = CARTESIAN_POINT ( 'NONE',  ( -74.77768383175860833, 9.448440834640395636, 70.89006495185046219 ) ) ;
#5741 = ORIENTED_EDGE ( 'NONE', *, *, #51, .T. ) ;
#5742 = CARTESIAN_POINT ( 'NONE',  ( 20.39020885960310636, 7.483343490911770424, 73.10378825055506979 ) ) ;
#5743 = CARTESIAN_POINT ( 'NONE',  ( 20.41790994917374746, 8.544635254624775911, 69.44516319650013259 ) ) ;
#5744 = FACE_OUTER_BOUND ( 'NONE', #3054, .T. ) ;
#5745 = ADVANCED_FACE ( 'NONE', ( #7327 ), #3844, .T. ) ;
#5746 = CARTESIAN_POINT ( 'NONE',  ( -77.19207379782589840, 8.520204089304565187, 73.53548693015436299 ) ) ;
#5747 = ORIENTED_EDGE ( 'NONE', *, *, #1231, .F. ) ;
#5748 = FACE_OUTER_BOUND ( 'NONE', #7008, .T. ) ;
#5749 = CARTESIAN_POINT ( 'NONE',  ( 19.17339370088422257, 8.745962970931811853, 73.81466951002229848 ) ) ;
#5750 = CARTESIAN_POINT ( 'NONE',  ( 8.722316168239592216, -20.55655916577720532, -17.85993504814758737 ) ) ;
#5751 = PLANE ( 'NONE',  #2832 ) ;
#5752 = CARTESIAN_POINT ( 'NONE',  ( 20.39591763448319028, 8.793748063501393375, -19.61891387774575435 ) ) ;
#5753 = CARTESIAN_POINT ( 'NONE',  ( 8.922316168238591416, 8.648440834640384267, -16.30993504814755113 ) ) ;
#5754 = ORIENTED_EDGE ( 'NONE', *, *, #5831, .T. ) ;
#5755 = CARTESIAN_POINT ( 'NONE',  ( -78.69040850711752455, -17.21822583202628465, 71.80324654174016530 ) ) ;
#5756 = CARTESIAN_POINT ( 'NONE',  ( 16.88643762230492840, 7.829588582881424230, 74.37428268316477897 ) ) ;
#5757 = CARTESIAN_POINT ( 'NONE',  ( 20.57131562098501121, 8.214674948177917102, 72.07282372795222614 ) ) ;
#5758 = CARTESIAN_POINT ( 'NONE',  ( -74.77768383175860833, -13.55155916535961858, -18.10993504814955557 ) ) ;
#5759 = VERTEX_POINT ( 'NONE', #371 ) ;
#5760 = ORIENTED_EDGE ( 'NONE', *, *, #6017, .F. ) ;
#5761 = CARTESIAN_POINT ( 'NONE',  ( -73.10069312292009158, 9.448440834640383201, 73.96214928703224700 ) ) ;
#5762 = CARTESIAN_POINT ( 'NONE',  ( -77.28885639209700287, -15.55155916535960969, -23.25310614401009346 ) ) ;
#5763 = CARTESIAN_POINT ( 'NONE',  ( -77.19265536635900560, -20.55155916535962035, -24.62687107686922516 ) ) ;
#5764 = CARTESIAN_POINT ( 'NONE',  ( -66.27768383176041311, -20.55655916577720532, 11.89006495185241441 ) ) ;
#5765 = CARTESIAN_POINT ( 'NONE',  ( 18.13549775813112674, 7.483345647514946464, 74.40071386808530463 ) ) ;
#5766 = DIRECTION ( 'NONE',  ( -0.000000000000000000, 0.000000000000000000, 1.000000000000000000 ) ) ;
#5767 = ORIENTED_EDGE ( 'NONE', *, *, #2817, .F. ) ;
#5768 = FACE_OUTER_BOUND ( 'NONE', #984, .T. ) ;
#5769 = ADVANCED_FACE ( 'NONE', ( #254 ), #3916, .F. ) ;
#5770 = CARTESIAN_POINT ( 'NONE',  ( -77.03734454233568840, 9.448440834640381425, 68.69650463347564084 ) ) ;
#5771 = DIRECTION ( 'NONE',  ( 0.000000000000000000, 0.000000000000000000, 1.000000000000000000 ) ) ;
#5772 = CARTESIAN_POINT ( 'NONE',  ( 21.13504084360030788, -20.55155916535962035, -22.02311663803929775 ) ) ;
#5773 = ORIENTED_EDGE ( 'NONE', *, *, #4571, .T. ) ;
#5774 = CARTESIAN_POINT ( 'NONE',  ( 20.73296409606115631, 7.483345647514999754, 71.88781830455550903 ) ) ;
#5775 = AXIS2_PLACEMENT_3D ( 'NONE', #4918, #7305, #3198 ) ;
#5776 = VECTOR ( 'NONE', #7372, 1000.000000000000000 ) ;
#5777 = EDGE_CURVE ( 'NONE', #7216, #3052, #3979, .T. ) ;
#5778 = DIRECTION ( 'NONE',  ( -0.000000000000000000, -1.000000000000000000, 0.000000000000000000 ) ) ;
#5779 = AXIS2_PLACEMENT_3D ( 'NONE', #1138, #6360, #530 ) ;
#5780 = CARTESIAN_POINT ( 'NONE',  ( -76.59101553065896439, 8.702053109628733907, 73.88820767323927896 ) ) ;
#5781 = ORIENTED_EDGE ( 'NONE', *, *, #153, .F. ) ;
#5782 = CARTESIAN_POINT ( 'NONE',  ( 18.22006952094645982, 7.483345647514996202, -24.62058297596931666 ) ) ;
#5783 = B_SPLINE_CURVE_WITH_KNOTS ( 'NONE', 3,
 ( #5772, #2857, #5244, #7581 ),
 .UNSPECIFIED., .F., .F.,
 ( 4, 4 ),
 ( 0.000000000000000000, 1.000000000000000000 ),
 .UNSPECIFIED. ) ;
#5784 = TOROIDAL_SURFACE ( 'NONE', #2717, 9.299999999999997158, 0.8000000000000000444 ) ;
#5785 = DIRECTION ( 'NONE',  ( 0.000000000000000000, 0.000000000000000000, 1.000000000000000000 ) ) ;
#5786 = CARTESIAN_POINT ( 'NONE',  ( -78.27771652498161359, 7.657507362951288421, 71.04877058798304290 ) ) ;
#5787 = DIRECTION ( 'NONE',  ( 0.000000000000000000, 1.000000000000000000, -0.000000000000000000 ) ) ;
#5788 = ADVANCED_FACE ( 'NONE', ( #2059 ), #3881, .F. ) ;
#5789 = AXIS2_PLACEMENT_3D ( 'NONE', #4197, #4682, #35 ) ;
#5790 = CARTESIAN_POINT ( 'NONE',  ( 19.64191870367863046, -15.55155916535961502, -23.34454299861558368 ) ) ;
#5791 = CARTESIAN_POINT ( 'NONE',  ( -73.07217881329091824, 8.973136777678947240, -24.17248287408881779 ) ) ;
#5792 = ORIENTED_EDGE ( 'NONE', *, *, #5421, .F. ) ;
#5793 = CARTESIAN_POINT ( 'NONE',  ( -66.27768383176041311, 9.448440834640383201, -19.10993504814758737 ) ) ;
#5794 = CARTESIAN_POINT ( 'NONE',  ( 17.22231616824143430, 8.948440834640383201, 74.39006495185043377 ) ) ;
#5795 = CIRCLE ( 'NONE', #1870, 0.8000000000000020428 ) ;
#5796 = DIRECTION ( 'NONE',  ( 0.000000000000000000, 0.000000000000000000, -1.000000000000000000 ) ) ;
#5797 = CARTESIAN_POINT ( 'NONE',  ( -66.77768383176139366, 8.248440834640383912, 20.39006495185253343 ) ) ;
#5798 = ORIENTED_EDGE ( 'NONE', *, *, #1369, .T. ) ;
#5799 = ORIENTED_EDGE ( 'NONE', *, *, #7519, .F. ) ;
#5800 = DIRECTION ( 'NONE',  ( 0.000000000000000000, 0.000000000000000000, 1.000000000000000000 ) ) ;
#5801 = CIRCLE ( 'NONE', #2490, 3.000000000000002665 ) ;
#5802 = CARTESIAN_POINT ( 'NONE',  ( -74.69482693784073035, 7.686655007327563460, -24.60956892792388118 ) ) ;
#5803 = CARTESIAN_POINT ( 'NONE',  ( -77.02052313484576018, -15.55155916535962213, -24.71907654424767031 ) ) ;
#5804 = CARTESIAN_POINT ( 'NONE',  ( -77.07721776224943255, 9.327239211377744255, 67.98205759732329057 ) ) ;
#5805 = CARTESIAN_POINT ( 'NONE',  ( 19.71244417935370663, 8.061416763182492673, 73.86116987492000874 ) ) ;
#5806 = CIRCLE ( 'NONE', #6294, 0.8000000000000020428 ) ;
#5807 = CARTESIAN_POINT ( 'NONE',  ( 0.000000000000000000, -20.55155916535962035, 74.80278962720933578 ) ) ;
#5808 = ORIENTED_EDGE ( 'NONE', *, *, #680, .T. ) ;
#5809 = CYLINDRICAL_SURFACE ( 'NONE', #202, 8.500000000000007105 ) ;
#5810 = VECTOR ( 'NONE', #6084, 1000.000000000000000 ) ;
#5811 = CARTESIAN_POINT ( 'NONE',  ( 14.81076916905742102, 9.191949258866888073, 73.55046496884872909 ) ) ;
#5812 = PLANE ( 'NONE',  #2255 ) ;
#5813 = ORIENTED_EDGE ( 'NONE', *, *, #4058, .T. ) ;
#5814 = CARTESIAN_POINT ( 'NONE',  ( 18.13549775812944631, 8.052076284336097345, -24.52761987235954777 ) ) ;
#5815 = EDGE_CURVE ( 'NONE', #6005, #411, #3302, .T. ) ;
#5816 = DIRECTION ( 'NONE',  ( 0.000000000000000000, 1.000000000000000000, -0.000000000000000000 ) ) ;
#5817 = CARTESIAN_POINT ( 'NONE',  ( -75.48314752358170665, 8.123777977571778663, 74.31957771201932417 ) ) ;
#5818 = ORIENTED_EDGE ( 'NONE', *, *, #3070, .T. ) ;
#5819 = CARTESIAN_POINT ( 'NONE',  ( -66.77768383176139366, 9.448440834640383201, 21.19006495185253058 ) ) ;
#5820 = EDGE_CURVE ( 'NONE', #6161, #7431, #3974, .T. ) ;
#5821 = CARTESIAN_POINT ( 'NONE',  ( -75.33201807091896285, 7.996142816355203742, 74.34829904757890517 ) ) ;
#5822 = DIRECTION ( 'NONE',  ( 0.000000000000000000, -1.000000000000000000, 0.000000000000000000 ) ) ;
#5823 = DIRECTION ( 'NONE',  ( -0.000000000000000000, 0.000000000000000000, -1.000000000000000000 ) ) ;
#5824 = ADVANCED_FACE ( 'NONE', ( #914 ), #2505, .T. ) ;
#5825 = CIRCLE ( 'NONE', #2518, 0.4999999999999998890 ) ;
#5826 = CARTESIAN_POINT ( 'NONE',  ( 17.58442584731622915, 7.848648173422913210, 74.37188113851394178 ) ) ;
#5827 = CARTESIAN_POINT ( 'NONE',  ( -77.40743977332688530, 7.483345640559551981, 73.76009882621794134 ) ) ;
#5828 = ORIENTED_EDGE ( 'NONE', *, *, #4986, .T. ) ;
#5829 = CARTESIAN_POINT ( 'NONE',  ( -78.69040850711752455, -15.55155916535961858, 71.80324654174016530 ) ) ;
#5830 = CARTESIAN_POINT ( 'NONE',  ( 17.38495565868838000, 7.721933119529253986, 74.38668609278191468 ) ) ;
#5831 = EDGE_CURVE ( 'NONE', #285, #2552, #4696, .T. ) ;
#5832 = FACE_BOUND ( 'NONE', #6705, .T. ) ;
#5833 = CARTESIAN_POINT ( 'NONE',  ( 19.95040889267104944, 9.044040304693613308, -18.48949987950349083 ) ) ;
#5834 = ORIENTED_EDGE ( 'NONE', *, *, #5588, .T. ) ;
#5835 = ORIENTED_EDGE ( 'NONE', *, *, #6671, .F. ) ;
#5836 = CARTESIAN_POINT ( 'NONE',  ( -72.58452148248962033, 9.448440834640383201, 73.14902005156878317 ) ) ;
#5837 = CARTESIAN_POINT ( 'NONE',  ( -75.16289241323423198, 7.750563299783739701, -24.59852992928537674 ) ) ;
#5838 = CIRCLE ( 'NONE', #4015, 8.500000000000000000 ) ;
#5839 = CARTESIAN_POINT ( 'NONE',  ( -74.45925940495125417, 7.809366199491848626, -24.59733985054307226 ) ) ;
#5840 = CARTESIAN_POINT ( 'NONE',  ( -78.38630490513686766, -20.55155916535961680, -23.35363382436985447 ) ) ;
#5841 = CARTESIAN_POINT ( 'NONE',  ( -77.43808384875718787, 9.191949258866756622, 68.47851795266686281 ) ) ;
#5842 = CARTESIAN_POINT ( 'NONE',  ( 20.72141762454674208, 7.667234662100907983, -21.29580875129395423 ) ) ;
#5843 = DIRECTION ( 'NONE',  ( -0.000000000000000000, -1.000000000000000000, 0.000000000000000000 ) ) ;
#5844 = ORIENTED_EDGE ( 'NONE', *, *, #5927, .F. ) ;
#5845 = AXIS2_PLACEMENT_3D ( 'NONE', #5847, #7432, #6276 ) ;
#5846 = CARTESIAN_POINT ( 'NONE',  ( -77.15996889129661440, 9.256231991948084215, 67.84036252286867352 ) ) ;
#5847 = CARTESIAN_POINT ( 'NONE',  ( 0.000000000000000000, -15.55155916535961858, 73.80278962720933578 ) ) ;
#5848 = AXIS2_PLACEMENT_3D ( 'NONE', #7017, #2835, #4006 ) ;
#5849 = DIRECTION ( 'NONE',  ( 0.000000000000000000, 1.000000000000000000, -0.000000000000000000 ) ) ;
#5850 = ORIENTED_EDGE ( 'NONE', *, *, #1612, .T. ) ;
#5851 = CARTESIAN_POINT ( 'NONE',  ( 20.73925219696099376, -15.55155916535961858, -23.52490658274993152 ) ) ;
#5852 = CARTESIAN_POINT ( 'NONE',  ( 20.53417676167687134, -15.55155916535961858, 73.64667287588748934 ) ) ;
#5853 = CARTESIAN_POINT ( 'NONE',  ( -73.90730154593589418, 8.136072262633661012, 74.28650549775906597 ) ) ;
#5854 = EDGE_LOOP ( 'NONE', ( #3772, #1209, #7321, #5896 ) ) ;
#5855 = CARTESIAN_POINT ( 'NONE',  ( -55.57768383176139793, 8.648440834640384267, 28.59006495185253272 ) ) ;
#5856 = CARTESIAN_POINT ( 'NONE',  ( -74.77768383175880729, 7.682209202646174795, 74.39006495185046219 ) ) ;
#5857 = CARTESIAN_POINT ( 'NONE',  ( 7.322316168238584666, 8.248440834640383912, -16.30993504814755113 ) ) ;
#5858 = CARTESIAN_POINT ( 'NONE',  ( 20.39429322109197429, -20.55155916535961680, 73.78663065650290775 ) ) ;
#5859 = EDGE_CURVE ( 'NONE', #6967, #837, #6514, .T. ) ;
#5860 = DIRECTION ( 'NONE',  ( 0.000000000000000000, 0.000000000000000000, 1.000000000000000000 ) ) ;
#5861 = CARTESIAN_POINT ( 'NONE',  ( -28.77768383176221079, 9.448440834640383201, 30.59006495185252916 ) ) ;
#5862 = ORIENTED_EDGE ( 'NONE', *, *, #5400, .F. ) ;
#5863 = DIRECTION ( 'NONE',  ( 3.396588565962585060E-11, 0.000000000000000000, 1.000000000000000000 ) ) ;
#5864 = EDGE_CURVE ( 'NONE', #6421, #1181, #1389, .T. ) ;
#5865 = B_SPLINE_CURVE_WITH_KNOTS ( 'NONE', 3,
 ( #5116, #5235, #5197, #2804, #6956, #7573, #5692, #6265, #2307, #549 ),
 .UNSPECIFIED., .F., .F.,
 ( 4, 2, 2, 2, 4 ),
 ( 0.000000000000000000, 0.2499999999999997224, 0.5000000000000000000, 0.7500000000000003331, 1.000000000000000000 ),
 .UNSPECIFIED. ) ;
#5866 = CARTESIAN_POINT ( 'NONE',  ( 20.39707974000764779, -20.55155916535962035, 71.80324654174016530 ) ) ;
#5867 = DIRECTION ( 'NONE',  ( 0.000000000000000000, 1.000000000000000000, -0.000000000000000000 ) ) ;
#5868 = CARTESIAN_POINT ( 'NONE',  ( -72.96965921261937638, 9.448440834640383201, 73.32097462019142142 ) ) ;
#5869 = ORIENTED_EDGE ( 'NONE', *, *, #6112, .F. ) ;
#5870 = ORIENTED_EDGE ( 'NONE', *, *, #6207, .T. ) ;
#5871 = EDGE_CURVE ( 'NONE', #5051, #7062, #521, .T. ) ;
#5872 = CARTESIAN_POINT ( 'NONE',  ( -74.93638946789180011, 7.657507362951426977, -24.60996774137255017 ) ) ;
#5873 = CARTESIAN_POINT ( 'NONE',  ( -78.28404880877118899, 7.483344986273594124, -22.19392986034245752 ) ) ;
#5874 = CARTESIAN_POINT ( 'NONE',  ( -78.19720162398979824, 8.054643552700341047, -21.86478532535158337 ) ) ;
#5875 = B_SPLINE_CURVE_WITH_KNOTS ( 'NONE', 3,
 ( #6181, #6832, #5605, #7334, #7407, #1569, #5068, #7481, #2683, #924, #2066, #6286 ),
 .UNSPECIFIED., .F., .F.,
 ( 4, 2, 2, 2, 2, 4 ),
 ( 0.000000000000000000, 0.0008834104337398907382, 0.001325115650609836162, 0.001766820867479781476, 0.002650231301219672323, 0.003533641734959562953 ),
 .UNSPECIFIED. ) ;
#5876 = FACE_OUTER_BOUND ( 'NONE', #6493, .T. ) ;
#5877 = CARTESIAN_POINT ( 'NONE',  ( 20.32455060037355921, 8.668197589932226776, -19.16078645618906506 ) ) ;
#5878 = DIRECTION ( 'NONE',  ( 0.000000000000000000, 0.000000000000000000, 1.000000000000000000 ) ) ;
#5879 = VERTEX_POINT ( 'NONE', #6281 ) ;
#5880 = CARTESIAN_POINT ( 'NONE',  ( 18.13549775813112674, 14.44844083464038142, 74.27913767936280465 ) ) ;
#5881 = ADVANCED_FACE ( 'NONE', ( #3381 ), #449, .F. ) ;
#5882 = CARTESIAN_POINT ( 'NONE',  ( -76.26022506144721547, 9.448239009812754219, 67.17212435941080173 ) ) ;
#5883 = CARTESIAN_POINT ( 'NONE',  ( 15.23523225171319950, 8.915084426767231562, -24.00111777864527696 ) ) ;
#5884 = CARTESIAN_POINT ( 'NONE',  ( -55.57768383176139793, 9.448440834640383201, 28.59006495185253272 ) ) ;
#5885 = ORIENTED_EDGE ( 'NONE', *, *, #6247, .T. ) ;
#5886 = CARTESIAN_POINT ( 'NONE',  ( -77.96126505668162565, 8.544942509756003446, 71.95888302535963987 ) ) ;
#5887 = ORIENTED_EDGE ( 'NONE', *, *, #4686, .T. ) ;
#5888 = DIRECTION ( 'NONE',  ( -0.000000000000000000, -1.000000000000000000, 0.000000000000000000 ) ) ;
#5889 = CARTESIAN_POINT ( 'NONE',  ( -76.18919690111913212, 8.436593525142608740, 74.09673531954472026 ) ) ;
#5890 = EDGE_LOOP ( 'NONE', ( #3014, #4895, #5433, #3877 ) ) ;
#5891 = CARTESIAN_POINT ( 'NONE',  ( -74.77768383175880729, 7.682209202646174795, 74.39006495185046219 ) ) ;
#5893 = CARTESIAN_POINT ( 'NONE',  ( -66.47768383176139650, 7.448440834640383201, -16.30993504814755468 ) ) ;
#5892 = AXIS2_PLACEMENT_3D ( 'NONE', #1091, #1707, #5771 ) ;
#5894 = AXIS2_PLACEMENT_3D ( 'NONE', #854, #5042, #1349 ) ;
#5895 = CYLINDRICAL_SURFACE ( 'NONE', #5899, 8.499999999999992895 ) ;
#5896 = ORIENTED_EDGE ( 'NONE', *, *, #385, .F. ) ;
#5897 = CARTESIAN_POINT ( 'NONE',  ( 20.50960869050849311, 8.377809666587813453, 69.43248253771133705 ) ) ;
#5898 = CARTESIAN_POINT ( 'NONE',  ( 7.322316168238584666, 9.448440834640383201, -17.10993504814754829 ) ) ;
#5899 = AXIS2_PLACEMENT_3D ( 'NONE', #564, #2404, #6324 ) ;
#5900 = CARTESIAN_POINT ( 'NONE',  ( -28.77768383176202605, 8.248440834640383912, 53.39006495185253698 ) ) ;
#5901 = CARTESIAN_POINT ( 'NONE',  ( 19.73323650852285738, -15.54555916535871418, 73.03304355853306618 ) ) ;
#5902 = VERTEX_POINT ( 'NONE', #5814 ) ;
#5903 = DIRECTION ( 'NONE',  ( -0.000000000000000000, -1.000000000000000000, 0.000000000000000000 ) ) ;
#5904 = CARTESIAN_POINT ( 'NONE',  ( 13.96911814985610256, 9.948188553605818996, 72.18107333802528558 ) ) ;
#5905 = CARTESIAN_POINT ( 'NONE',  ( 17.22231616824143430, 9.448440834640395636, 70.89006495185043377 ) ) ;
#5906 = DIRECTION ( 'NONE',  ( 0.000000000000000000, 1.000000000000000000, -0.000000000000000000 ) ) ;
#5907 = ORIENTED_EDGE ( 'NONE', *, *, #395, .F. ) ;
#5908 = VECTOR ( 'NONE', #5382, 1000.000000000000000 ) ;
#5909 = VERTEX_POINT ( 'NONE', #6387 ) ;
#5910 = CARTESIAN_POINT ( 'NONE',  ( 8.122316168238594258, 8.648440834640384267, 9.090064951852532715 ) ) ;
#5911 = TOROIDAL_SURFACE ( 'NONE', #2952, 9.299999999999998934, 0.8000000000000000444 ) ;
#5912 = CARTESIAN_POINT ( 'NONE',  ( 19.64034875590036577, -20.55155916535962035, -24.62518898941106826 ) ) ;
#5913 = VECTOR ( 'NONE', #4814, 1000.000000000000000 ) ;
#5914 = CARTESIAN_POINT ( 'NONE',  ( -78.27340895747842353, 7.730273955584513246, -20.92826875018389998 ) ) ;
#5915 = EDGE_CURVE ( 'NONE', #6065, #7101, #282, .T. ) ;
#5916 = DIRECTION ( 'NONE',  ( 0.5951998735714316702, 0.8035776941282976038, 0.000000000000000000 ) ) ;
#5917 = CARTESIAN_POINT ( 'NONE',  ( 20.72286089702680911, 7.653685632217819723, -21.09892282315635015 ) ) ;
#5918 = DIRECTION ( 'NONE',  ( 0.000000000000000000, 0.000000000000000000, 1.000000000000000000 ) ) ;
#5919 = ORIENTED_EDGE ( 'NONE', *, *, #1096, .T. ) ;
#5920 = CARTESIAN_POINT ( 'NONE',  ( 19.09632192892246749, 9.423548506768138822, 67.39613926959019352 ) ) ;
#5921 = VECTOR ( 'NONE', #6252, 1000.000000000000000 ) ;
#5922 = ADVANCED_FACE ( 'NONE', ( #6968 ), #423, .T. ) ;
#5923 = CARTESIAN_POINT ( 'NONE',  ( 17.22231616824142364, 34.44844083464037965, -21.10993504814957689 ) ) ;
#5924 = CARTESIAN_POINT ( 'NONE',  ( 17.34469075433369767, 7.646448962280486761, -24.61107791630717401 ) ) ;
#5925 = VECTOR ( 'NONE', #2538, 1000.000000000000000 ) ;
#5926 = LINE ( 'NONE', #6581, #1994 ) ;
#5927 = EDGE_CURVE ( 'NONE', #6664, #6628, #5434, .T. ) ;
#5928 = ORIENTED_EDGE ( 'NONE', *, *, #1970, .T. ) ;
#5929 = CARTESIAN_POINT ( 'NONE',  ( -77.93393625299263761, 8.061416751946291370, 73.10338930305688621 ) ) ;
#5930 = ORIENTED_EDGE ( 'NONE', *, *, #7519, .T. ) ;
#5931 = AXIS2_PLACEMENT_3D ( 'NONE', #3562, #2981, #792 ) ;
#5932 = CARTESIAN_POINT ( 'NONE',  ( -65.67768383176139935, 8.248440834640383912, 9.890064951852535202 ) ) ;
#5933 = VECTOR ( 'NONE', #1971, 1000.000000000000000 ) ;
#5934 = CARTESIAN_POINT ( 'NONE',  ( -74.88476159457141534, 7.695950993725134914, 74.38891887552135529 ) ) ;
#5935 = EDGE_LOOP ( 'NONE', ( #2775, #3171, #7560, #6411 ) ) ;
#5936 = DIRECTION ( 'NONE',  ( 0.000000000000000000, 0.000000000000000000, -1.000000000000000000 ) ) ;
#5937 = CARTESIAN_POINT ( 'NONE',  ( 14.45321549129603866, 9.448440834640383201, -23.10726560447666245 ) ) ;
#5938 = DIRECTION ( 'NONE',  ( -1.000000000000000000, 0.000000000000000000, 1.284980352575409248E-16 ) ) ;
#5939 = VERTEX_POINT ( 'NONE', #6006 ) ;
#5940 = FACE_OUTER_BOUND ( 'NONE', #1927, .T. ) ;
#5941 = CARTESIAN_POINT ( 'NONE',  ( 18.52835116461279696, -20.55155916535962390, 74.78318753522540874 ) ) ;
#5942 = CARTESIAN_POINT ( 'NONE',  ( 17.22231616824157641, 7.682209202646506085, 74.39006495185043377 ) ) ;
#5943 = CARTESIAN_POINT ( 'NONE',  ( -76.11405909192851027, 7.483343549068618650, 74.36725615184163019 ) ) ;
#5944 = VERTEX_POINT ( 'NONE', #5971 ) ;
#5945 = FACE_BOUND ( 'NONE', #7456, .T. ) ;
#5946 = CARTESIAN_POINT ( 'NONE',  ( 14.03918338311312830, 9.465962080432385406, 72.35645854770677943 ) ) ;
#5947 = CARTESIAN_POINT ( 'NONE',  ( 3.733269694163487973, 8.248440834640383912, 24.89006495185043377 ) ) ;
#5948 = CARTESIAN_POINT ( 'NONE',  ( 8.122316168238590706, 8.648440834640384267, -17.10993504814754829 ) ) ;
#5949 = ORIENTED_EDGE ( 'NONE', *, *, #5499, .F. ) ;
#5950 = EDGE_LOOP ( 'NONE', ( #7203, #406, #7307, #6829 ) ) ;
#5951 = DIRECTION ( 'NONE',  ( -0.000000000000000000, 1.000000000000000000, -0.000000000000000000 ) ) ;
#5952 = CARTESIAN_POINT ( 'NONE',  ( 3.733269694163487973, 8.248440834640383912, 24.89006495185043377 ) ) ;
#5953 = CARTESIAN_POINT ( 'NONE',  ( 12.60250560179055412, -15.55155916535962213, 72.80248497112151540 ) ) ;
#5954 = CIRCLE ( 'NONE', #5344, 0.8000000000000003775 ) ;
#5955 = EDGE_CURVE ( 'NONE', #2548, #628, #710, .T. ) ;
#5956 = CARTESIAN_POINT ( 'NONE',  ( -28.77768383176221079, 8.648440834640384267, 48.39006495185252987 ) ) ;
#5957 = CARTESIAN_POINT ( 'NONE',  ( -77.37415461826876140, 8.788141924602363986, -23.46316474036589383 ) ) ;
#5958 = CARTESIAN_POINT ( 'NONE',  ( 20.72100660830506769, 7.671136679936782166, -21.22465191258489980 ) ) ;
#5959 = DIRECTION ( 'NONE',  ( -1.000000000000000000, 0.000000000000000000, 0.000000000000000000 ) ) ;
#5960 = ORIENTED_EDGE ( 'NONE', *, *, #4553, .T. ) ;
#5961 = FACE_OUTER_BOUND ( 'NONE', #4055, .T. ) ;
#5962 = AXIS2_PLACEMENT_3D ( 'NONE', #605, #1652, #537 ) ;
#5963 = B_SPLINE_CURVE_WITH_KNOTS ( 'NONE', 3,
 ( #2422, #698, #5873, #4723, #1190, #3041, #2338, #613, #3076, #1885, #5381, #2999, #582, #3544, #1343, #4237, #5303, #5342 ),
 .UNSPECIFIED., .F., .F.,
 ( 4, 2, 2, 2, 2, 2, 2, 2, 4 ),
 ( -5.999999997945556784E-08, 0.0002536552884641119008, 0.0005073705769282032792, 0.001014801153856386036, 0.001522231730784568901, 0.002029662307712751766, 0.002537092884640935065, 0.003044523461569117496, 0.004059384615425520523 ),
 .UNSPECIFIED. ) ;
#5964 = EDGE_CURVE ( 'NONE', #6583, #6822, #6584, .T. ) ;
#5965 = CARTESIAN_POINT ( 'NONE',  ( -77.87991826389000494, 8.668197589933184233, 68.94091635988752387 ) ) ;
#5966 = CARTESIAN_POINT ( 'NONE',  ( 15.67360640390772630, 8.432253156809098371, -24.36791312435644130 ) ) ;
#5967 = ADVANCED_FACE ( 'NONE', ( #167 ), #4855, .F. ) ;
#5968 = CARTESIAN_POINT ( 'NONE',  ( 15.41040975277674896, 9.448440834640383201, 73.32899313847492806 ) ) ;
#5969 = AXIS2_PLACEMENT_3D ( 'NONE', #5092, #2279, #442 ) ;
#5970 = ORIENTED_EDGE ( 'NONE', *, *, #2674, .F. ) ;
#5971 = CARTESIAN_POINT ( 'NONE',  ( -71.07403435556572902, 9.448440834640383201, 72.40101847777251010 ) ) ;
#5972 = ORIENTED_EDGE ( 'NONE', *, *, #1984, .F. ) ;
#5973 = CARTESIAN_POINT ( 'NONE',  ( 21.13504084360030078, -20.55155916535962035, 71.80324654174016530 ) ) ;
#5974 = ADVANCED_FACE ( 'NONE', ( #6119 ), #2087, .T. ) ;
#5975 = CARTESIAN_POINT ( 'NONE',  ( -75.14499164954541754, 7.740352189236652691, 74.38021010294161783 ) ) ;
#5976 = ORIENTED_EDGE ( 'NONE', *, *, #4599, .F. ) ;
#5977 = CARTESIAN_POINT ( 'NONE',  ( -75.95249272193325396, -15.54555916535961302, -24.02234526944337389 ) ) ;
#5978 = CARTESIAN_POINT ( 'NONE',  ( 13.88387961537421766, 9.448440834640383201, -22.83185309612538916 ) ) ;
#5979 = B_SPLINE_CURVE_WITH_KNOTS ( 'NONE', 1,
 ( #2247, #4026 ),
 .UNSPECIFIED., .F., .F.,
 ( 2, 2 ),
 ( 0.000000000000000000, 1.000000000000000000 ),
 .UNSPECIFIED. ) ;
#5980 = CARTESIAN_POINT ( 'NONE',  ( -77.95244740353271595, -20.55155916535962035, 71.80324654172990506 ) ) ;
#5981 = VERTEX_POINT ( 'NONE', #4972 ) ;
#5982 = DIRECTION ( 'NONE',  ( 0.000000000000000000, -1.000000000000000000, 0.000000000000000000 ) ) ;
#5983 = FACE_OUTER_BOUND ( 'NONE', #7277, .T. ) ;
#5984 = ADVANCED_FACE ( 'NONE', ( #1436 ), #3907, .T. ) ;
#5985 = CARTESIAN_POINT ( 'NONE',  ( 18.43910153205611735, -21.55755916535962768, 74.11755074220945971 ) ) ;
#5986 = ORIENTED_EDGE ( 'NONE', *, *, #4553, .F. ) ;
#5987 = DIRECTION ( 'NONE',  ( 1.000000000000000000, 0.000000000000000000, 0.000000000000000000 ) ) ;
#5988 = DIRECTION ( 'NONE',  ( 0.000000000000000000, 1.000000000000000000, -0.000000000000000000 ) ) ;
#5989 = DIRECTION ( 'NONE',  ( 0.000000000000000000, -1.000000000000000000, 0.000000000000000000 ) ) ;
#5990 = CARTESIAN_POINT ( 'NONE',  ( 7.322316168238584666, 7.448440834640383201, -16.30993504814755113 ) ) ;
#5991 = ORIENTED_EDGE ( 'NONE', *, *, #4857, .T. ) ;
#5992 = ORIENTED_EDGE ( 'NONE', *, *, #431, .F. ) ;
#5993 = CARTESIAN_POINT ( 'NONE',  ( -78.11066402302560618, 8.406233476643604874, -22.18970386768944891 ) ) ;
#5994 = FACE_OUTER_BOUND ( 'NONE', #1262, .T. ) ;
#5995 = CARTESIAN_POINT ( 'NONE',  ( -77.72260067582563181, 8.477494704198782927, -23.13982998955308545 ) ) ;
#5996 = CARTESIAN_POINT ( 'NONE',  ( 19.14244189208523750, -15.54555916535961302, -23.76980363964643317 ) ) ;
#5997 = CIRCLE ( 'NONE', #1581, 0.7999999999999986011 ) ;
#5998 = CARTESIAN_POINT ( 'NONE',  ( 20.49638910416307525, 8.410864462883759884, -19.85338404730624617 ) ) ;
#5999 = DIRECTION ( 'NONE',  ( 0.000000000000000000, 0.000000000000000000, 1.000000000000000000 ) ) ;
#6000 = EDGE_LOOP ( 'NONE', ( #1591, #7354, #981, #6486 ) ) ;
#6001 = CARTESIAN_POINT ( 'NONE',  ( 19.38249147199703515, 14.44844083463901896, 73.96666761477311525 ) ) ;
#6002 = CARTESIAN_POINT ( 'NONE',  ( -78.21928519255608592, 7.991439837614827013, 70.21840417278117741 ) ) ;
#6003 = CARTESIAN_POINT ( 'NONE',  ( 17.64092675471393079, 7.890372993056246287, -24.58617426081399060 ) ) ;
#6004 = DIRECTION ( 'NONE',  ( 0.000000000000000000, 0.000000000000000000, 1.000000000000000000 ) ) ;
#6005 = VERTEX_POINT ( 'NONE', #6736 ) ;
#6006 = CARTESIAN_POINT ( 'NONE',  ( 17.22231616824142364, -13.55155916535961858, -24.10993504814958044 ) ) ;
#6007 = VERTEX_POINT ( 'NONE', #3871 ) ;
#6008 = CARTESIAN_POINT ( 'NONE',  ( 18.91158692669901953, -15.55155916535961858, 74.70706510452808402 ) ) ;
#6009 = EDGE_CURVE ( 'NONE', #6583, #902, #3487, .T. ) ;
#6010 = CARTESIAN_POINT ( 'NONE',  ( 8.922316168238594969, 9.448440834640383201, 9.890064951852531649 ) ) ;
#6011 = ORIENTED_EDGE ( 'NONE', *, *, #6867, .F. ) ;
#6012 = CARTESIAN_POINT ( 'NONE',  ( 13.87659378958408851, 9.448440834640463137, -22.84373632981388624 ) ) ;
#6013 = CARTESIAN_POINT ( 'NONE',  ( 13.51866669204860294, 9.448440834640386754, -22.62088857407177045 ) ) ;
#6014 = FACE_OUTER_BOUND ( 'NONE', #2302, .T. ) ;
#6015 = EDGE_LOOP ( 'NONE', ( #5060, #6200 ) ) ;
#6016 = CARTESIAN_POINT ( 'NONE',  ( 19.95040889266769568, 9.044040304696085997, 68.26962978319959063 ) ) ;
#6017 = EDGE_CURVE ( 'NONE', #1181, #7283, #7031, .T. ) ;
#6018 = CARTESIAN_POINT ( 'NONE',  ( 20.73296508447628028, 7.483345647514950016, -22.02311663803929775 ) ) ;
#6019 = ADVANCED_FACE ( 'NONE', ( #3757 ), #3326, .F. ) ;
#6020 = ORIENTED_EDGE ( 'NONE', *, *, #3545, .T. ) ;
#6021 = DIRECTION ( 'NONE',  ( 0.000000000000000000, 0.000000000000000000, 1.000000000000000000 ) ) ;
#6022 = AXIS2_PLACEMENT_3D ( 'NONE', #4711, #3566, #5291 ) ;
#6023 = CARTESIAN_POINT ( 'NONE',  ( -48.77768383176253764, 8.648440834640384267, 50.89006495185252277 ) ) ;
#6024 = CARTESIAN_POINT ( 'NONE',  ( 20.72259713391018465, 7.678798450549450649, 70.93839422570160025 ) ) ;
#6025 = DIRECTION ( 'NONE',  ( -0.000000000000000000, -1.000000000000000000, 0.000000000000000000 ) ) ;
#6026 = VERTEX_POINT ( 'NONE', #5697 ) ;
#6027 = AXIS2_PLACEMENT_3D ( 'NONE', #4714, #4185, #5333 ) ;
#6028 = CARTESIAN_POINT ( 'NONE',  ( -78.09523863833626933, 8.305923014577933472, -22.23662610992192867 ) ) ;
#6029 = FACE_OUTER_BOUND ( 'NONE', #11, .T. ) ;
#6030 = CARTESIAN_POINT ( 'NONE',  ( -77.42255563740368984, 8.520204480255086921, -23.52487595412264199 ) ) ;
#6031 = CIRCLE ( 'NONE', #887, 0.7999999999999986011 ) ;
#6032 = CARTESIAN_POINT ( 'NONE',  ( 18.39947726653492310, -15.54555916535960947, -24.02234527014865506 ) ) ;
#6033 = PLANE ( 'NONE',  #1172 ) ;
#6034 = CARTESIAN_POINT ( 'NONE',  ( -48.77768383176253764, 8.248440834640383912, 41.59006495185253272 ) ) ;
#6035 = ORIENTED_EDGE ( 'NONE', *, *, #7513, .F. ) ;
#6036 = CARTESIAN_POINT ( 'NONE',  ( -8.777683831760253241, 7.448440834640384978, 59.39006495185252277 ) ) ;
#6037 = CARTESIAN_POINT ( 'NONE',  ( 19.39313511694346559, 9.448440834640384978, 68.04776980308145085 ) ) ;
#6038 = CARTESIAN_POINT ( 'NONE',  ( 16.35193388242630519, 8.136072262626981910, -24.50637559406044019 ) ) ;
#6039 = CARTESIAN_POINT ( 'NONE',  ( -70.01144638042410406, 7.448440834640383201, -22.62088857407165676 ) ) ;
#6040 = CARTESIAN_POINT ( 'NONE',  ( 20.72287465048077237, 8.061418476033869851, 71.98110565709318109 ) ) ;
#6041 = CIRCLE ( 'NONE', #6895, 0.8000000000000003775 ) ;
#6042 = EDGE_LOOP ( 'NONE', ( #2796, #5414 ) ) ;
#6043 = CARTESIAN_POINT ( 'NONE',  ( -77.40540788202068256, 8.544942533166722143, 73.29963848504961277 ) ) ;
#6044 = ORIENTED_EDGE ( 'NONE', *, *, #3017, .F. ) ;
#6045 = LINE ( 'NONE', #786, #5933 ) ;
#6046 = B_SPLINE_CURVE_WITH_KNOTS ( 'NONE', 3,
 ( #2315, #1163, #591, #1592, #4654, #4517, #6313, #5159, #2170, #1629, #4025, #3987 ),
 .UNSPECIFIED., .F., .F.,
 ( 4, 2, 2, 2, 2, 4 ),
 ( 0.0009727377700254943166, 0.001109966410604050751, 0.001247195051182607402, 0.001521652332339754315, 0.002070566894654015180, 0.003168396019282502651 ),
 .UNSPECIFIED. ) ;
#6047 = CARTESIAN_POINT ( 'NONE',  ( 17.22231616824143430, 8.948440834640383201, 70.89006495185043377 ) ) ;
#6048 = AXIS2_PLACEMENT_3D ( 'NONE', #98, #1868, #7208 ) ;
#6049 = CARTESIAN_POINT ( 'NONE',  ( -77.19571641941746520, -20.55155916535961325, 74.40531889311155567 ) ) ;
#6050 = ORIENTED_EDGE ( 'NONE', *, *, #476, .F. ) ;
#6051 = CARTESIAN_POINT ( 'NONE',  ( -66.77768383176137945, 8.248440834640383912, 28.59006495185253272 ) ) ;
#6052 = CARTESIAN_POINT ( 'NONE',  ( 13.51866669204838800, 9.448440834640386754, -22.62088857407124820 ) ) ;
#6053 = CARTESIAN_POINT ( 'NONE',  ( -78.18525552444089044, 8.202985146767037605, -21.90896893931467559 ) ) ;
#6054 = EDGE_CURVE ( 'NONE', #837, #5663, #4650, .T. ) ;
#6055 = ORIENTED_EDGE ( 'NONE', *, *, #2028, .T. ) ;
#6056 = CARTESIAN_POINT ( 'NONE',  ( 18.95611744991758840, 9.448440834640525310, 67.54434257318543189 ) ) ;
#6057 = CARTESIAN_POINT ( 'NONE',  ( 20.70534377859262776, 8.061416804049516216, -22.36580216523580233 ) ) ;
#6058 = ADVANCED_FACE ( 'NONE', ( #5201 ), #4618, .F. ) ;
#6059 = CARTESIAN_POINT ( 'NONE',  ( 20.61033265295742822, 8.145791044632161970, -22.15572090495957625 ) ) ;
#6060 = ORIENTED_EDGE ( 'NONE', *, *, #4840, .F. ) ;
#6061 = FACE_BOUND ( 'NONE', #7151, .T. ) ;
#6062 = CARTESIAN_POINT ( 'NONE',  ( 20.29440050342322266, 8.948440834640386754, -19.43294433931108856 ) ) ;
#6063 = ADVANCED_FACE ( 'NONE', ( #5238 ), #6848, .T. ) ;
#6064 = LINE ( 'NONE', #4383, #1419 ) ;
#6065 = VERTEX_POINT ( 'NONE', #6881 ) ;
#6066 = CARTESIAN_POINT ( 'NONE',  ( -77.53125301762423760, 8.511493513878013673, -23.39866840084688349 ) ) ;
#6067 = ADVANCED_FACE ( 'NONE', ( #1667 ), #3370, .T. ) ;
#6068 = CARTESIAN_POINT ( 'NONE',  ( -74.39278320792199395, 7.865988062565106631, -24.58904819956092069 ) ) ;
#6069 = EDGE_CURVE ( 'NONE', #4340, #2989, #1586, .T. ) ;
#6070 = CARTESIAN_POINT ( 'NONE',  ( -78.19735823792636609, 8.060620197517380348, -20.18163299734228744 ) ) ;
#6071 = DIRECTION ( 'NONE',  ( 0.000000000000000000, 1.000000000000000000, -0.000000000000000000 ) ) ;
#6072 = CARTESIAN_POINT ( 'NONE',  ( -74.77768383175860833, -15.55155916535962213, 72.49006495185045651 ) ) ;
#6073 = ORIENTED_EDGE ( 'NONE', *, *, #3156, .F. ) ;
#6074 = PLANE ( 'NONE',  #6266 ) ;
#6075 = ADVANCED_FACE ( 'NONE', ( #3441 ), #2774, .F. ) ;
#6076 = AXIS2_PLACEMENT_3D ( 'NONE', #6949, #6298, #4535 ) ;
#6077 = CARTESIAN_POINT ( 'NONE',  ( 20.29440050342321911, 9.448440834640383201, 69.21307424301191702 ) ) ;
#6078 = CARTESIAN_POINT ( 'NONE',  ( 13.60240984747748350, 9.451046831411087368, -22.79010467303468346 ) ) ;
#6079 = CARTESIAN_POINT ( 'NONE',  ( 3.733269694163487973, -20.55655916577720532, 33.39006495185043377 ) ) ;
#6080 = CARTESIAN_POINT ( 'NONE',  ( 19.13473618751249461, -15.55155916535961858, 0.000000000000000000 ) ) ;
#6081 = EDGE_LOOP ( 'NONE', ( #3833, #5208, #2311, #1136 ) ) ;
#6082 = CARTESIAN_POINT ( 'NONE',  ( 20.58365289271053911, 8.227715252704964399, -22.09625011932707039 ) ) ;
#6083 = EDGE_LOOP ( 'NONE', ( #2935, #127, #1093, #402 ) ) ;
#6084 = DIRECTION ( 'NONE',  ( -0.000000000000000000, 1.000000000000000000, -0.000000000000000000 ) ) ;
#6085 = FACE_OUTER_BOUND ( 'NONE', #3306, .T. ) ;
#6086 = PLANE ( 'NONE',  #891 ) ;
#6087 = ORIENTED_EDGE ( 'NONE', *, *, #2866, .F. ) ;
#6088 = CARTESIAN_POINT ( 'NONE',  ( -75.88895989576911916, -20.55155916535962035, -25.02265972350744505 ) ) ;
#6089 = CARTESIAN_POINT ( 'NONE',  ( -76.36055613051088642, 8.061416816802447372, -24.52774157936082489 ) ) ;
#6090 = FACE_OUTER_BOUND ( 'NONE', #1373, .T. ) ;
#6091 = ORIENTED_EDGE ( 'NONE', *, *, #5607, .F. ) ;
#6092 = CARTESIAN_POINT ( 'NONE',  ( 17.22231616824143430, 9.448440834640395636, 70.89006495185043377 ) ) ;
#6093 = CARTESIAN_POINT ( 'NONE',  ( 19.63199276119327408, 8.544942534512259158, -23.73756930154675615 ) ) ;
#6094 = DIRECTION ( 'NONE',  ( -1.000000000000000000, 0.000000000000000000, 0.000000000000000000 ) ) ;
#6095 = VERTEX_POINT ( 'NONE', #1702 ) ;
#6096 = SURFACE_SIDE_STYLE ('',( #5674 ) ) ;
#6097 = DIRECTION ( 'NONE',  ( 0.000000000000000000, 0.000000000000000000, 1.000000000000000000 ) ) ;
#6098 = AXIS2_PLACEMENT_3D ( 'NONE', #5222, #1690, #4078 ) ;
#6099 = CARTESIAN_POINT ( 'NONE',  ( 20.72195004801561424, 7.686655007328787370, 70.80720805792702777 ) ) ;
#6100 = DIRECTION ( 'NONE',  ( 0.000000000000000000, 0.000000000000000000, -1.000000000000000000 ) ) ;
#6101 = DIRECTION ( 'NONE',  ( 0.000000000000000000, 0.000000000000000000, -1.000000000000000000 ) ) ;
#6102 = DIRECTION ( 'NONE',  ( 0.000000000000000000, 1.000000000000000000, -0.000000000000000000 ) ) ;
#6103 = CARTESIAN_POINT ( 'NONE',  ( -76.80854348626833428, 8.487544660737773583, -24.06773616254108816 ) ) ;
#6104 = EDGE_CURVE ( 'NONE', #6503, #4971, #4702, .T. ) ;
#6105 = ADVANCED_FACE ( 'NONE', ( #6345 ), #2746, .T. ) ;
#6106 = CARTESIAN_POINT ( 'NONE',  ( -74.36549952283685627, 7.823861544415334990, -24.58607640790838289 ) ) ;
#6107 = CARTESIAN_POINT ( 'NONE',  ( -78.01057626922234078, 8.678206238430348662, -19.75481400485711703 ) ) ;
#6108 = CARTESIAN_POINT ( 'NONE',  ( -64.87768383176140219, 7.448440834640383201, -17.90993504814754900 ) ) ;
#6109 = CARTESIAN_POINT ( 'NONE',  ( 18.70485739792993130, 9.448239009812754219, -17.39199445570988445 ) ) ;
#6110 = ORIENTED_EDGE ( 'NONE', *, *, #4613, .F. ) ;
#6111 = CARTESIAN_POINT ( 'NONE',  ( -28.77768383176202605, 8.648440834640384267, 70.39006495185253698 ) ) ;
#6112 = EDGE_CURVE ( 'NONE', #1009, #2129, #2033, .T. ) ;
#6113 = CARTESIAN_POINT ( 'NONE',  ( 18.94423421621639392, 9.448440834640383201, 67.55162839898319760 ) ) ;
#6114 = CIRCLE ( 'NONE', #3313, 1.599999999999990319 ) ;
#6115 = FACE_BOUND ( 'NONE', #1753, .T. ) ;
#6116 = CARTESIAN_POINT ( 'NONE',  ( 13.65747764922816287, 9.448440834640219776, 72.57735909778571681 ) ) ;
#6117 = CARTESIAN_POINT ( 'NONE',  ( 20.61033488587560925, 8.145783991416440273, 71.93584082852530059 ) ) ;
#6118 = EDGE_LOOP ( 'NONE', ( #4093, #6565, #1039, #2690, #6805, #4371, #5862, #2779 ) ) ;
#6119 = FACE_OUTER_BOUND ( 'NONE', #3286, .T. ) ;
#6120 = VERTEX_POINT ( 'NONE', #511 ) ;
#6121 = CARTESIAN_POINT ( 'NONE',  ( 13.88786546302141289, 9.416335769461161576, -23.03421806877395994 ) ) ;
#6122 = B_SPLINE_SURFACE_WITH_KNOTS ( 'NONE', 3, 1, ( 
 ( #6304, #5729 ),
 ( #7498, #4647 ),
 ( #4017, #1115 ),
 ( #1083, #3437 ),
 ( #2886, #5653 ),
 ( #2272, #5803 ),
 ( #5763, #507 ),
 ( #2847, #4616 ),
 ( #3324, #398 ),
 ( #2736, #4504 ),
 ( #6845, #1583 ),
 ( #3510, #2342 ),
 ( #5840, #584 ),
 ( #4685, #2922 ),
 ( #5271, #6416 ),
 ( #1157, #7605 ) ),
 .UNSPECIFIED., .F., .F., .F.,
 ( 4, 2, 2, 2, 2, 2, 2, 4 ),
 ( 2, 2 ),
 ( 0.000000000000000000, 0.1249999999999997224, 0.2499999999999994449, 0.3749999999999991673, 0.4999999999999988898, 0.6249999999999986677, 0.7499999999999983347, 1.000000000000000000 ),
 ( 0.000000000000000000, 1.000000000000000000 ),
 .UNSPECIFIED. ) ;
#6123 = CARTESIAN_POINT ( 'NONE',  ( -74.77768383175860833, 9.448440834640395636, -21.10993504814956268 ) ) ;
#6124 = CARTESIAN_POINT ( 'NONE',  ( -72.45900791120911322, 9.124014410441022349, 73.52408911615404463 ) ) ;
#6125 = EDGE_LOOP ( 'NONE', ( #2471, #5630, #2851 ) ) ;
#6126 = CARTESIAN_POINT ( 'NONE',  ( -78.61084778467854051, -20.55155916535962035, -22.81276859911502441 ) ) ;
#6127 = CARTESIAN_POINT ( 'NONE',  ( -66.27768383176041311, 9.448440834640383201, 13.14006495185241263 ) ) ;
#6128 = SHAPE_DEFINITION_REPRESENTATION ( #5460, #389 ) ;
#6129 = ORIENTED_EDGE ( 'NONE', *, *, #5597, .T. ) ;
#6130 = CARTESIAN_POINT ( 'NONE',  ( 19.73348872857404857, -15.55155916535871619, 73.03323604771671285 ) ) ;
#6131 = CARTESIAN_POINT ( 'NONE',  ( 19.43929089945349631, 7.483343488026802603, -24.27569069652563272 ) ) ;
#6132 = CARTESIAN_POINT ( 'NONE',  ( 17.22231616824142364, 34.44844083464037965, -21.10993504814957689 ) ) ;
#6133 = VERTEX_POINT ( 'NONE', #3407 ) ;
#6134 = DIRECTION ( 'NONE',  ( -1.000000000000000000, 0.000000000000000000, 0.000000000000000000 ) ) ;
#6135 = CARTESIAN_POINT ( 'NONE',  ( 19.39309517686022488, 9.448440834640383201, -18.26758217941014095 ) ) ;
#6136 = AXIS2_PLACEMENT_3D ( 'NONE', #1390, #778, #5543 ) ;
#6137 = DIRECTION ( 'NONE',  ( 1.000000000000000000, 0.000000000000000000, 3.451926244846245206E-11 ) ) ;
#6138 = CARTESIAN_POINT ( 'NONE',  ( -78.11307191408066330, 8.401646644879376069, -22.18199977624817620 ) ) ;
#6139 = DIRECTION ( 'NONE',  ( 0.000000000000000000, 0.000000000000000000, 1.000000000000000000 ) ) ;
#6140 = CARTESIAN_POINT ( 'NONE',  ( -77.19728636719446513, -15.55155916535961680, 73.12467290231889194 ) ) ;
#6141 = CARTESIAN_POINT ( 'NONE',  ( -75.25609593045324175, 7.801986561067197457, -24.59040160272333608 ) ) ;
#6142 = CARTESIAN_POINT ( 'NONE',  ( -77.73772247356568244, 9.116219144996906110, -19.23120274336151780 ) ) ;
#6143 = CARTESIAN_POINT ( 'NONE',  ( -78.27052063060929754, 7.758620921507302093, 71.12154143484914925 ) ) ;
#6144 = CIRCLE ( 'NONE', #5892, 8.500000000000000000 ) ;
#6145 = CARTESIAN_POINT ( 'NONE',  ( 18.90248579312806143, 9.451046831411074933, -17.49002872738526193 ) ) ;
#6146 = AXIS2_PLACEMENT_3D ( 'NONE', #3852, #6866, #5716 ) ;
#6147 = EDGE_CURVE ( 'NONE', #2634, #4192, #5315, .T. ) ;
#6148 = ORIENTED_EDGE ( 'NONE', *, *, #3593, .F. ) ;
#6149 = DIRECTION ( 'NONE',  ( -0.000000000000000000, -0.000000000000000000, -1.000000000000000000 ) ) ;
#6150 = VECTOR ( 'NONE', #580, 1000.000000000000000 ) ;
#6151 = AXIS2_PLACEMENT_3D ( 'NONE', #992, #2217, #2105 ) ;
#6152 = FACE_OUTER_BOUND ( 'NONE', #1550, .T. ) ;
#6153 = CIRCLE ( 'NONE', #5661, 0.8000000000000020428 ) ;
#6154 = ADVANCED_FACE ( 'NONE', ( #474 ), #2850, .F. ) ;
#6155 = DIRECTION ( 'NONE',  ( 0.000000000000000000, 0.000000000000000000, 1.000000000000000000 ) ) ;
#6156 = DIRECTION ( 'NONE',  ( -1.000000000000000000, 0.000000000000000000, 0.000000000000000000 ) ) ;
#6157 = VERTEX_POINT ( 'NONE', #7150 ) ;
#6158 = EDGE_CURVE ( 'NONE', #5591, #411, #4582, .T. ) ;
#6159 = DIRECTION ( 'NONE',  ( 0.05233595624294378607, 0.9986295347545739443, 0.000000000000000000 ) ) ;
#6160 = VERTEX_POINT ( 'NONE', #663 ) ;
#6161 = VERTEX_POINT ( 'NONE', #4728 ) ;
#6162 = VECTOR ( 'NONE', #2947, 1000.000000000000000 ) ;
#6163 = CARTESIAN_POINT ( 'NONE',  ( 0.000000000000000000, -15.55155916535961858, 73.80278962720933578 ) ) ;
#6164 = CARTESIAN_POINT ( 'NONE',  ( -72.96376292577802758, 9.448440834640905450, -24.04451858263475117 ) ) ;
#6165 = EDGE_CURVE ( 'NONE', #6275, #2979, #2986, .T. ) ;
#6166 = CARTESIAN_POINT ( 'NONE',  ( -75.95253461462154121, -15.55155916535961680, -24.02265971611908313 ) ) ;
#6167 = ORIENTED_EDGE ( 'NONE', *, *, #2270, .F. ) ;
#6168 = CARTESIAN_POINT ( 'NONE',  ( -16.26673030583651069, 8.248440834640383912, 33.39006495185057588 ) ) ;
#6169 = EDGE_CURVE ( 'NONE', #7177, #4997, #6419, .T. ) ;
#6170 = AXIS2_PLACEMENT_3D ( 'NONE', #2382, #1224, #6100 ) ;
#6171 = CARTESIAN_POINT ( 'NONE',  ( -75.69086542164436082, 8.544942533838604248, -24.29351645368367940 ) ) ;
#6172 = ORIENTED_EDGE ( 'NONE', *, *, #3260, .T. ) ;
#6173 = DIRECTION ( 'NONE',  ( 1.000000000000000000, 0.000000000000000000, -0.000000000000000000 ) ) ;
#6174 = CARTESIAN_POINT ( 'NONE',  ( 20.66991777512599171, 8.044579914710260127, 71.50122536203718937 ) ) ;
#6175 = AXIS2_PLACEMENT_3D ( 'NONE', #5030, #3350, #5676 ) ;
#6176 = CARTESIAN_POINT ( 'NONE',  ( -77.94421584034419936, 7.483343469213057375, 73.10627343878577733 ) ) ;
#6177 = EDGE_LOOP ( 'NONE', ( #3428, #709, #1819, #7117, #6371 ) ) ;
#6178 = PLANE ( 'NONE',  #6453 ) ;
#6179 = CARTESIAN_POINT ( 'NONE',  ( -75.69086542164833986, -15.55155916535961858, 74.80278962720933578 ) ) ;
#6180 = VECTOR ( 'NONE', #3476, 1000.000000000000227 ) ;
#6181 = CARTESIAN_POINT ( 'NONE',  ( 18.13549775812085230, -20.55155916535962035, 74.06482852362452718 ) ) ;
#6182 = CARTESIAN_POINT ( 'NONE',  ( -28.77768383176221079, 8.648440834640384267, 39.89006495185252987 ) ) ;
#6183 = FACE_OUTER_BOUND ( 'NONE', #4982, .T. ) ;
#6184 = CARTESIAN_POINT ( 'NONE',  ( 20.70053378153891543, 7.872059582273204015, -21.50349795091829463 ) ) ;
#6185 = CARTESIAN_POINT ( 'NONE',  ( -74.15089551803697532, 8.052386694319817906, -24.55887189573514817 ) ) ;
#6186 = EDGE_LOOP ( 'NONE', ( #4729, #6035, #3173, #5887 ) ) ;
#6187 = TOROIDAL_SURFACE ( 'NONE', #787, 9.300000000000000711, 0.8000000000000000444 ) ;
#6188 = CARTESIAN_POINT ( 'NONE',  ( -77.15996889129499436, 9.256231991948819626, -18.06023261916696043 ) ) ;
#6189 = CARTESIAN_POINT ( 'NONE',  ( 19.92934554869527730, 8.777256683136069881, 73.11504848639819443 ) ) ;
#6190 = CARTESIAN_POINT ( 'NONE',  ( 19.09632192892467017, 9.423548506767764010, -17.61600936589033495 ) ) ;
#6191 = ORIENTED_EDGE ( 'NONE', *, *, #1962, .T. ) ;
#6192 = CARTESIAN_POINT ( 'NONE',  ( -71.07403435556574323, 9.448440834640383201, -22.62088857407165676 ) ) ;
#6193 = B_SPLINE_SURFACE_WITH_KNOTS ( 'NONE', 1, 3, ( 
 ( #7500, #3405, #6305, #6879, #1014, #2772, #2848, #7422, #3367, #5198 ),
 ( #6267, #5730, #6846, #472, #1623, #7539, #2273, #2161, #4580, #7574 ) ),
 .UNSPECIFIED., .F., .F., .F.,
 ( 2, 2 ),
 ( 4, 2, 2, 2, 4 ),
 ( 0.000000000000000000, 1.000000000000000000 ),
 ( 2.356346783439929204, 2.748969718514861160, 3.141592653589793116, 3.534215588664725072, 3.926838523739657028 ),
 .UNSPECIFIED. ) ;
#6194 = EDGE_CURVE ( 'NONE', #1250, #1832, #4768, .T. ) ;
#6195 = CARTESIAN_POINT ( 'NONE',  ( -28.77768383176202605, 8.648440834640384267, 61.89006495185253698 ) ) ;
#6196 = CARTESIAN_POINT ( 'NONE',  ( -74.77768383175860833, -13.55155916535962035, -19.50993504814957191 ) ) ;
#6197 = DIRECTION ( 'NONE',  ( 0.4791402025252605723, 0.000000000000000000, -0.8777383814805255202 ) ) ;
#6198 = ORIENTED_EDGE ( 'NONE', *, *, #145, .T. ) ;
#6199 = CARTESIAN_POINT ( 'NONE',  ( 20.18011728262730742, 8.487544660738871372, -23.14079470266749539 ) ) ;
#6200 = ORIENTED_EDGE ( 'NONE', *, *, #7477, .T. ) ;
#6201 = ORIENTED_EDGE ( 'NONE', *, *, #7442, .T. ) ;
#6202 = ADVANCED_FACE ( 'NONE', ( #7109 ), #5347, .T. ) ;
#6203 = AXIS2_PLACEMENT_3D ( 'NONE', #2661, #2085, #201 ) ;
#6204 = DIRECTION ( 'NONE',  ( -1.000000000000000000, 0.000000000000000000, 1.541976423090495831E-15 ) ) ;
#6205 = EDGE_CURVE ( 'NONE', #6800, #4012, #2371, .T. ) ;
#6206 = CARTESIAN_POINT ( 'NONE',  ( -8.777683831760253241, 8.648440834640384267, 50.89006495185251566 ) ) ;
#6207 = EDGE_CURVE ( 'NONE', #6657, #3943, #6662, .T. ) ;
#6208 = VERTEX_POINT ( 'NONE', #4846 ) ;
#6209 = CARTESIAN_POINT ( 'NONE',  ( -77.51861145792187813, -20.55155916535962035, -24.40939433319802632 ) ) ;
#6210 = CARTESIAN_POINT ( 'NONE',  ( -75.86922109862197772, 7.483345654606260666, -24.62058396425849338 ) ) ;
#6211 = CIRCLE ( 'NONE', #5102, 3.000000000000009770 ) ;
#6212 = ORIENTED_EDGE ( 'NONE', *, *, #7236, .F. ) ;
#6213 = CARTESIAN_POINT ( 'NONE',  ( 20.72278678730369350, 7.653210449136038207, 70.74571150185664692 ) ) ;
#6214 = CARTESIAN_POINT ( 'NONE',  ( 20.71375298452981184, 7.730581172017811475, 70.63887258759740462 ) ) ;
#6215 = EDGE_CURVE ( 'NONE', #2675, #4159, #7068, .T. ) ;
#6216 = AXIS2_PLACEMENT_3D ( 'NONE', #3998, #5136, #2289 ) ;
#6217 = CARTESIAN_POINT ( 'NONE',  ( -77.48358189793135864, 8.642933653314546660, 73.13399319575169955 ) ) ;
#6218 = ORIENTED_EDGE ( 'NONE', *, *, #3413, .T. ) ;
#6219 = CARTESIAN_POINT ( 'NONE',  ( -78.61234529542096539, -15.55155916535961858, -22.80830393192290018 ) ) ;
#6220 = CARTESIAN_POINT ( 'NONE',  ( -65.67768383176139935, 8.248440834640383912, -17.10993504814755184 ) ) ;
#6221 = CARTESIAN_POINT ( 'NONE',  ( 18.13549775811718590, -15.55155916535961858, 73.80278962720933578 ) ) ;
#6222 = CARTESIAN_POINT ( 'NONE',  ( 19.13473618751249461, -15.55155916535960792, -16.49012448169868961 ) ) ;
#6223 = DIRECTION ( 'NONE',  ( -0.000000000000000000, -1.000000000000000000, -0.000000000000000000 ) ) ;
#6224 = VECTOR ( 'NONE', #5737, 1000.000000000000000 ) ;
#6225 = ADVANCED_FACE ( 'NONE', ( #3046, #703, #4166, #6492, #5385, #7609 ), #2384, .F. ) ;
#6226 = CYLINDRICAL_SURFACE ( 'NONE', #1937, 3.000000000000002665 ) ;
#6227 = CARTESIAN_POINT ( 'NONE',  ( -71.89523583517267014, 9.409695858028690907, -23.10880655393674843 ) ) ;
#6228 = ORIENTED_EDGE ( 'NONE', *, *, #2929, .T. ) ;
#6229 = CARTESIAN_POINT ( 'NONE',  ( -76.87877921129023662, 9.795504604080202071, -18.30149544560948982 ) ) ;
#6230 = DIRECTION ( 'NONE',  ( 0.000000000000000000, 1.000000000000000000, -0.000000000000000000 ) ) ;
#6231 = CARTESIAN_POINT ( 'NONE',  ( -78.28018258081964120, 7.632442147435286373, -21.08624764151033659 ) ) ;
#6232 = ORIENTED_EDGE ( 'NONE', *, *, #1173, .F. ) ;
#6233 = CARTESIAN_POINT ( 'NONE',  ( -65.97768383176141072, -20.55655916577720532, 21.19006495185253058 ) ) ;
#6234 = FACE_OUTER_BOUND ( 'NONE', #495, .T. ) ;
#6235 = CARTESIAN_POINT ( 'NONE',  ( 16.47097127846030062, 8.162175377370745721, 74.31132652657979065 ) ) ;
#6236 = DIRECTION ( 'NONE',  ( 0.000000000000000000, 0.000000000000000000, -1.000000000000000000 ) ) ;
#6237 = CARTESIAN_POINT ( 'NONE',  ( 20.62988786092263993, 8.202985146770815916, -21.90896893931921952 ) ) ;
#6238 = ORIENTED_EDGE ( 'NONE', *, *, #6310, .T. ) ;
#6239 = DIRECTION ( 'NONE',  ( 0.000000000000000000, 1.000000000000000000, -0.000000000000000000 ) ) ;
#6240 = AXIS2_PLACEMENT_3D ( 'NONE', #4113, #1103, #1720 ) ;
#6241 = CARTESIAN_POINT ( 'NONE',  ( -71.75513661565057077, 9.448440834640198460, -23.15672552152384256 ) ) ;
#6242 = VERTEX_POINT ( 'NONE', #158 ) ;
#6243 = CARTESIAN_POINT ( 'NONE',  ( -76.46695459021624686, -20.55155916535962390, -24.92693520082935166 ) ) ;
#6244 = CARTESIAN_POINT ( 'NONE',  ( -76.27865353615528932, 8.544941393897806492, -24.22085670493522969 ) ) ;
#6245 = ORIENTED_EDGE ( 'NONE', *, *, #2180, .F. ) ;
#6246 = CARTESIAN_POINT ( 'NONE',  ( 20.08201045703310683, -15.55155916535962035, 72.32964504035219022 ) ) ;
#6247 = EDGE_CURVE ( 'NONE', #3100, #7239, #3982, .T. ) ;
#6248 = CARTESIAN_POINT ( 'NONE',  ( -78.15338249676943860, 8.318046578267811242, 71.82502502594000759 ) ) ;
#6249 = ORIENTED_EDGE ( 'NONE', *, *, #6169, .F. ) ;
#6250 = SURFACE_STYLE_USAGE ( .BOTH. , #6096 ) ;
#6251 = DIRECTION ( 'NONE',  ( 0.000000000000000000, 0.000000000000000000, -1.000000000000000000 ) ) ;
#6252 = DIRECTION ( 'NONE',  ( 1.000000000000000000, 0.000000000000000000, 0.000000000000000000 ) ) ;
#6253 = FACE_OUTER_BOUND ( 'NONE', #3061, .T. ) ;
#6254 = CARTESIAN_POINT ( 'NONE',  ( 20.60565092816142396, 8.304569891659246750, -20.19123211983663779 ) ) ;
#6255 = CARTESIAN_POINT ( 'NONE',  ( -72.07190629054565534, 9.088635658408520612, -23.77721398242245954 ) ) ;
#6256 = VERTEX_POINT ( 'NONE', #1194 ) ;
#6257 = DIRECTION ( 'NONE',  ( 0.000000000000000000, -1.000000000000000000, 0.000000000000000000 ) ) ;
#6258 = EDGE_CURVE ( 'NONE', #2058, #491, #908, .T. ) ;
#6259 = EDGE_CURVE ( 'NONE', #1285, #6668, #4278, .T. ) ;
#6260 = CARTESIAN_POINT ( 'NONE',  ( 18.13549775814601261, 8.052076284355072389, 74.30774977605442189 ) ) ;
#6261 = CYLINDRICAL_SURFACE ( 'NONE', #2766, 1.250000000000001110 ) ;
#6262 = VERTEX_POINT ( 'NONE', #4242 ) ;
#6263 = CARTESIAN_POINT ( 'NONE',  ( -74.77768383175860833, 34.44844083464037965, 69.29006495185046788 ) ) ;
#6264 = AXIS2_PLACEMENT_3D ( 'NONE', #3923, #2756, #4490 ) ;
#6265 = CARTESIAN_POINT ( 'NONE',  ( 18.92068505201473272, -15.55155916535961858, -24.94459651181397675 ) ) ;
#6266 = AXIS2_PLACEMENT_3D ( 'NONE', #3164, #934, #7382 ) ;
#6267 = CARTESIAN_POINT ( 'NONE',  ( -78.16675655927097921, 14.44844083464038142, 71.80324654174016530 ) ) ;
#6268 = CARTESIAN_POINT ( 'NONE',  ( 20.38807181660617829, 7.483343488026729773, 73.10703968308671108 ) ) ;
#6269 = CARTESIAN_POINT ( 'NONE',  ( -76.28863735768069887, 9.448440834640383201, 0.000000000000000000 ) ) ;
#6270 = ORIENTED_EDGE ( 'NONE', *, *, #1995, .F. ) ;
#6271 = VECTOR ( 'NONE', #3387, 1000.000000000000000 ) ;
#6272 = DIRECTION ( 'NONE',  ( 0.000000000000000000, 0.000000000000000000, -1.000000000000000000 ) ) ;
#6273 = VECTOR ( 'NONE', #5194, 1000.000000000000000 ) ;
#6274 = CARTESIAN_POINT ( 'NONE',  ( 8.122316168238590706, -20.55655916577720532, -17.10993504814754829 ) ) ;
#6275 = VERTEX_POINT ( 'NONE', #6608 ) ;
#6276 = DIRECTION ( 'NONE',  ( 0.000000000000000000, 0.9986295347545739443, -0.05233595624294378607 ) ) ;
#6277 = CARTESIAN_POINT ( 'NONE',  ( -75.69086542164833986, 14.44844083464038142, -24.49900777566195131 ) ) ;
#6278 = CARTESIAN_POINT ( 'NONE',  ( 17.22231616824142364, 7.448440834640383201, -21.10993504814957689 ) ) ;
#6279 = CIRCLE ( 'NONE', #2236, 8.499999999999992895 ) ;
#6280 = ORIENTED_EDGE ( 'NONE', *, *, #2037, .F. ) ;
#6281 = CARTESIAN_POINT ( 'NONE',  ( -28.77768383176202605, 7.448440834640383201, 71.19006495185253414 ) ) ;
#6282 = CARTESIAN_POINT ( 'NONE',  ( -74.77768383175860833, -13.55155916535962035, 69.29006495185046788 ) ) ;
#6283 = ORIENTED_EDGE ( 'NONE', *, *, #2918, .F. ) ;
#6284 = CARTESIAN_POINT ( 'NONE',  ( 20.38884817682725981, 7.483343469213071586, -23.32614353508303751 ) ) ;
#6285 = ADVANCED_FACE ( 'NONE', ( #2925 ), #5274, .F. ) ;
#6286 = CARTESIAN_POINT ( 'NONE',  ( 20.39707974000764779, -20.55155916535962035, 71.80324654174016530 ) ) ;
#6287 = FACE_OUTER_BOUND ( 'NONE', #5486, .T. ) ;
#6288 = CARTESIAN_POINT ( 'NONE',  ( 12.49915061763212876, -0.3354571777060251225, -22.75675701927178807 ) ) ;
#6289 = TOROIDAL_SURFACE ( 'NONE', #5195, 9.300000000000000711, 0.8000000000000000444 ) ;
#6290 = ADVANCED_FACE ( 'NONE', ( #2963 ), #5308, .F. ) ;
#6291 = CARTESIAN_POINT ( 'NONE',  ( 15.02875584986631630, 9.448440834640381425, 73.14972566242734331 ) ) ;
#6292 = ORIENTED_EDGE ( 'NONE', *, *, #2346, .F. ) ;
#6293 = DIRECTION ( 'NONE',  ( 0.000000000000000000, -1.000000000000000000, 0.000000000000000000 ) ) ;
#6294 = AXIS2_PLACEMENT_3D ( 'NONE', #6034, #1958, #774 ) ;
#6295 = CARTESIAN_POINT ( 'NONE',  ( 17.56666011530527882, 7.776662972110296224, 74.37500738347760887 ) ) ;
#6296 =( BOUNDED_SURFACE ( )  B_SPLINE_SURFACE ( 3, 2, ( 
 ( #1910, #255, #1983 ),
 ( #755, #3102, #2022 ),
 ( #796, #4906, #1291 ),
 ( #1408, #2484, #5521 ),
 ( #4785, #2559, #3806 ),
 ( #4944, #721, #874 ),
 ( #4300, #2596, #6131 ),
 ( #6557, #3769, #7245 ),
 ( #6093, #3144, #4868 ),
 ( #7209, #3228, #7128 ),
 ( #4827, #6630, #217 ),
 ( #835, #5483, #177 ),
 ( #7170, #1370, #4263 ),
 ( #1869, #3185, #4224 ),
 ( #3655, #4337, #6595 ),
 ( #3064, #6057, #6670 ),
 ( #1332, #5404, #5445 ),
 ( #136, #3691, #6018 ) ),
 .UNSPECIFIED., .F., .F., .T. ) 
 B_SPLINE_SURFACE_WITH_KNOTS ( ( 4, 2, 2, 2, 2, 2, 2, 2, 4 ),
 ( 3, 3 ),
 ( 0.000000000000000000, 0.0001168493411906759510, 0.0002336986823813519019, 0.0003505480235720278529, 0.0004673973647627038038, 0.0005842467059533798090, 0.0007010960471440557057, 0.0008179453883347316025, 0.0009347947295254076076 ),
 ( 0.6311822323588575090, 1.000000000000000000 ),
 .UNSPECIFIED. ) 
 GEOMETRIC_REPRESENTATION_ITEM ( )  RATIONAL_B_SPLINE_SURFACE ( (
 ( 0.8664944433509975674, 0.8942416707849452084, 1.000000000000000000),
 ( 0.8664944167895082261, 0.8942416497438829825, 1.000000000000000000),
 ( 0.8664942722828767874, 0.8942415352708956711, 1.000000000000000000),
 ( 0.8664942716991512750, 0.8942415348084891136, 1.000000000000000000),
 ( 0.8664944437393586885, 0.8942416710925911172, 1.000000000000000000),
 ( 0.8664944429618630650, 0.8942416704766869007, 1.000000000000000000),
 ( 0.8664942671734924273, 0.8942415312234239799, 1.000000000000000000),
 ( 0.8664942661096493026, 0.8942415303806854343, 1.000000000000000000),
 ( 0.8664944434247165983, 0.8942416708433429395, 1.000000000000000000),
 ( 0.8664944432772441196, 0.8942416707265204989, 1.000000000000000000),
 ( 0.8664942672487319086, 0.8942415312830260810, 1.000000000000000000),
 ( 0.8664942660354908455, 0.8942415303219398703, 1.000000000000000000),
 ( 0.8664944420686577775, 0.8942416697691215610, 1.000000000000000000),
 ( 0.8664944446236884090, 0.8942416717931254144, 1.000000000000000000),
 ( 0.8664942726140210105, 0.8942415355332162807, 1.000000000000000000),
 ( 0.8664942713720520384, 0.8942415345493728296, 1.000000000000000000),
 ( 0.8664944171275419382, 0.8942416500116612266, 1.000000000000000000),
 ( 0.8664944433509971233, 0.8942416707849449864, 1.000000000000000000) ) ) 
 REPRESENTATION_ITEM ( '' )  SURFACE ( )  );
#6297 = LINE ( 'NONE', #2229, #3599 ) ;
#6298 = DIRECTION ( 'NONE',  ( 0.000000000000000000, -1.000000000000000000, 0.000000000000000000 ) ) ;
#6299 = ORIENTED_EDGE ( 'NONE', *, *, #1037, .F. ) ;
#6300 = CYLINDRICAL_SURFACE ( 'NONE', #4083, 0.7999999999999986011 ) ;
#6301 = AXIS2_PLACEMENT_3D ( 'NONE', #7205, #1905, #4902 ) ;
#6302 = EDGE_CURVE ( 'NONE', #6800, #5909, #5806, .T. ) ;
#6303 = DIRECTION ( 'NONE',  ( -0.000000000000000000, -1.000000000000000000, -0.000000000000000000 ) ) ;
#6304 = CARTESIAN_POINT ( 'NONE',  ( -75.69086542164833986, -20.55155916535962035, -25.02265972350847889 ) ) ;
#6305 = CARTESIAN_POINT ( 'NONE',  ( -78.61234529542367966, -15.55155916535961858, 72.58843383562239637 ) ) ;
#6306 = DIRECTION ( 'NONE',  ( -1.000000000000000000, -0.000000000000000000, -0.000000000000000000 ) ) ;
#6307 = CIRCLE ( 'NONE', #916, 3.000000000000002665 ) ;
#6308 = CARTESIAN_POINT ( 'NONE',  ( 18.26580177615251088, 8.144165349460227077, -24.49846619753768451 ) ) ;
#6309 = EDGE_LOOP ( 'NONE', ( #6500, #4221 ) ) ;
#6310 = EDGE_CURVE ( 'NONE', #424, #2118, #655, .T. ) ;
#6311 = CARTESIAN_POINT ( 'NONE',  ( -72.00852075913118711, 9.448440834640383201, -23.10723697974964708 ) ) ;
#6312 = CIRCLE ( 'NONE', #1660, 8.500000000000007105 ) ;
#6313 = CARTESIAN_POINT ( 'NONE',  ( -74.37555596406340896, 7.878444469301582487, 74.36762060298828203 ) ) ;
#6314 = CARTESIAN_POINT ( 'NONE',  ( -78.08954442519302575, -15.55155916535961858, -23.86654297218631982 ) ) ;
#6315 = DIRECTION ( 'NONE',  ( -1.000000000000000000, 0.000000000000000000, 0.000000000000000000 ) ) ;
#6316 = ORIENTED_EDGE ( 'NONE', *, *, #2024, .F. ) ;
#6317 = CARTESIAN_POINT ( 'NONE',  ( 18.47846692799803492, 7.483345647515505128, 74.40071386807345277 ) ) ;
#6318 = CARTESIAN_POINT ( 'NONE',  ( 20.66249003226128877, 7.983886600255823751, 71.54423557521758426 ) ) ;
#6319 = B_SPLINE_CURVE_WITH_KNOTS ( 'NONE', 3,
 ( #3944, #1672, #3411, #5770, #478, #516 ),
 .UNSPECIFIED., .F., .F.,
 ( 4, 2, 4 ),
 ( -8.754626474850968373E-06, 0.001256132642792203444, 0.002521019912059257757 ),
 .UNSPECIFIED. ) ;
#6320 = DIRECTION ( 'NONE',  ( 0.000000000000000000, 0.000000000000000000, 1.000000000000000000 ) ) ;
#6321 = CARTESIAN_POINT ( 'NONE',  ( -77.13252635849556782, 8.788144903073467518, 73.48492762902696995 ) ) ;
#6322 = ORIENTED_EDGE ( 'NONE', *, *, #522, .F. ) ;
#6323 = DIRECTION ( 'NONE',  ( 1.000000000000000000, 0.000000000000000000, 1.224646799147353207E-16 ) ) ;
#6324 = DIRECTION ( 'NONE',  ( 0.000000000000000000, 0.000000000000000000, 1.000000000000000000 ) ) ;
#6325 = CARTESIAN_POINT ( 'NONE',  ( -53.97768383176140361, 8.248440834640383912, 21.19006495185253058 ) ) ;
#6326 = CYLINDRICAL_SURFACE ( 'NONE', #6146, 3.500000000000006661 ) ;
#6327 = VECTOR ( 'NONE', #7094, 1000.000000000000227 ) ;
#6328 = CARTESIAN_POINT ( 'NONE',  ( 13.51866669204857274, 9.448440834640383201, 72.40101847777251010 ) ) ;
#6329 = CARTESIAN_POINT ( 'NONE',  ( -28.77768383176202605, 8.648440834640384267, 61.89006495185253698 ) ) ;
#6330 = ORIENTED_EDGE ( 'NONE', *, *, #1925, .F. ) ;
#6331 = CARTESIAN_POINT ( 'NONE',  ( 3.733269694163489305, 8.248440834640383912, 15.59006495185043661 ) ) ;
#6332 = CARTESIAN_POINT ( 'NONE',  ( 16.98783619990384253, 7.762072216000849068, 74.38257218037182383 ) ) ;
#6333 = AXIS2_PLACEMENT_3D ( 'NONE', #6770, #3825, #6155 ) ;
#6334 = CARTESIAN_POINT ( 'NONE',  ( 20.11914231433510380, 8.595411950459686423, 72.86126094476693993 ) ) ;
#6335 = DIRECTION ( 'NONE',  ( 4.701147631373462191E-17, 0.000000000000000000, -1.000000000000000000 ) ) ;
#6336 = EDGE_LOOP ( 'NONE', ( #1792, #6585 ) ) ;
#6337 = ORIENTED_EDGE ( 'NONE', *, *, #6865, .T. ) ;
#6338 = CARTESIAN_POINT ( 'NONE',  ( 7.322316168238593548, 8.248440834640383912, 9.890064951852531649 ) ) ;
#6339 = EDGE_CURVE ( 'NONE', #2400, #5591, #5462, .T. ) ;
#6340 = CARTESIAN_POINT ( 'NONE',  ( -75.00916031474999102, 7.758620921502804357, -24.60277184700075281 ) ) ;
#6341 = CARTESIAN_POINT ( 'NONE',  ( 15.73129499783621910, 8.793748063502567547, -24.28353651439058680 ) ) ;
#6342 = B_SPLINE_CURVE_WITH_KNOTS ( 'NONE', 3,
 ( #1509, #3905, #6343, #6235, #509, #1665, #1547, #1049, #1084, #4505, #5655, #2805 ),
 .UNSPECIFIED., .F., .F.,
 ( 4, 2, 2, 2, 2, 4 ),
 ( 0.000000000000000000, 0.001083178327062166591, 0.001624767490593257693, 0.001895562072358801184, 0.002030959363241569785, 0.002166356654124338386 ),
 .UNSPECIFIED. ) ;
#6343 = CARTESIAN_POINT ( 'NONE',  ( 16.06518970008576375, 8.507708798558439867, 74.20506992336579799 ) ) ;
#6344 = CARTESIAN_POINT ( 'NONE',  ( 20.39049078127369441, 8.544941391478117154, 72.10338752949614616 ) ) ;
#6345 = FACE_OUTER_BOUND ( 'NONE', #904, .T. ) ;
#6346 = ORIENTED_EDGE ( 'NONE', *, *, #1522, .T. ) ;
#6347 = CARTESIAN_POINT ( 'NONE',  ( -78.27430497269101295, 7.721933119519445832, 71.05270444227770099 ) ) ;
#6348 = DIRECTION ( 'NONE',  ( 0.000000000000000000, 0.000000000000000000, 1.000000000000000000 ) ) ;
#6349 = DIRECTION ( 'NONE',  ( 0.000000000000000000, 0.000000000000000000, 1.000000000000000000 ) ) ;
#6350 = ADVANCED_FACE ( 'NONE', ( #6649 ), #3706, .T. ) ;
#6351 = DIRECTION ( 'NONE',  ( 0.000000000000000000, 0.000000000000000000, 1.000000000000000000 ) ) ;
#6352 = EDGE_CURVE ( 'NONE', #6882, #6838, #7406, .T. ) ;
#6353 = ORIENTED_EDGE ( 'NONE', *, *, #3486, .T. ) ;
#6354 = CARTESIAN_POINT ( 'NONE',  ( -75.69086542164798459, 8.061418503284031090, 74.39062356885460758 ) ) ;
#6355 = CARTESIAN_POINT ( 'NONE',  ( -55.57768383176139793, 9.448440834640383201, 30.19006495185253058 ) ) ;
#6356 = CARTESIAN_POINT ( 'NONE',  ( -77.69699854874832567, 8.747320617764748008, 72.84880085392873639 ) ) ;
#6357 = ORIENTED_EDGE ( 'NONE', *, *, #7578, .T. ) ;
#6358 = DIRECTION ( 'NONE',  ( 0.000000000000000000, 0.000000000000000000, -1.000000000000000000 ) ) ;
#6359 = CIRCLE ( 'NONE', #6973, 8.500000000000000000 ) ;
#6360 = DIRECTION ( 'NONE',  ( 0.000000000000000000, -1.000000000000000000, 0.000000000000000000 ) ) ;
#6361 = CARTESIAN_POINT ( 'NONE',  ( -77.62514334029356178, 8.943802633947575131, 68.45471240790631384 ) ) ;
#6362 = DIRECTION ( 'NONE',  ( -0.000000000000000000, -1.000000000000000000, 0.000000000000000000 ) ) ;
#6363 = DIRECTION ( 'NONE',  ( -0.000000000000000000, -1.000000000000000000, 0.000000000000000000 ) ) ;
#6364 = CARTESIAN_POINT ( 'NONE',  ( -72.41012848515188693, 9.498684368468895300, -23.69675029894699847 ) ) ;
#6365 = ORIENTED_EDGE ( 'NONE', *, *, #5599, .T. ) ;
#6366 = CARTESIAN_POINT ( 'NONE',  ( -66.27768383176041311, 7.448440834640384978, 13.14006495185241263 ) ) ;
#6367 = CARTESIAN_POINT ( 'NONE',  ( 17.32939393110195425, 7.695950993742691537, 74.38891887551986315 ) ) ;
#6368 = CARTESIAN_POINT ( 'NONE',  ( 20.64000099245284758, 8.052076284331439737, 71.80324654172983401 ) ) ;
#6369 = CARTESIAN_POINT ( 'NONE',  ( -78.27609847146923983, 7.673282781947385445, -20.90761242132672848 ) ) ;
#6370 = ORIENTED_EDGE ( 'NONE', *, *, #4510, .T. ) ;
#6371 = ORIENTED_EDGE ( 'NONE', *, *, #3790, .F. ) ;
#6372 = LINE ( 'NONE', #6263, #2586 ) ;
#6373 = CARTESIAN_POINT ( 'NONE',  ( -67.57768383176139082, 8.248440834640383912, 21.19006495185253058 ) ) ;
#6374 = CARTESIAN_POINT ( 'NONE',  ( 16.30361323992286060, 8.304569891664089099, -24.49326980806796072 ) ) ;
#6375 = CARTESIAN_POINT ( 'NONE',  ( -77.41089897620017268, 9.448440834640383201, 69.45264434427464550 ) ) ;
#6376 = CIRCLE ( 'NONE', #3572, 9.300000000000002487 ) ;
#6377 = CARTESIAN_POINT ( 'NONE',  ( 18.86347008037691353, 8.544942541976496386, 73.95930109753280135 ) ) ;
#6378 = DIRECTION ( 'NONE',  ( 0.000000000000000000, 0.000000000000000000, -1.000000000000000000 ) ) ;
#6379 = ORIENTED_EDGE ( 'NONE', *, *, #2911, .F. ) ;
#6380 = ADVANCED_FACE ( 'NONE', ( #410 ), #1059, .T. ) ;
#6381 = CARTESIAN_POINT ( 'NONE',  ( -71.93533096302242313, 9.448440834640560837, -23.28071405676769245 ) ) ;
#6382 = DIRECTION ( 'NONE',  ( -0.000000000000000000, -1.000000000000000000, 0.000000000000000000 ) ) ;
#6383 = CIRCLE ( 'NONE', #3283, 2.000000000000001776 ) ;
#6384 = CARTESIAN_POINT ( 'NONE',  ( -28.77768383176202605, 8.248440834640383912, 61.89006495185253698 ) ) ;
#6385 = DIRECTION ( 'NONE',  ( 0.000000000000000000, 0.000000000000000000, 1.000000000000000000 ) ) ;
#6386 = ORIENTED_EDGE ( 'NONE', *, *, #1369, .F. ) ;
#6387 = CARTESIAN_POINT ( 'NONE',  ( -48.77768383176253764, 7.448440834640383201, 41.59006495185253272 ) ) ;
#6388 = CIRCLE ( 'NONE', #4798, 1.600000000000000755 ) ;
#6389 = VECTOR ( 'NONE', #4633, 1000.000000000000000 ) ;
#6390 = CARTESIAN_POINT ( 'NONE',  ( 18.92068505201473272, -15.55155916535961858, -24.94459651181397675 ) ) ;
#6391 = EDGE_CURVE ( 'NONE', #5944, #1959, #1487, .T. ) ;
#6392 = EDGE_CURVE ( 'NONE', #4021, #6657, #6794, .T. ) ;
#6393 = CIRCLE ( 'NONE', #6768, 0.8000000000000020428 ) ;
#6394 = FACE_OUTER_BOUND ( 'NONE', #6536, .T. ) ;
#6395 = ORIENTED_EDGE ( 'NONE', *, *, #2688, .F. ) ;
#6396 = CARTESIAN_POINT ( 'NONE',  ( 20.66407022577465469, 7.483345694693344541, -22.70692258573910749 ) ) ;
#6397 = AXIS2_PLACEMENT_3D ( 'NONE', #6837, #3315, #3427 ) ;
#6398 = CARTESIAN_POINT ( 'NONE',  ( 18.29415963601282513, 8.401485435622610964, 74.22550313369342234 ) ) ;
#6399 = CARTESIAN_POINT ( 'NONE',  ( -78.25670396455095101, 7.809605725999593240, 71.38239025074685173 ) ) ;
#6400 = CARTESIAN_POINT ( 'NONE',  ( -73.34026322418279165, 9.448440834640395636, -23.74315019259113058 ) ) ;
#6401 = AXIS2_PLACEMENT_3D ( 'NONE', #1999, #6686, #4079 ) ;
#6402 = CARTESIAN_POINT ( 'NONE',  ( 20.08303387723270106, -15.55155916535961858, -22.54655565341558443 ) ) ;
#6403 = CARTESIAN_POINT ( 'NONE',  ( 8.722316168239592216, 7.448440834640384978, -20.35993504814759092 ) ) ;
#6404 = ORIENTED_EDGE ( 'NONE', *, *, #5449, .T. ) ;
#6405 = FACE_OUTER_BOUND ( 'NONE', #5193, .T. ) ;
#6406 = DIRECTION ( 'NONE',  ( 0.000000000000000000, 0.000000000000000000, 1.000000000000000000 ) ) ;
#6407 = CIRCLE ( 'NONE', #3237, 5.000000000000007994 ) ;
#6408 = CARTESIAN_POINT ( 'NONE',  ( 20.42898653593536196, 8.436593525146122374, 72.30157802120824329 ) ) ;
#6409 = CARTESIAN_POINT ( 'NONE',  ( -71.43196145309437384, 9.448440834640583930, 72.62386623352496429 ) ) ;
#6410 = ORIENTED_EDGE ( 'NONE', *, *, #7084, .F. ) ;
#6411 = ORIENTED_EDGE ( 'NONE', *, *, #4380, .T. ) ;
#6412 = CARTESIAN_POINT ( 'NONE',  ( -71.93538868298945488, 9.448440834640386754, 73.06088390055238335 ) ) ;
#6413 = LINE ( 'NONE', #2997, #5169 ) ;
#6414 = AXIS2_PLACEMENT_3D ( 'NONE', #5857, #4665, #6939 ) ;
#6415 = CYLINDRICAL_SURFACE ( 'NONE', #3963, 3.000000000000009770 ) ;
#6416 = CARTESIAN_POINT ( 'NONE',  ( -78.69040850711202495, -15.55155916535961858, -22.41918120113761859 ) ) ;
#6417 = DIRECTION ( 'NONE',  ( 1.000000000000000000, 0.000000000000000000, 0.000000000000000000 ) ) ;
#6418 = CARTESIAN_POINT ( 'NONE',  ( 20.67659977333463317, 7.925352099019898233, -21.80840408852528611 ) ) ;
#6419 = CIRCLE ( 'NONE', #1028, 1.600000000000000755 ) ;
#6420 = CARTESIAN_POINT ( 'NONE',  ( -77.20156712363603901, -15.55155916535962035, 74.42423531314716456 ) ) ;
#6421 = VERTEX_POINT ( 'NONE', #7509 ) ;
#6422 = B_SPLINE_CURVE_WITH_KNOTS ( 'NONE', 3,
 ( #1697, #6166, #4048, #3402, #3262, #2306, #2271, #5762, #5196, #5728, #1113, #4016 ),
 .UNSPECIFIED., .F., .F.,
 ( 4, 2, 2, 2, 2, 4 ),
 ( 0.000000000000000000, 0.2500000000000000000, 0.3750000000000000000, 0.5000000000000000000, 0.7500000000000000000, 1.000000000000000000 ),
 .UNSPECIFIED. ) ;
#6423 = CARTESIAN_POINT ( 'NONE',  ( -78.26190156307139034, 7.829588582893225457, 70.55418640589772394 ) ) ;
#6424 = PLANE ( 'NONE',  #5845 ) ;
#6425 = AXIS2_PLACEMENT_3D ( 'NONE', #2418, #266, #2607 ) ;
#6426 = B_SPLINE_CURVE_WITH_KNOTS ( 'NONE', 3,
 ( #5018, #6088, #6783, #6243, #5628, #911, #4332, #6209, #1403, #3763, #5515, #2590, #3802, #6126, #5664, #2748 ),
 .UNSPECIFIED., .F., .F.,
 ( 4, 2, 2, 2, 2, 2, 2, 4 ),
 ( 0.000000000000000000, 0.1249999999999997224, 0.2499999999999994449, 0.3749999999999991673, 0.4999999999999988898, 0.6249999999999986677, 0.7499999999999983347, 1.000000000000000000 ),
 .UNSPECIFIED. ) ;
#6427 = CARTESIAN_POINT ( 'NONE',  ( -77.20859350009961020, 9.448440834640383201, -19.30191042901036269 ) ) ;
#6428 = ORIENTED_EDGE ( 'NONE', *, *, #1167, .F. ) ;
#6429 = CARTESIAN_POINT ( 'NONE',  ( 20.71195292738648774, 7.483343939781470056, 72.14277279317619218 ) ) ;
#6430 = EDGE_CURVE ( 'NONE', #894, #7177, #164, .T. ) ;
#6431 = CARTESIAN_POINT ( 'NONE',  ( 21.13504084359622937, -15.55155916535961858, -22.41587021319757156 ) ) ;
#6432 = ADVANCED_FACE ( 'NONE', ( #1594 ), #4589, .T. ) ;
#6433 = CARTESIAN_POINT ( 'NONE',  ( -74.36549952282163645, 7.823861544423952985, 74.36620631160739947 ) ) ;
#6434 = ORIENTED_EDGE ( 'NONE', *, *, #3731, .F. ) ;
#6435 = CARTESIAN_POINT ( 'NONE',  ( 20.73296508447627673, 7.483345647514946464, -22.02311663803510910 ) ) ;
#6436 = LINE ( 'NONE', #1068, #1493 ) ;
#6437 = CARTESIAN_POINT ( 'NONE',  ( -78.69040850711752455, -15.55155916535961858, -22.02311663803931197 ) ) ;
#6438 = ADVANCED_FACE ( 'NONE', ( #3483 ), #5812, .T. ) ;
#6439 = DIRECTION ( 'NONE',  ( 0.000000000000000000, 0.000000000000000000, -1.000000000000000000 ) ) ;
#6440 = CARTESIAN_POINT ( 'NONE',  ( -55.57768383176139793, 8.248440834640383912, 28.59006495185253272 ) ) ;
#6441 = CARTESIAN_POINT ( 'NONE',  ( 3.733269694163489305, 7.448440834640383201, 15.59006495185043661 ) ) ;
#6442 = ORIENTED_EDGE ( 'NONE', *, *, #1082, .F. ) ;
#6443 = FACE_OUTER_BOUND ( 'NONE', #1711, .T. ) ;
#6444 = CARTESIAN_POINT ( 'NONE',  ( 17.22231616824143430, 34.44844083464037965, 69.29006495185043946 ) ) ;
#6445 = FACE_OUTER_BOUND ( 'NONE', #7511, .T. ) ;
#6446 = EDGE_CURVE ( 'NONE', #5439, #2413, #5783, .T. ) ;
#6447 = LINE ( 'NONE', #5948, #191 ) ;
#6448 = AXIS2_PLACEMENT_3D ( 'NONE', #765, #4876, #6101 ) ;
#6449 = ORIENTED_EDGE ( 'NONE', *, *, #5554, .T. ) ;
#6450 = ORIENTED_EDGE ( 'NONE', *, *, #6112, .T. ) ;
#6451 = CARTESIAN_POINT ( 'NONE',  ( -71.07403435556574323, 9.448440834640383201, -22.62088857407165676 ) ) ;
#6452 = CARTESIAN_POINT ( 'NONE',  ( 18.13549775813114096, -20.55155916535962035, -25.02265972350847889 ) ) ;
#6453 = AXIS2_PLACEMENT_3D ( 'NONE', #838, #6862, #1530 ) ;
#6454 = CARTESIAN_POINT ( 'NONE',  ( -77.95709534827896903, 8.380763463464425911, -22.72623574940222824 ) ) ;
#6455 = CARTESIAN_POINT ( 'NONE',  ( -74.77768383175860833, 9.448440834640395636, 70.89006495185046219 ) ) ;
#6456 = CARTESIAN_POINT ( 'NONE',  ( 20.71246131933017409, 7.740352189253582260, -21.47724286596810472 ) ) ;
#6457 = DIRECTION ( 'NONE',  ( 1.000000000000000000, 0.000000000000000000, 0.000000000000000000 ) ) ;
#6458 = VERTEX_POINT ( 'NONE', #3946 ) ;
#6459 = CARTESIAN_POINT ( 'NONE',  ( 20.61138889574695554, 14.44844083464038142, 72.12745550268870431 ) ) ;
#6460 = CIRCLE ( 'NONE', #7549, 1.249999999999997558 ) ;
#6461 = CARTESIAN_POINT ( 'NONE',  ( -76.28491941973628343, 9.951699474726471095, 67.72267515333659560 ) ) ;
#6462 = CARTESIAN_POINT ( 'NONE',  ( 15.51681114977066756, 8.973136777681315124, -24.17248287408719420 ) ) ;
#6463 = DIRECTION ( 'NONE',  ( 0.000000000000000000, 1.000000000000000000, -0.000000000000000000 ) ) ;
#6464 = VERTEX_POINT ( 'NONE', #445 ) ;
#6465 = CARTESIAN_POINT ( 'NONE',  ( -78.02259173493092703, 7.483345632589696095, 72.96135682853075366 ) ) ;
#6466 = ORIENTED_EDGE ( 'NONE', *, *, #1601, .F. ) ;
#6467 = DIRECTION ( 'NONE',  ( 0.000000000000000000, 0.000000000000000000, 1.000000000000000000 ) ) ;
#6468 = CARTESIAN_POINT ( 'NONE',  ( -74.95193927364542219, 7.694509739106135449, 74.38620221651294173 ) ) ;
#6469 = ORIENTED_EDGE ( 'NONE', *, *, #89, .T. ) ;
#6470 = CARTESIAN_POINT ( 'NONE',  ( 13.51866669204856031, 9.448440834640383201, -22.62088857407165676 ) ) ;
#6471 = CARTESIAN_POINT ( 'NONE',  ( 17.22231616824142364, 9.448440834640395636, -18.10993504814957689 ) ) ;
#6472 = EDGE_CURVE ( 'NONE', #6262, #7062, #661, .T. ) ;
#6473 = VERTEX_POINT ( 'NONE', #2783 ) ;
#6474 = FACE_OUTER_BOUND ( 'NONE', #3477, .T. ) ;
#6475 = DIRECTION ( 'NONE',  ( 0.8777383814805164164, 3.324703030419516637E-15, -0.4791402025252770591 ) ) ;
#6476 = DIRECTION ( 'NONE',  ( 0.000000000000000000, 0.000000000000000000, 1.000000000000000000 ) ) ;
#6477 = AXIS2_PLACEMENT_3D ( 'NONE', #4713, #3615, #2906 ) ;
#6478 = EDGE_CURVE ( 'NONE', #3870, #5981, #6919, .T. ) ;
#6479 = FACE_OUTER_BOUND ( 'NONE', #4129, .T. ) ;
#6480 = EDGE_LOOP ( 'NONE', ( #646, #4584, #4636, #2055 ) ) ;
#6481 = CARTESIAN_POINT ( 'NONE',  ( 18.13549775806210107, 7.448440834640384089, 72.40101847777252431 ) ) ;
#6482 = CARTESIAN_POINT ( 'NONE',  ( 15.01299659371448669, 9.378531838003418386, 73.61226458664161498 ) ) ;
#6483 = CARTESIAN_POINT ( 'NONE',  ( -75.69086542164833986, -20.55155916535962035, 74.06482852363451741 ) ) ;
#6484 = CARTESIAN_POINT ( 'NONE',  ( 17.22231616824142364, 8.948440834640383201, -21.10993504814957689 ) ) ;
#6485 = VERTEX_POINT ( 'NONE', #3379 ) ;
#6486 = ORIENTED_EDGE ( 'NONE', *, *, #1313, .T. ) ;
#6487 = CARTESIAN_POINT ( 'NONE',  ( -76.28863735768069887, 7.448440834640383201, 66.12382750051595792 ) ) ;
#6488 = DIRECTION ( 'NONE',  ( -4.701147631373460342E-17, 0.000000000000000000, -1.000000000000000000 ) ) ;
#6489 = CARTESIAN_POINT ( 'NONE',  ( 12.54798932197003936, -8.006795679951299149, 72.67079063461565624 ) ) ;
#6490 = CARTESIAN_POINT ( 'NONE',  ( -75.70802279910000721, 8.314134878858192579, -24.48671730618223563 ) ) ;
#6491 = CARTESIAN_POINT ( 'NONE',  ( 20.71482339676191486, 7.762072216008765402, -20.87545507979872283 ) ) ;
#6492 = FACE_BOUND ( 'NONE', #4838, .T. ) ;
#6493 = EDGE_LOOP ( 'NONE', ( #2050, #3617, #465, #2048 ) ) ;
#6494 = CARTESIAN_POINT ( 'NONE',  ( 18.90248579312626021, 9.451046831411028748, 67.27015863109002680 ) ) ;
#6495 = CARTESIAN_POINT ( 'NONE',  ( -77.66886656225825902, 8.915084426764035896, 68.90298103532846596 ) ) ;
#6496 = CARTESIAN_POINT ( 'NONE',  ( 18.02853044283550688, 7.988692805759821880, -24.54768589562554482 ) ) ;
#6497 = DIRECTION ( 'NONE',  ( 0.000000000000000000, 0.000000000000000000, 1.000000000000000000 ) ) ;
#6498 = ORIENTED_EDGE ( 'NONE', *, *, #7078, .T. ) ;
#6499 = CARTESIAN_POINT ( 'NONE',  ( -78.19549036303450862, 8.061416816802715601, 72.47293725034380429 ) ) ;
#6500 = ORIENTED_EDGE ( 'NONE', *, *, #2817, .T. ) ;
#6501 = CARTESIAN_POINT ( 'NONE',  ( 19.96324379440405750, -15.55155916535961502, 74.18952423689917453 ) ) ;
#6502 = CARTESIAN_POINT ( 'NONE',  ( -75.43185445511770126, 7.983886600250452048, 74.33023881587239146 ) ) ;
#6503 = VERTEX_POINT ( 'NONE', #2281 ) ;
#6504 = CARTESIAN_POINT ( 'NONE',  ( -76.90911094990779873, -15.54555916536006599, -23.61352418433261846 ) ) ;
#6506 = CARTESIAN_POINT ( 'NONE',  ( 15.37268522690220429, 9.006664548479184518, -24.08777845948698371 ) ) ;
#6505 = CIRCLE ( 'NONE', #3339, 1.250000000000001110 ) ;
#6507 = AXIS2_PLACEMENT_3D ( 'NONE', #4147, #6475, #1211 ) ;
#6508 = CARTESIAN_POINT ( 'NONE',  ( -78.69040850711752455, -15.55155916535961858, 0.000000000000000000 ) ) ;
#6509 = EDGE_LOOP ( 'NONE', ( #6950, #502, #6691, #306 ) ) ;
#6510 = CARTESIAN_POINT ( 'NONE',  ( 20.13504084360030788, -15.55155916535961858, 71.80324654174016530 ) ) ;
#6511 = AXIS2_PLACEMENT_3D ( 'NONE', #7063, #3581, #2457 ) ;
#6512 = AXIS2_PLACEMENT_3D ( 'NONE', #6627, #5401, #1907 ) ;
#6513 = CARTESIAN_POINT ( 'NONE',  ( 8.722316168239592216, 7.448440834640384978, -19.10993504814758737 ) ) ;
#6514 = B_SPLINE_CURVE_WITH_KNOTS ( 'NONE', 3,
 ( #1748, #5774, #3948, #6429, #5246, #3522, #5708, #7548, #5742, #6891, #5209, #2284, #2859, #594, #482, #3991, #6317, #5281 ),
 .UNSPECIFIED., .F., .F.,
 ( 4, 2, 2, 2, 2, 2, 2, 2, 4 ),
 ( -5.999999998639422352E-08, 0.0002536552884633700355, 0.0005073705769267264874, 0.001014801153853439391, 0.001522231730780152295, 0.002029662307706865416, 0.002537092884633578536, 0.003044523461560291223, 0.004059384615413733077 ),
 .UNSPECIFIED. ) ;
#6515 = ADVANCED_FACE ( 'NONE', ( #7000 ), #1271, .T. ) ;
#6516 = CARTESIAN_POINT ( 'NONE',  ( -75.77543718446389676, 7.483345647515084131, 74.40071287964087787 ) ) ;
#6517 = ORIENTED_EDGE ( 'NONE', *, *, #5499, .T. ) ;
#6518 = CARTESIAN_POINT ( 'NONE',  ( 18.43473516824099434, -20.55155916535962035, -24.28469861112947825 ) ) ;
#6519 = LINE ( 'NONE', #6444, #6162 ) ;
#6520 = CARTESIAN_POINT ( 'NONE',  ( 20.61084731761183519, 8.144165349519004948, 71.93355055970796741 ) ) ;
#6521 = B_SPLINE_CURVE_WITH_KNOTS ( 'NONE', 3,
 ( #7558, #5332, #6402, #1179, #5292, #3531, #5790, #4074, #62, #3497, #568, #7592 ),
 .UNSPECIFIED., .F., .F.,
 ( 4, 2, 2, 2, 2, 4 ),
 ( 0.000000000000000000, 0.2500000000000000000, 0.3750000000000000000, 0.5000000000000000000, 0.7500000000000000000, 1.000000000000000000 ),
 .UNSPECIFIED. ) ;
#6522 = CARTESIAN_POINT ( 'NONE',  ( -72.58417297791271494, 9.448440834640383201, 73.14974783710474071 ) ) ;
#6523 = ORIENTED_EDGE ( 'NONE', *, *, #5638, .T. ) ;
#6524 = AXIS2_PLACEMENT_3D ( 'NONE', #726, #1183, #2992 ) ;
#6525 = ORIENTED_EDGE ( 'NONE', *, *, #7430, .F. ) ;
#6526 = EDGE_CURVE ( 'NONE', #6473, #4340, #6883, .T. ) ;
#6527 = CARTESIAN_POINT ( 'NONE',  ( -74.75399642511963805, 7.632442147435269497, -24.61243379721059910 ) ) ;
#6528 = EDGE_CURVE ( 'NONE', #4324, #88, #4960, .T. ) ;
#6529 = CARTESIAN_POINT ( 'NONE',  ( -16.26673030583651069, 8.648440834640384267, 33.39006495185057588 ) ) ;
#6530 = CIRCLE ( 'NONE', #3478, 1.250000000000001110 ) ;
#6531 = CARTESIAN_POINT ( 'NONE',  ( -75.96381438945815034, 8.216307382170009888, -24.45789174929154797 ) ) ;
#6532 = DIRECTION ( 'NONE',  ( 1.000000000000000000, -0.000000000000000000, 0.000000000000000000 ) ) ;
#6533 = CARTESIAN_POINT ( 'NONE',  ( -76.72876136437456296, 8.745962970923100599, -24.03453960633952491 ) ) ;
#6534 = CARTESIAN_POINT ( 'NONE',  ( 19.85634033255085384, 9.124014410436927847, -18.79125912760791905 ) ) ;
#6535 = DIRECTION ( 'NONE',  ( 0.000000000000000000, 1.000000000000000000, -0.000000000000000000 ) ) ;
#6536 = EDGE_LOOP ( 'NONE', ( #4783, #6330, #4476, #3074, #179 ) ) ;
#6537 = CARTESIAN_POINT ( 'NONE',  ( 19.32341154777165926, 9.795504604080617739, 68.08162534930936260 ) ) ;
#6538 = EDGE_CURVE ( 'NONE', #1634, #7567, #7291, .T. ) ;
#6539 = AXIS2_PLACEMENT_3D ( 'NONE', #345, #263, #2604 ) ;
#6540 = CARTESIAN_POINT ( 'NONE',  ( -77.36449908255946184, 9.498684368467234407, 68.52250960524727930 ) ) ;
#6541 = CARTESIAN_POINT ( 'NONE',  ( 15.86719512494742723, 8.678206238431371844, -24.34282748561265208 ) ) ;
#6542 = AXIS2_PLACEMENT_3D ( 'NONE', #5163, #3989, #2173 ) ;
#6543 = CARTESIAN_POINT ( 'NONE',  ( 15.40839526226058176, 9.448440834640209118, 73.82464848633688348 ) ) ;
#6544 = VERTEX_POINT ( 'NONE', #5893 ) ;
#6545 = CARTESIAN_POINT ( 'NONE',  ( -76.35701006612863750, 8.061416807604762980, 74.30871162540600494 ) ) ;
#6546 = ORIENTED_EDGE ( 'NONE', *, *, #2346, .T. ) ;
#6547 = ADVANCED_FACE ( 'NONE', ( #2403 ), #4179, .T. ) ;
#6548 = AXIS2_PLACEMENT_3D ( 'NONE', #2554, #3097, #7123 ) ;
#6549 = CARTESIAN_POINT ( 'NONE',  ( 18.91158692669901953, -20.55155916535962035, 74.70706510452808402 ) ) ;
#6550 = AXIS2_PLACEMENT_3D ( 'NONE', #4064, #1133, #4896 ) ;
#6551 = CARTESIAN_POINT ( 'NONE',  ( -74.39278320790765520, 7.865988062574936990, 74.36917810326022504 ) ) ;
#6552 = ORIENTED_EDGE ( 'NONE', *, *, #3528, .T. ) ;
#6553 = CARTESIAN_POINT ( 'NONE',  ( 18.73326969416348575, 7.448440834640383201, 66.12382750054896974 ) ) ;
#6554 = CARTESIAN_POINT ( 'NONE',  ( -8.777683831760253241, 8.648440834640384267, 50.89006495185251566 ) ) ;
#6555 = ORIENTED_EDGE ( 'NONE', *, *, #4394, .F. ) ;
#6556 = CARTESIAN_POINT ( 'NONE',  ( 19.85553131268296667, 9.448440834640395636, -19.67251444057372822 ) ) ;
#6557 = CARTESIAN_POINT ( 'NONE',  ( 19.51695267326024208, 8.544941350457159857, -23.83061858642620123 ) ) ;
#6558 = CARTESIAN_POINT ( 'NONE',  ( 15.76473375411607414, 8.377809666579633330, 74.17735747412186242 ) ) ;
#6559 = CARTESIAN_POINT ( 'NONE',  ( 19.66446263860793309, -21.55755916536007888, 73.54726114848284624 ) ) ;
#6560 = ORIENTED_EDGE ( 'NONE', *, *, #6302, .T. ) ;
#6561 = FACE_BOUND ( 'NONE', #118, .T. ) ;
#6562 = DIRECTION ( 'NONE',  ( 0.000000000000000000, 0.000000000000000000, -1.000000000000000000 ) ) ;
#6563 = CARTESIAN_POINT ( 'NONE',  ( -75.69086542163442743, -15.54555916535961302, 73.80247518053363365 ) ) ;
#6564 = CARTESIAN_POINT ( 'NONE',  ( 17.22231616824143430, 9.448440834640395636, 70.89006495185043377 ) ) ;
#6565 = ORIENTED_EDGE ( 'NONE', *, *, #4240, .F. ) ;
#6566 = ORIENTED_EDGE ( 'NONE', *, *, #6446, .T. ) ;
#6567 = CARTESIAN_POINT ( 'NONE',  ( -72.36613683257500895, 9.191949258866761951, -23.77033506514813510 ) ) ;
#6568 = CARTESIAN_POINT ( 'NONE',  ( 13.51866669204856031, 9.448440834640383201, -22.62088857407165676 ) ) ;
#6569 = CARTESIAN_POINT ( 'NONE',  ( -76.81255224984248287, 8.488181070199997791, -24.06504742356799298 ) ) ;
#6570 = AXIS2_PLACEMENT_3D ( 'NONE', #2500, #4964, #4881 ) ;
#6571 = CARTESIAN_POINT ( 'NONE',  ( -78.24958582693145104, 7.912350803939233401, 71.33569815705160977 ) ) ;
#6572 = CARTESIAN_POINT ( 'NONE',  ( 20.66391752904035428, 7.991439837611755692, -20.43827426908128686 ) ) ;
#6573 = EDGE_CURVE ( 'NONE', #6473, #7582, #3986, .T. ) ;
#6574 = DIRECTION ( 'NONE',  ( -0.000000000000000000, -0.000000000000000000, -1.000000000000000000 ) ) ;
#6575 = ORIENTED_EDGE ( 'NONE', *, *, #5370, .T. ) ;
#6576 = CARTESIAN_POINT ( 'NONE',  ( 18.51949352885390354, 9.445605437473034272, 67.63931504688703455 ) ) ;
#6577 = AXIS2_PLACEMENT_3D ( 'NONE', #1682, #4630, #1137 ) ;
#6578 = CARTESIAN_POINT ( 'NONE',  ( -76.94827983877091526, 9.358908916493387409, 68.13260209957137192 ) ) ;
#6579 = ADVANCED_FACE ( 'NONE', ( #56 ), #6988, .T. ) ;
#6580 = CARTESIAN_POINT ( 'NONE',  ( 17.54371050845472269, 7.813330026783556370, -24.59676020957133602 ) ) ;
#6581 = CARTESIAN_POINT ( 'NONE',  ( -74.77768383175860833, 34.44844083464037965, -22.70993504814955344 ) ) ;
#6582 = AXIS2_PLACEMENT_3D ( 'NONE', #6853, #1057, #6348 ) ;
#6583 = VERTEX_POINT ( 'NONE', #7166 ) ;
#6584 = LINE ( 'NONE', #1320, #4461 ) ;
#6585 = ORIENTED_EDGE ( 'NONE', *, *, #7136, .T. ) ;
#6586 = CARTESIAN_POINT ( 'NONE',  ( -74.77768383175860833, 9.448440834640395636, -21.10993504814956268 ) ) ;
#6587 = CARTESIAN_POINT ( 'NONE',  ( -72.07190629054130682, 9.088635658411217122, 73.55734388611921304 ) ) ;
#6588 = EDGE_LOOP ( 'NONE', ( #2594, #1105 ) ) ;
#6589 = CARTESIAN_POINT ( 'NONE',  ( 17.22231616824143430, 34.44844083464037965, 70.89006495185043377 ) ) ;
#6590 =( BOUNDED_CURVE ( )  B_SPLINE_CURVE ( 3, ( #1833, #2526, #1412, #3736 ),
 .UNSPECIFIED., .F., .T. ) 
 B_SPLINE_CURVE_WITH_KNOTS ( ( 4, 4 ),
 ( 5.019378949319998284, 5.104872211866426923 ),
 .UNSPECIFIED. ) 
 CURVE ( )  GEOMETRIC_REPRESENTATION_ITEM ( )  RATIONAL_B_SPLINE_CURVE ( ( 1.000000000000000000, 0.9993910012473939952, 0.9993910012473939952, 1.000000000000000000 ) ) 
 REPRESENTATION_ITEM ( '' )  );
#6591 = CARTESIAN_POINT ( 'NONE',  ( 21.13504084360030788, -15.55155916535961858, 0.000000000000000000 ) ) ;
#6592 = CARTESIAN_POINT ( 'NONE',  ( -8.777683831760251465, 8.648440834640384267, 42.39006495185251566 ) ) ;
#6593 = ORIENTED_EDGE ( 'NONE', *, *, #5815, .T. ) ;
#6594 = CARTESIAN_POINT ( 'NONE',  ( 17.22231616824142364, -15.55155916535962035, -21.10993504814957689 ) ) ;
#6595 = CARTESIAN_POINT ( 'NONE',  ( 20.64989116054577067, 7.483343555370367994, -22.69541439017797657 ) ) ;
#6596 = CARTESIAN_POINT ( 'NONE',  ( -78.69040850711752455, -15.55155916535961858, -22.02311663803931197 ) ) ;
#6597 = ORIENTED_EDGE ( 'NONE', *, *, #5927, .T. ) ;
#6598 = CARTESIAN_POINT ( 'NONE',  ( 0.000000000000000000, 9.448440834640383201, 0.000000000000000000 ) ) ;
#6599 = CARTESIAN_POINT ( 'NONE',  ( 15.23523225172393047, 8.915084426759340985, 73.78124768235261399 ) ) ;
#6600 = CARTESIAN_POINT ( 'NONE',  ( -76.85727899003613572, -21.55755916535962058, 73.82487917681946499 ) ) ;
#6601 = CYLINDRICAL_SURFACE ( 'NONE', #6448, 0.7999999999999986011 ) ;
#6602 = CARTESIAN_POINT ( 'NONE',  ( 17.22231616824142364, 9.448440834640395636, -21.10993504814957689 ) ) ;
#6603 = CARTESIAN_POINT ( 'NONE',  ( -77.93261180720637071, 8.612146619163267403, -22.63422540690381979 ) ) ;
#6604 = DIRECTION ( 'NONE',  ( 0.000000000000000000, 0.000000000000000000, 1.000000000000000000 ) ) ;
#6605 = CARTESIAN_POINT ( 'NONE',  ( -78.27741737896781160, 7.686451098054281950, -21.03949431459451702 ) ) ;
#6606 = CARTESIAN_POINT ( 'NONE',  ( -78.18525552444096149, 8.202985146766762270, 71.68909884301525892 ) ) ;
#6607 = FACE_OUTER_BOUND ( 'NONE', #3142, .T. ) ;
#6608 = CARTESIAN_POINT ( 'NONE',  ( -65.67768383176139935, 8.248440834640383912, 9.090064951852534492 ) ) ;
#6609 = EDGE_LOOP ( 'NONE', ( #5711, #6270, #2112 ) ) ;
#6610 = CARTESIAN_POINT ( 'NONE',  ( 20.61875671415199207, 8.136072262629438612, 70.01968266603056179 ) ) ;
#6611 = B_SPLINE_CURVE_WITH_KNOTS ( 'NONE', 1,
 ( #718, #7085 ),
 .UNSPECIFIED., .F., .F.,
 ( 2, 2 ),
 ( 0.000000000000000000, 1.000000000000000000 ),
 .UNSPECIFIED. ) ;
#6612 = CARTESIAN_POINT ( 'NONE',  ( 19.88925854891784439, 9.177166611116827966, 68.51027249920547035 ) ) ;
#6613 = EDGE_CURVE ( 'NONE', #5080, #2413, #1206, .T. ) ;
#6614 = CARTESIAN_POINT ( 'NONE',  ( 16.83741554440115351, 7.865988062567554451, -24.58904819956052634 ) ) ;
#6615 = CARTESIAN_POINT ( 'NONE',  ( 21.13504084360030788, -15.55155916535961858, 71.80324654174016530 ) ) ;
#6616 = CARTESIAN_POINT ( 'NONE',  ( 20.40589757377360058, 8.544942533841503263, 71.80324654173423937 ) ) ;
#6617 = ORIENTED_EDGE ( 'NONE', *, *, #3104, .T. ) ;
#6618 = CARTESIAN_POINT ( 'NONE',  ( -76.99465856293045363, 7.483343488026697798, 74.05582060025194835 ) ) ;
#6619 = ORIENTED_EDGE ( 'NONE', *, *, #1642, .T. ) ;
#6620 = ADVANCED_FACE ( 'NONE', ( #3687 ), #1643, .T. ) ;
#6621 = CARTESIAN_POINT ( 'NONE',  ( 20.39429322109197429, -15.55155916535961502, 73.78663065650290775 ) ) ;
#6622 = EDGE_CURVE ( 'NONE', #6133, #1952, #1287, .T. ) ;
#6623 = CARTESIAN_POINT ( 'NONE',  ( -65.67768383176139935, 8.248440834640383912, -16.30993504814755468 ) ) ;
#6624 = EDGE_LOOP ( 'NONE', ( #4046, #528 ) ) ;
#6625 = CARTESIAN_POINT ( 'NONE',  ( -77.69009405374761457, -15.54555916535823989, -22.28709614643936376 ) ) ;
#6626 = CARTESIAN_POINT ( 'NONE',  ( 15.59959709386387061, 9.448440834640383201, -23.64199939913149251 ) ) ;
#6627 = CARTESIAN_POINT ( 'NONE',  ( 0.000000000000000000, 7.448440834640383201, -22.62088857407165676 ) ) ;
#6628 = VERTEX_POINT ( 'NONE', #5441 ) ;
#6629 = CARTESIAN_POINT ( 'NONE',  ( -28.77768383176221079, 8.248440834640383912, 39.89006495185252987 ) ) ;
#6630 = CARTESIAN_POINT ( 'NONE',  ( 20.19342109127729401, 8.061416763181581402, -23.60006305930442139 ) ) ;
#6631 = ADVANCED_FACE ( 'NONE', ( #7242 ), #467, .T. ) ;
#6632 = AXIS2_PLACEMENT_3D ( 'NONE', #5905, #650, #5796 ) ;
#6633 = LINE ( 'NONE', #6596, #4669 ) ;
#6634 = EDGE_LOOP ( 'NONE', ( #6299, #6849, #1356, #1111 ) ) ;
#6635 = CARTESIAN_POINT ( 'NONE',  ( 0.000000000000000000, 7.448440834640383201, 72.40101847777252431 ) ) ;
#6636 = AXIS2_PLACEMENT_3D ( 'NONE', #3340, #5633, #6824 ) ;
#6637 = CARTESIAN_POINT ( 'NONE',  ( -65.97768383176141072, 8.248440834640383912, 21.19006495185253058 ) ) ;
#6638 = CARTESIAN_POINT ( 'NONE',  ( -77.94526317908278656, -21.55755916535962413, 72.40837205450191050 ) ) ;
#6639 = CARTESIAN_POINT ( 'NONE',  ( 19.00304185100664967, -8.006795679951419942, 66.21573810557902107 ) ) ;
#6640 = VERTEX_POINT ( 'NONE', #4369 ) ;
#6641 = AXIS2_PLACEMENT_3D ( 'NONE', #2481, #3688, #7206 ) ;
#6642 = CIRCLE ( 'NONE', #4559, 3.000000000000002665 ) ;
#6643 = CARTESIAN_POINT ( 'NONE',  ( -78.19536865596681707, 8.052076284341705303, -22.02311663803610742 ) ) ;
#6644 = CARTESIAN_POINT ( 'NONE',  ( -16.26673030583651069, 9.448440834640383201, 15.59006495185057339 ) ) ;
#6645 = DIRECTION ( 'NONE',  ( -0.000000000000000000, -1.000000000000000000, 0.000000000000000000 ) ) ;
#6646 = AXIS2_PLACEMENT_3D ( 'NONE', #4606, #1107, #2837 ) ;
#6647 = CARTESIAN_POINT ( 'NONE',  ( -78.25590144505659396, 7.872059582270158451, 71.28362785461500550 ) ) ;
#6648 = DIRECTION ( 'NONE',  ( -1.000000000000000000, 0.000000000000000000, 0.000000000000000000 ) ) ;
#6649 = FACE_OUTER_BOUND ( 'NONE', #7275, .T. ) ;
#6650 = EDGE_LOOP ( 'NONE', ( #4942, #2702, #49, #695 ) ) ;
#6651 = DIRECTION ( 'NONE',  ( -0.000000000000000000, -1.000000000000000000, 0.000000000000000000 ) ) ;
#6652 = AXIS2_PLACEMENT_3D ( 'NONE', #3754, #4431, #6772 ) ;
#6653 = CARTESIAN_POINT ( 'NONE',  ( 19.76338413343082578, 9.448440834640384978, 68.57731393770166051 ) ) ;
#6654 = FACE_BOUND ( 'NONE', #6015, .T. ) ;
#6655 = DIRECTION ( 'NONE',  ( 0.000000000000000000, 0.000000000000000000, 1.000000000000000000 ) ) ;
#6656 = CARTESIAN_POINT ( 'NONE',  ( 20.57023225313919568, 8.216420123150552257, 72.07638336437260307 ) ) ;
#6657 = VERTEX_POINT ( 'NONE', #4941 ) ;
#6658 = CARTESIAN_POINT ( 'NONE',  ( 19.24863442478174846, 8.476919711631383691, -24.05729631098634513 ) ) ;
#6659 = ORIENTED_EDGE ( 'NONE', *, *, #6009, .T. ) ;
#6660 = CARTESIAN_POINT ( 'NONE',  ( 3.733269694163488861, -20.55655916577720532, 16.39006495185043377 ) ) ;
#6661 = DIRECTION ( 'NONE',  ( -0.000000000000000000, -1.000000000000000000, -0.000000000000000000 ) ) ;
#6662 = CIRCLE ( 'NONE', #538, 8.500000000000000000 ) ;
#6663 = CARTESIAN_POINT ( 'NONE',  ( -76.48051738272478417, -20.55155916535962035, 74.72322890477218493 ) ) ;
#6664 = VERTEX_POINT ( 'NONE', #1443 ) ;
#6665 = CARTESIAN_POINT ( 'NONE',  ( -76.48051738272478417, -20.55155916535962035, 74.72322890477218493 ) ) ;
#6666 = CARTESIAN_POINT ( 'NONE',  ( -77.64489081230203738, 8.061418504288040410, -23.72831333011655630 ) ) ;
#6667 = FACE_OUTER_BOUND ( 'NONE', #3928, .T. ) ;
#6668 = VERTEX_POINT ( 'NONE', #6127 ) ;
#6669 = DIRECTION ( 'NONE',  ( -0.000000000000000000, 1.000000000000000000, -0.000000000000000000 ) ) ;
#6670 = CARTESIAN_POINT ( 'NONE',  ( 20.71536493708907756, 7.483343539462985028, -22.36714215437183384 ) ) ;
#6671 = EDGE_CURVE ( 'NONE', #215, #453, #7237, .T. ) ;
#6672 = ADVANCED_FACE ( 'NONE', ( #6743 ), #5574, .T. ) ;
#6673 = FACE_OUTER_BOUND ( 'NONE', #1066, .T. ) ;
#6674 = EDGE_LOOP ( 'NONE', ( #4949, #3187, #4100, #4138 ) ) ;
#6675 = CARTESIAN_POINT ( 'NONE',  ( 18.13549775813114096, -15.55155916535961858, -25.02265972350847889 ) ) ;
#6676 = EDGE_CURVE ( 'NONE', #3601, #2525, #912, .T. ) ;
#6677 = CARTESIAN_POINT ( 'NONE',  ( 19.21961809984145830, 9.448440834640383201, -18.34077197552063154 ) ) ;
#6678 = ADVANCED_FACE ( 'NONE', ( #1023 ), #1267, .F. ) ;
#6679 = AXIS2_PLACEMENT_3D ( 'NONE', #826, #5436, #713 ) ;
#6680 = DIRECTION ( 'NONE',  ( 0.000000000000000000, 0.000000000000000000, 1.000000000000000000 ) ) ;
#6681 = CARTESIAN_POINT ( 'NONE',  ( -76.28863735768069887, 9.448440834640386754, 67.18641547565759709 ) ) ;
#6682 = CARTESIAN_POINT ( 'NONE',  ( -28.77768383176202605, 8.248440834640383912, 52.59006495185253272 ) ) ;
#6683 = VERTEX_POINT ( 'NONE', #4518 ) ;
#6684 = CARTESIAN_POINT ( 'NONE',  ( -75.85725455907521564, 8.406090002767031777, -24.44296020861844809 ) ) ;
#6685 = CARTESIAN_POINT ( 'NONE',  ( -74.58306537248432733, 7.701992840661659123, -24.60505043823533100 ) ) ;
#6686 = DIRECTION ( 'NONE',  ( 0.000000000000000000, 1.000000000000000000, -0.000000000000000000 ) ) ;
#6687 = EDGE_CURVE ( 'NONE', #7069, #3539, #4438, .T. ) ;
#6688 = CARTESIAN_POINT ( 'NONE',  ( -78.27515050066541846, 7.713194272296318488, 70.74489783187436842 ) ) ;
#6689 = DIRECTION ( 'NONE',  ( 0.000000000000000000, 0.000000000000000000, -1.000000000000000000 ) ) ;
#6690 = B_SPLINE_CURVE_WITH_KNOTS ( 'NONE', 3,
 ( #5507, #6117, #6656, #281, #861, #6773, #3291, #1394, #6734, #7387, #1468, #7231, #5619, #3207, #2579, #4930 ),
 .UNSPECIFIED., .F., .F.,
 ( 4, 2, 2, 2, 2, 2, 2, 4 ),
 ( 1.417821026379570842E-15, 0.0004866952941898305247, 0.0009733905883782432381, 0.001460085882566655897, 0.001946781176755068773, 0.002920171765131871541, 0.003406867059320268371, 0.003893562353508664767 ),
 .UNSPECIFIED. ) ;
#6691 = ORIENTED_EDGE ( 'NONE', *, *, #3818, .F. ) ;
#6692 = CARTESIAN_POINT ( 'NONE',  ( -74.40795705274412342, 7.746718912152277703, 74.37885141657751831 ) ) ;
#6693 = CIRCLE ( 'NONE', #7552, 1.229499999999987603 ) ;
#6694 = DIRECTION ( 'NONE',  ( -0.1851705249826900990, 0.5849067274672339334, -0.7896809462315816930 ) ) ;
#6695 = CARTESIAN_POINT ( 'NONE',  ( -66.77768383176139366, 8.248440834640383912, 21.19006495185253058 ) ) ;
#6696 = CARTESIAN_POINT ( 'NONE',  ( -53.97768383176139650, 8.248440834640383912, 28.59006495185253272 ) ) ;
#6697 = CYLINDRICAL_SURFACE ( 'NONE', #6203, 2.000000000000001776 ) ;
#6698 = ORIENTED_EDGE ( 'NONE', *, *, #3884, .T. ) ;
#6699 = CARTESIAN_POINT ( 'NONE',  ( 19.11291379899175524, 8.451330654356301153, -24.14259797180026013 ) ) ;
#6700 = ORIENTED_EDGE ( 'NONE', *, *, #3018, .F. ) ;
#6701 = CIRCLE ( 'NONE', #5479, 0.7999999999999986011 ) ;
#6702 = CARTESIAN_POINT ( 'NONE',  ( -55.57768383176140503, 8.248440834640383912, 20.39006495185253343 ) ) ;
#6703 = CARTESIAN_POINT ( 'NONE',  ( -77.53633893008050393, 8.520267111570611007, 73.19134511789357589 ) ) ;
#6704 = CARTESIAN_POINT ( 'NONE',  ( -72.56836425722190143, 9.378531838012294841, 73.61226458663345795 ) ) ;
#6705 = EDGE_LOOP ( 'NONE', ( #1387, #1556 ) ) ;
#6706 = CARTESIAN_POINT ( 'NONE',  ( -78.38682532785665558, -15.55155916535962213, 73.13290425493768510 ) ) ;
#6707 = VECTOR ( 'NONE', #7072, 1000.000000000000000 ) ;
#6708 = CARTESIAN_POINT ( 'NONE',  ( -78.19633050531983542, 8.061416807604546264, -22.68926128248964247 ) ) ;
#6709 = ORIENTED_EDGE ( 'NONE', *, *, #244, .T. ) ;
#6710 = CARTESIAN_POINT ( 'NONE',  ( 20.71110263296901977, 7.746718912148797820, 70.52033817284301165 ) ) ;
#6711 = DIRECTION ( 'NONE',  ( 0.000000000000000000, 1.000000000000000000, -0.000000000000000000 ) ) ;
#6712 = DIRECTION ( 'NONE',  ( 0.000000000000000000, 0.000000000000000000, 1.000000000000000000 ) ) ;
#6713 = ORIENTED_EDGE ( 'NONE', *, *, #139, .F. ) ;
#6714 = DIRECTION ( 'NONE',  ( 0.000000000000000000, 1.000000000000000000, -0.000000000000000000 ) ) ;
#6715 = DIRECTION ( 'NONE',  ( -0.000000000000000000, -0.9998476951563911586, 0.01745240643728354982 ) ) ;
#6716 = CARTESIAN_POINT ( 'NONE',  ( -77.28127296794690437, -15.54555916535961302, 73.02149206999351350 ) ) ;
#6717 = CARTESIAN_POINT ( 'NONE',  ( 21.13504084360030788, -20.55155916535962035, 0.000000000000000000 ) ) ;
#6718 = CARTESIAN_POINT ( 'NONE',  ( -66.47768383176139650, 8.248440834640383912, 0.000000000000000000 ) ) ;
#6719 = ADVANCED_FACE ( 'NONE', ( #5705 ), #5451, .F. ) ;
#6720 = CARTESIAN_POINT ( 'NONE',  ( -77.69040850711751034, -15.55155916535961858, 71.80324654172629550 ) ) ;
#6721 = CARTESIAN_POINT ( 'NONE',  ( -75.48314752360104762, 8.123777977586764010, -24.53944780831433548 ) ) ;
#6722 = ADVANCED_FACE ( 'NONE', ( #7471 ), #1114, .T. ) ;
#6723 = CARTESIAN_POINT ( 'NONE',  ( -76.07486119237080402, 9.445605437473002297, -17.85918514318607464 ) ) ;
#6724 = CARTESIAN_POINT ( 'NONE',  ( 8.722316168239592216, 7.448440834640384978, 11.89006495185241441 ) ) ;
#6725 = CARTESIAN_POINT ( 'NONE',  ( -77.62514334029361862, 8.943802633947518288, -18.67458250420549959 ) ) ;
#6726 = EDGE_LOOP ( 'NONE', ( #1280, #6020, #6910, #6575 ) ) ;
#6727 = CARTESIAN_POINT ( 'NONE',  ( -73.52156302723385295, 8.256532877910380819, 74.23512906059764305 ) ) ;
#6728 = B_SPLINE_CURVE_WITH_KNOTS ( 'NONE', 3,
 ( #566, #4750, #5941, #7050, #685, #2904, #3028, #4036, #1140, #5858, #601, #5253, #2325, #22, #4666, #1794 ),
 .UNSPECIFIED., .F., .F.,
 ( 4, 2, 2, 2, 2, 2, 2, 4 ),
 ( 0.000000000000000000, 0.1250000000000000000, 0.2500000000000000000, 0.3750000000000000000, 0.5000000000000000000, 0.6250000000000000000, 0.7500000000000000000, 1.000000000000000000 ),
 .UNSPECIFIED. ) ;
#6729 = EDGE_CURVE ( 'NONE', #7283, #7239, #3629, .T. ) ;
#6730 = EDGE_CURVE ( 'NONE', #2525, #4159, #5979, .T. ) ;
#6731 = CARTESIAN_POINT ( 'NONE',  ( 18.73326969416298837, 9.448440834640386754, 67.18641547565736971 ) ) ;
#6732 = FACE_BOUND ( 'NONE', #4759, .T. ) ;
#6733 = CARTESIAN_POINT ( 'NONE',  ( 17.26081465838409912, 7.633562314420631267, -24.61233899644587098 ) ) ;
#6734 = CARTESIAN_POINT ( 'NONE',  ( 19.86718797389912794, 8.520204480255575419, 73.30500585780973211 ) ) ;
#6735 = ORIENTED_EDGE ( 'NONE', *, *, #3001, .T. ) ;
#6736 = CARTESIAN_POINT ( 'NONE',  ( 8.122316168238590706, 8.648440834640384267, -16.30993504814755113 ) ) ;
#6737 = ORIENTED_EDGE ( 'NONE', *, *, #5506, .T. ) ;
#6738 = DIRECTION ( 'NONE',  ( 0.000000000000000000, -1.000000000000000000, 0.000000000000000000 ) ) ;
#6739 = CYLINDRICAL_SURFACE ( 'NONE', #4888, 3.000000000000009770 ) ;
#6740 = CARTESIAN_POINT ( 'NONE',  ( -78.53723510924932327, -20.55155916535962035, 72.76981352494750865 ) ) ;
#6741 = ORIENTED_EDGE ( 'NONE', *, *, #3917, .T. ) ;
#6742 = CARTESIAN_POINT ( 'NONE',  ( -75.69086542164833986, -20.55155916535962035, 74.80278962720933578 ) ) ;
#6743 = FACE_OUTER_BOUND ( 'NONE', #6917, .T. ) ;
#6744 = DIRECTION ( 'NONE',  ( 1.000000000000000000, 0.000000000000000000, 0.000000000000000000 ) ) ;
#6745 = ORIENTED_EDGE ( 'NONE', *, *, #3119, .F. ) ;
#6746 = CARTESIAN_POINT ( 'NONE',  ( 21.03931632092043458, -20.55155916535962035, -22.79920580660713370 ) ) ;
#6747 = CARTESIAN_POINT ( 'NONE',  ( -74.77768383175860833, -15.55155916535962035, 70.89006495185046219 ) ) ;
#6748 = FACE_OUTER_BOUND ( 'NONE', #1030, .T. ) ;
#6749 = VERTEX_POINT ( 'NONE', #2280 ) ;
#6750 = DIRECTION ( 'NONE',  ( -1.000000000000000000, 0.000000000000000000, 0.000000000000000000 ) ) ;
#6751 = LINE ( 'NONE', #4990, #519 ) ;
#6752 = LINE ( 'NONE', #5570, #1858 ) ;
#6753 = CARTESIAN_POINT ( 'NONE',  ( 20.38275222200899961, 8.608073405349422558, -22.62292803890074921 ) ) ;
#6754 = CARTESIAN_POINT ( 'NONE',  ( 8.722316168239592216, -20.55655916577720532, 13.14006495185241619 ) ) ;
#6755 = DIRECTION ( 'NONE',  ( 0.000000000000000000, 0.000000000000000000, 1.000000000000000000 ) ) ;
#6756 = CARTESIAN_POINT ( 'NONE',  ( -74.70724309820529641, 7.686451098053854736, -24.60966859535881568 ) ) ;
#6757 = VERTEX_POINT ( 'NONE', #5956 ) ;
#6758 = CARTESIAN_POINT ( 'NONE',  ( -74.77768383175860833, -15.55155916535962213, 70.89006495185046219 ) ) ;
#6759 = CARTESIAN_POINT ( 'NONE',  ( 18.83314929676039284, 8.379145511045392070, 74.07211042616452801 ) ) ;
#6760 = AXIS2_PLACEMENT_3D ( 'NONE', #1673, #2856, #6349 ) ;
#6761 = EDGE_CURVE ( 'NONE', #1406, #744, #2584, .T. ) ;
#6762 = CARTESIAN_POINT ( 'NONE',  ( -78.24351621136335666, 7.885631631620593218, -20.47079705846776676 ) ) ;
#6763 = CIRCLE ( 'NONE', #4921, 2.000000000000001776 ) ;
#6764 = EDGE_LOOP ( 'NONE', ( #6659, #2623, #93, #6774 ) ) ;
#6765 = CARTESIAN_POINT ( 'NONE',  ( -77.84976816694043578, 8.948440834640383201, 69.21307424301201650 ) ) ;
#6766 = EDGE_CURVE ( 'NONE', #6120, #3012, #7247, .T. ) ;
#6767 = EDGE_CURVE ( 'NONE', #3943, #6657, #6144, .T. ) ;
#6768 = AXIS2_PLACEMENT_3D ( 'NONE', #4865, #1826, #4260 ) ;
#6769 = CARTESIAN_POINT ( 'NONE',  ( 20.15691500918562795, 9.448440834640384978, 69.07615928875971179 ) ) ;
#6770 = CARTESIAN_POINT ( 'NONE',  ( 0.000000000000000000, 7.448440834640383201, 0.000000000000000000 ) ) ;
#6771 = EDGE_CURVE ( 'NONE', #5759, #977, #2130, .T. ) ;
#6772 = DIRECTION ( 'NONE',  ( 0.000000000000000000, 0.000000000000000000, 1.000000000000000000 ) ) ;
#6773 = CARTESIAN_POINT ( 'NONE',  ( 20.25248361903980054, 8.452206449837470714, 72.78482477198450340 ) ) ;
#6774 = ORIENTED_EDGE ( 'NONE', *, *, #5964, .F. ) ;
#6775 = DIRECTION ( 'NONE',  ( 0.000000000000000000, 0.000000000000000000, -1.000000000000000000 ) ) ;
#6776 = ORIENTED_EDGE ( 'NONE', *, *, #1323, .F. ) ;
#6777 = ORIENTED_EDGE ( 'NONE', *, *, #2398, .T. ) ;
#6778 = AXIS2_PLACEMENT_3D ( 'NONE', #2884, #6303, #7358 ) ;
#6779 = DIRECTION ( 'NONE',  ( 0.000000000000000000, -1.000000000000000000, -0.000000000000000000 ) ) ;
#6780 = CARTESIAN_POINT ( 'NONE',  ( 13.63024694166333184, 9.448440834640381425, 72.61982289548586778 ) ) ;
#6781 = CARTESIAN_POINT ( 'NONE',  ( -75.17124673451584727, 7.872059582264681943, -24.58815266144836542 ) ) ;
#6782 = EDGE_LOOP ( 'NONE', ( #3653, #6735, #2435, #1551, #2694 ) ) ;
#6783 = CARTESIAN_POINT ( 'NONE',  ( -76.08371882813010245, -20.55155916535962035, -25.00305763152696059 ) ) ;
#6784 = TOROIDAL_SURFACE ( 'NONE', #2243, 9.300000000000000711, 0.8000000000000000444 ) ;
#6785 = CARTESIAN_POINT ( 'NONE',  ( -77.27395773673605106, 7.483343488740079152, -24.08906778767255474 ) ) ;
#6786 = EDGE_CURVE ( 'NONE', #1379, #5443, #3027, .T. ) ;
#6787 = ORIENTED_EDGE ( 'NONE', *, *, #6205, .T. ) ;
#6788 = CARTESIAN_POINT ( 'NONE',  ( 20.13504084360030788, -15.55155916535961858, 71.80324654174016530 ) ) ;
#6789 = AXIS2_PLACEMENT_3D ( 'NONE', #985, #953, #6173 ) ;
#6790 = DIRECTION ( 'NONE',  ( 0.000000000000000000, 0.000000000000000000, 1.000000000000000000 ) ) ;
#6791 = ORIENTED_EDGE ( 'NONE', *, *, #1323, .T. ) ;
#6792 = FACE_OUTER_BOUND ( 'NONE', #2175, .T. ) ;
#6793 = CARTESIAN_POINT ( 'NONE',  ( 18.73326969416330812, 9.448440834640386754, -17.40628557195663362 ) ) ;
#6794 = CIRCLE ( 'NONE', #6542, 0.8000000000000020428 ) ;
#6795 = DIRECTION ( 'NONE',  ( 0.000000000000000000, 0.000000000000000000, 1.000000000000000000 ) ) ;
#6796 = CARTESIAN_POINT ( 'NONE',  ( 21.13504084360030788, -20.55155916535962035, -22.02311663803929775 ) ) ;
#6797 = CARTESIAN_POINT ( 'NONE',  ( -77.71228267270626588, 9.448440834640383201, -19.29602938505853515 ) ) ;
#6798 = DIRECTION ( 'NONE',  ( 0.000000000000000000, 0.000000000000000000, -1.000000000000000000 ) ) ;
#6799 = CARTESIAN_POINT ( 'NONE',  ( -71.40634938589948888, 9.448440834640384978, 72.68071375157310854 ) ) ;
#6800 = VERTEX_POINT ( 'NONE', #5243 ) ;
#6801 = AXIS2_PLACEMENT_3D ( 'NONE', #5624, #3213, #2703 ) ;
#6802 = CARTESIAN_POINT ( 'NONE',  ( -78.26544503818549003, 7.753359033579647175, -20.72607385259471258 ) ) ;
#6803 = CARTESIAN_POINT ( 'NONE',  ( 17.22231616824143430, 8.948440834640383201, 70.89006495185043377 ) ) ;
#6804 = CARTESIAN_POINT ( 'NONE',  ( -75.69086542164833986, -15.55155916535961858, -25.02265972350847889 ) ) ;
#6805 = ORIENTED_EDGE ( 'NONE', *, *, #6676, .T. ) ;
#6806 = CARTESIAN_POINT ( 'NONE',  ( -16.26673030583651069, 7.448440834640383201, 15.59006495185057339 ) ) ;
#6807 = CARTESIAN_POINT ( 'NONE',  ( 13.50437557580155001, 9.448239009812747113, -22.59247627783772927 ) ) ;
#6808 = ADVANCED_FACE ( 'NONE', ( #1308 ), #272, .T. ) ;
#6809 = FACE_OUTER_BOUND ( 'NONE', #1908, .T. ) ;
#6810 = CARTESIAN_POINT ( 'NONE',  ( 18.96480380905538965, 8.061418515300733389, 74.26043242431634894 ) ) ;
#6811 = DIRECTION ( 'NONE',  ( -0.9986295347545739443, -0.05233595624294378607, 0.000000000000000000 ) ) ;
#6812 = VERTEX_POINT ( 'NONE', #4313 ) ;
#6813 = VERTEX_POINT ( 'NONE', #2039 ) ;
#6814 = CIRCLE ( 'NONE', #3892, 1.600000000000000755 ) ;
#6815 = CARTESIAN_POINT ( 'NONE',  ( -74.77768383175860833, 34.44844083464037965, 72.49006495185045651 ) ) ;
#6816 = EDGE_CURVE ( 'NONE', #2328, #3453, #6876, .T. ) ;
#6817 = CARTESIAN_POINT ( 'NONE',  ( 7.322316168238584666, 8.248440834640383912, -17.10993504814754829 ) ) ;
#6818 = ORIENTED_EDGE ( 'NONE', *, *, #2137, .F. ) ;
#6819 = CARTESIAN_POINT ( 'NONE',  ( -78.38682532785665558, -20.55155916535962390, 73.13290425493768510 ) ) ;
#6820 = CARTESIAN_POINT ( 'NONE',  ( -65.97768383176141072, 8.648440834640384267, 21.19006495185253058 ) ) ;
#6821 = VECTOR ( 'NONE', #6648, 1000.000000000000000 ) ;
#6822 = VERTEX_POINT ( 'NONE', #6108 ) ;
#6823 = CARTESIAN_POINT ( 'NONE',  ( 20.68814854784540103, 7.885631631623830629, 70.25092696216313470 ) ) ;
#6824 = DIRECTION ( 'NONE',  ( 0.000000000000000000, 0.000000000000000000, 1.000000000000000000 ) ) ;
#6825 = ADVANCED_FACE ( 'NONE', ( #7264 ), #5911, .T. ) ;
#6826 = EDGE_CURVE ( 'NONE', #6628, #6822, #3949, .T. ) ;
#6827 = PRESENTATION_LAYER_ASSIGNMENT (  '', '', ( #2165 ) ) ;
#6828 = CARTESIAN_POINT ( 'NONE',  ( 20.29440050342322621, 8.948440834640392083, 69.21307424301193123 ) ) ;
#6829 = ORIENTED_EDGE ( 'NONE', *, *, #5859, .F. ) ;
#6830 = CARTESIAN_POINT ( 'NONE',  ( -77.53429175579601917, -15.55155916535961858, -24.42179564158468708 ) ) ;
#6831 = CARTESIAN_POINT ( 'NONE',  ( -78.18525552444096149, 8.202985146766762270, 71.68909884301525892 ) ) ;
#6832 = CARTESIAN_POINT ( 'NONE',  ( 18.43207752465563232, -20.55155916535966298, 74.06482851624804198 ) ) ;
#6833 = CARTESIAN_POINT ( 'NONE',  ( -76.69071311680474423, -15.58646397823418539, 0.000000000000000000 ) ) ;
#6834 = LINE ( 'NONE', #6754, #5776 ) ;
#6835 = TOROIDAL_SURFACE ( 'NONE', #5354, 9.299999999999997158, 0.8000000000000000444 ) ;
#6836 = DIRECTION ( 'NONE',  ( 0.000000000000000000, -1.000000000000000000, 0.000000000000000000 ) ) ;
#6837 = CARTESIAN_POINT ( 'NONE',  ( -76.28863735768069887, 7.448440834640383201, 71.80324654166564358 ) ) ;
#6838 = VERTEX_POINT ( 'NONE', #1385 ) ;
#6839 = CARTESIAN_POINT ( 'NONE',  ( 17.21130394326447899, 7.653685632220121882, 74.39060968063510870 ) ) ;
#6840 =( BOUNDED_SURFACE ( )  B_SPLINE_SURFACE ( 3, 2, ( 
 ( #1475, #4976, #1400 ),
 ( #2053, #6164, #907 ),
 ( #3722, #788, #3135 ),
 ( #1590, #4621, #405 ),
 ( #3374, #4024, #3985 ),
 ( #6311, #6381, #980 ),
 ( #1628, #6241, #5702 ),
 ( #440, #4585, #1124 ),
 ( #7429, #5090, #3479 ),
 ( #2777, #2314, #4057 ) ),
 .UNSPECIFIED., .F., .F., .F. ) 
 B_SPLINE_SURFACE_WITH_KNOTS ( ( 4, 2, 2, 2, 4 ),
 ( 3, 3 ),
 ( 0.000000000000000000, 0.0006324766926357489744, 0.001264953385271497949, 0.001897430077907246923, 0.002529906770542995897 ),
 ( 0.000000000000000000, 1.000000000000000000 ),
 .UNSPECIFIED. ) 
 GEOMETRIC_REPRESENTATION_ITEM ( )  RATIONAL_B_SPLINE_SURFACE ( (
 ( 1.000000000000000000, 0.7071067811865512365, 1.000000000000000000),
 ( 1.000000000000000000, 0.7482605807271438536, 1.000000000000000000),
 ( 1.000000000000000000, 0.7859662412952213018, 1.000000000000000000),
 ( 1.000000000000000000, 0.8543471657467409663, 1.000000000000000000),
 ( 1.000000000000000000, 0.8850653624182233115, 1.000000000000000000),
 ( 1.000000000000000000, 0.9378133947793477754, 1.000000000000000000),
 ( 1.000000000000000000, 0.9598637189157293026, 1.000000000000000000),
 ( 1.000000000000000000, 0.9910703068287691764, 1.000000000000000000),
 ( 1.000000000000000000, 1.000069067823799118, 1.000000000000000000),
 ( 1.000000000000000000, 1.000000000000000000, 1.000000000000000000) ) ) 
 REPRESENTATION_ITEM ( '' )  SURFACE ( )  );
#6841 = CARTESIAN_POINT ( 'NONE',  ( 19.86773814655330384, 8.520204089304604267, 73.30445491791061841 ) ) ;
#6842 = CARTESIAN_POINT ( 'NONE',  ( -76.28863735768069887, 9.448440834640383201, -17.40628557195670112 ) ) ;
#6843 = ORIENTED_EDGE ( 'NONE', *, *, #712, .F. ) ;
#6844 = CARTESIAN_POINT ( 'NONE',  ( 17.22231616824142364, 8.948440834640383201, -21.10993504814957689 ) ) ;
#6845 = CARTESIAN_POINT ( 'NONE',  ( -78.07366421957604530, -20.55155916535962035, -23.85552407694446941 ) ) ;
#6846 = CARTESIAN_POINT ( 'NONE',  ( -78.10231772148428320, 14.44844083464174211, 72.45138648824955396 ) ) ;
#6847 = CARTESIAN_POINT ( 'NONE',  ( 20.46716725206309206, 7.483345645030294868, 72.96166619785172713 ) ) ;
#6848 = CYLINDRICAL_SURFACE ( 'NONE', #5569, 0.7999999999999986011 ) ;
#6849 = ORIENTED_EDGE ( 'NONE', *, *, #5421, .T. ) ;
#6850 = DIRECTION ( 'NONE',  ( 0.01745240643728354982, -0.9998476951563911586, -0.000000000000000000 ) ) ;
#6851 = CARTESIAN_POINT ( 'NONE',  ( -78.17237082786185454, 8.124720590872803072, 71.74404710968838117 ) ) ;
#6852 = ORIENTED_EDGE ( 'NONE', *, *, #2928, .T. ) ;
#6853 = CARTESIAN_POINT ( 'NONE',  ( -74.77768383175860833, 8.948440834640383201, 73.89006495185046219 ) ) ;
#6854 = CARTESIAN_POINT ( 'NONE',  ( -75.69086542164833986, -15.55155916535961858, -25.02265972350848244 ) ) ;
#6855 = CARTESIAN_POINT ( 'NONE',  ( -72.73141597088894628, 9.072981248605712423, 73.76056811757977982 ) ) ;
#6856 = ORIENTED_EDGE ( 'NONE', *, *, #2341, .F. ) ;
#6857 = CARTESIAN_POINT ( 'NONE',  ( 0.000000000000000000, 7.448440834640383201, -22.62088857407165676 ) ) ;
#6858 = EDGE_CURVE ( 'NONE', #2428, #1480, #3785, .T. ) ;
#6859 = CARTESIAN_POINT ( 'NONE',  ( 20.72286089702627621, 7.653685632216834733, 70.87905272683053681 ) ) ;
#6860 = CARTESIAN_POINT ( 'NONE',  ( -77.73548494614648519, 8.487544660735895974, 72.92092460636899887 ) ) ;
#6861 = EDGE_LOOP ( 'NONE', ( #4679, #7126, #4437, #7160 ) ) ;
#6862 = DIRECTION ( 'NONE',  ( 4.701147631373462191E-17, 0.000000000000000000, 1.000000000000000000 ) ) ;
#6863 = CARTESIAN_POINT ( 'NONE',  ( -76.28863735768069887, 7.448440834640383201, -22.02311663797028274 ) ) ;
#6864 = CARTESIAN_POINT ( 'NONE',  ( 18.29438089632182596, 8.401646644876127112, -24.44532313047747962 ) ) ;
#6865 = EDGE_CURVE ( 'NONE', #3635, #5939, #772, .T. ) ;
#6866 = DIRECTION ( 'NONE',  ( 0.000000000000000000, 1.000000000000000000, 0.000000000000000000 ) ) ;
#6867 = EDGE_CURVE ( 'NONE', #3499, #1418, #3594, .T. ) ;
#6868 = CARTESIAN_POINT ( 'NONE',  ( 20.65283365119059056, 8.134931476363435721, -20.38642241631702134 ) ) ;
#6869 = DIRECTION ( 'NONE',  ( 0.000000000000000000, 1.000000000000000000, 0.000000000000000000 ) ) ;
#6870 = ORIENTED_EDGE ( 'NONE', *, *, #3789, .F. ) ;
#6871 = FACE_OUTER_BOUND ( 'NONE', #3038, .T. ) ;
#6872 = CARTESIAN_POINT ( 'NONE',  ( 18.63291440389856746, 8.436213256737163491, 74.09711919303023819 ) ) ;
#6873 = PLANE ( 'NONE',  #320 ) ;
#6874 = ORIENTED_EDGE ( 'NONE', *, *, #5831, .F. ) ;
#6875 = DIRECTION ( 'NONE',  ( -1.000000000000000000, 0.000000000000000000, 4.701147631373462191E-17 ) ) ;
#6876 = CIRCLE ( 'NONE', #3834, 1.250000000000001110 ) ;
#6877 = CARTESIAN_POINT ( 'NONE',  ( -74.77768383175860833, -13.55155916535962035, -22.70993504814955344 ) ) ;
#6878 = VECTOR ( 'NONE', #393, 1000.000000000000000 ) ;
#6879 = CARTESIAN_POINT ( 'NONE',  ( -78.31185419305533912, -15.55155916535961858, 73.31394824372787866 ) ) ;
#6880 = CARTESIAN_POINT ( 'NONE',  ( -65.97768383176139650, 8.248440834640383912, 30.19006495185253058 ) ) ;
#6881 = CARTESIAN_POINT ( 'NONE',  ( -75.69086542162865783, 8.052076284324103383, 74.30774977606419895 ) ) ;
#6882 = VERTEX_POINT ( 'NONE', #3242 ) ;
#6883 = B_SPLINE_CURVE_WITH_KNOTS ( 'NONE', 3,
 ( #2206, #6427, #480, #4624, #3336, #5666 ),
 .UNSPECIFIED., .F., .F.,
 ( 4, 2, 4 ),
 ( 0.000000000000000000, 0.001264893815507639073, 0.002529787631015278145 ),
 .UNSPECIFIED. ) ;
#6884 = TOROIDAL_SURFACE ( 'NONE', #5544, 3.000000000000007994, 0.5000000000000000000 ) ;
#6885 = CARTESIAN_POINT ( 'NONE',  ( -78.26450899317926257, 7.813330026792337790, 71.21145929207551717 ) ) ;
#6886 = ORIENTED_EDGE ( 'NONE', *, *, #4712, .F. ) ;
#6887 = CARTESIAN_POINT ( 'NONE',  ( -66.77768383176139366, 8.248440834640383912, 20.39006495185253343 ) ) ;
#6888 = CARTESIAN_POINT ( 'NONE',  ( -71.21165049883742881, 9.448440834639779240, 72.57560574076440219 ) ) ;
#6889 = CIRCLE ( 'NONE', #3595, 0.7999999999999986011 ) ;
#6890 = ORIENTED_EDGE ( 'NONE', *, *, #3783, .T. ) ;
#6891 = CARTESIAN_POINT ( 'NONE',  ( 20.20181913354291225, 7.483343472789875328, 73.38612560307655031 ) ) ;
#6892 = CARTESIAN_POINT ( 'NONE',  ( 0.000000000000000000, 7.448440834640383201, 19.59006495185253627 ) ) ;
#6893 = CARTESIAN_POINT ( 'NONE',  ( 18.13549775813112674, -15.55155916535961858, 74.80278962720933578 ) ) ;
#6894 = AXIS2_PLACEMENT_3D ( 'NONE', #6803, #3930, #3284 ) ;
#6895 = AXIS2_PLACEMENT_3D ( 'NONE', #2543, #7272, #859 ) ;
#6896 = CYLINDRICAL_SURFACE ( 'NONE', #5300, 5.000000000000004441 ) ;
#6897 = ORIENTED_EDGE ( 'NONE', *, *, #2201, .F. ) ;
#6898 = CARTESIAN_POINT ( 'NONE',  ( 18.97265893896893374, 7.483345650366449497, -24.48789024376669943 ) ) ;
#6899 = ADVANCED_FACE ( 'NONE', ( #4806 ), #3208, .F. ) ;
#6900 = B_SPLINE_CURVE_WITH_KNOTS ( 'NONE', 3,
 ( #7169, #7127, #4867, #4905 ),
 .UNSPECIFIED., .F., .F.,
 ( 4, 4 ),
 ( -0.005006861729725642363, 2.273736754432320595E-13 ),
 .UNSPECIFIED. ) ;
#6901 = B_SPLINE_CURVE_WITH_KNOTS ( 'NONE', 3,
 ( #5412, #225, #1417, #3777, #3193, #5529, #7176, #265, #7337, #3662, #2606, #1918 ),
 .UNSPECIFIED., .F., .F.,
 ( 4, 2, 2, 2, 2, 4 ),
 ( 0.000000000000000000, 0.0008834104337375487531, 0.001325115650606323130, 0.001766820867475097506, 0.002650231301212646259, 0.003533641734950195012 ),
 .UNSPECIFIED. ) ;
#6902 = CARTESIAN_POINT ( 'NONE',  ( -78.26508863415260464, 7.809366199487779880, -20.79151062134740968 ) ) ;
#6903 = EDGE_CURVE ( 'NONE', #2182, #283, #3083, .T. ) ;
#6904 = CARTESIAN_POINT ( 'NONE',  ( -78.27550428028757779, 7.678540074753659184, 71.10651767756650088 ) ) ;
#6905 = CYLINDRICAL_SURFACE ( 'NONE', #4663, 8.500000000000007105 ) ;
#6906 = TOROIDAL_SURFACE ( 'NONE', #6414, 1.600000000000000089, 0.8000000000000000444 ) ;
#6907 = CARTESIAN_POINT ( 'NONE',  ( 20.71515296709185350, 7.758620921509661095, -21.34141153115236733 ) ) ;
#6908 = ADVANCED_FACE ( 'NONE', ( #4463 ), #4550, .T. ) ;
#6909 = CARTESIAN_POINT ( 'NONE',  ( -72.56836425722396200, 9.378531838009694255, -23.83213468293447335 ) ) ;
#6910 = ORIENTED_EDGE ( 'NONE', *, *, #621, .T. ) ;
#6911 = DIRECTION ( 'NONE',  ( 0.000000000000000000, 0.000000000000000000, -1.000000000000000000 ) ) ;
#6912 = AXIS2_PLACEMENT_3D ( 'NONE', #2501, #7187, #3549 ) ;
#6913 = CARTESIAN_POINT ( 'NONE',  ( 16.95433906174098126, 7.699345939396369687, 74.38540511906862207 ) ) ;
#6914 = CARTESIAN_POINT ( 'NONE',  ( 18.34881305312734057, 8.305794553910821776, 74.20766767905799099 ) ) ;
#6915 = CARTESIAN_POINT ( 'NONE',  ( -78.19536865596904818, 8.052076284334663825, -22.02311663803610031 ) ) ;
#6916 = ORIENTED_EDGE ( 'NONE', *, *, #2577, .F. ) ;
#6917 = EDGE_LOOP ( 'NONE', ( #2626, #7437, #3462, #6346 ) ) ;
#6918 = CARTESIAN_POINT ( 'NONE',  ( -75.58683813530363693, 7.990434924066040168, 74.32726427726942120 ) ) ;
#6919 = CIRCLE ( 'NONE', #39, 1.250000000000001110 ) ;
#6920 = EDGE_CURVE ( 'NONE', #3232, #6242, #1606, .T. ) ;
#6921 = CARTESIAN_POINT ( 'NONE',  ( -74.05417119992088715, 8.134931476368041814, -24.54045253109756075 ) ) ;
#6922 = CARTESIAN_POINT ( 'NONE',  ( 17.92207463543768142, 8.118948511632620324, -24.54078561372539369 ) ) ;
#6923 = CARTESIAN_POINT ( 'NONE',  ( -77.03661589283100852, 9.448440834640383201, 68.69685254512434369 ) ) ;
#6924 = CARTESIAN_POINT ( 'NONE',  ( 18.31385343499803398, 7.483345654606551989, 74.40071386795536057 ) ) ;
#6925 = DIRECTION ( 'NONE',  ( -0.000000000000000000, 1.000000000000000000, -0.000000000000000000 ) ) ;
#6926 = ORIENTED_EDGE ( 'NONE', *, *, #4375, .T. ) ;
#6927 = CARTESIAN_POINT ( 'NONE',  ( -78.19720162399174512, 8.054643552714953358, 71.64491522907248111 ) ) ;
#6928 = CARTESIAN_POINT ( 'NONE',  ( -28.77768383176221079, 8.248440834640383912, 49.19006495185253414 ) ) ;
#6929 = DIRECTION ( 'NONE',  ( -0.4791402025252907704, 0.000000000000000000, -0.8777383814805090889 ) ) ;
#6930 = DIRECTION ( 'NONE',  ( 0.000000000000000000, 0.9998476951563911586, 0.01745240643728354635 ) ) ;
#6931 = VERTEX_POINT ( 'NONE', #2692 ) ;
#6932 = DIRECTION ( 'NONE',  ( 0.5951998735472501245, 0.8035776941462086098, 0.000000000000000000 ) ) ;
#6933 = CARTESIAN_POINT ( 'NONE',  ( -74.77768383175860833, -13.55155916535962035, 70.89006495185046219 ) ) ;
#6934 = DIRECTION ( 'NONE',  ( 1.000000000000000000, 0.000000000000000000, -7.709882115452479153E-16 ) ) ;
#6935 = ORIENTED_EDGE ( 'NONE', *, *, #4420, .F. ) ;
#6936 = DIRECTION ( 'NONE',  ( 0.000000000000000000, 0.000000000000000000, 1.000000000000000000 ) ) ;
#6937 = CIRCLE ( 'NONE', #6076, 3.000000000000002665 ) ;
#6938 = CARTESIAN_POINT ( 'NONE',  ( -78.20820131470739511, 8.134931476364956282, -20.38642241631534091 ) ) ;
#6939 = DIRECTION ( 'NONE',  ( 0.000000000000000000, 0.000000000000000000, 1.000000000000000000 ) ) ;
#6940 = DIRECTION ( 'NONE',  ( 0.000000000000000000, 0.000000000000000000, 1.000000000000000000 ) ) ;
#6941 = CARTESIAN_POINT ( 'NONE',  ( 3.733269694163487973, 8.248440834640383912, 24.89006495185043377 ) ) ;
#6942 = EDGE_CURVE ( 'NONE', #4186, #7055, #6297, .T. ) ;
#6943 = CARTESIAN_POINT ( 'NONE',  ( -72.10919420444480465, 9.708179777157894819, -23.38503824798971209 ) ) ;
#6944 = ORIENTED_EDGE ( 'NONE', *, *, #2408, .T. ) ;
#6945 = LINE ( 'NONE', #572, #7191 ) ;
#6946 = CARTESIAN_POINT ( 'NONE',  ( 20.64000099245373221, 8.052076284328681055, 71.80324654172980559 ) ) ;
#6947 = AXIS2_PLACEMENT_3D ( 'NONE', #3138, #94, #5478 ) ;
#6948 = FACE_OUTER_BOUND ( 'NONE', #3182, .T. ) ;
#6949 = CARTESIAN_POINT ( 'NONE',  ( 17.22231616824142364, 9.448440834640395636, -21.10993504814957689 ) ) ;
#6950 = ORIENTED_EDGE ( 'NONE', *, *, #2398, .F. ) ;
#6951 = ORIENTED_EDGE ( 'NONE', *, *, #7246, .F. ) ;
#6952 = LINE ( 'NONE', #7536, #7258 ) ;
#6953 = EDGE_CURVE ( 'NONE', #1285, #4460, #7379, .T. ) ;
#6954 = ADVANCED_FACE ( 'NONE', ( #4499 ), #923, .F. ) ;
#6955 = DIRECTION ( 'NONE',  ( -0.01745240643728354635, -0.9998476951563911586, 0.000000000000000000 ) ) ;
#6956 = CARTESIAN_POINT ( 'NONE',  ( 20.53417676167720884, -15.55155916535961858, -23.86654297218561283 ) ) ;
#6957 = CARTESIAN_POINT ( 'NONE',  ( -77.19428380943094226, 9.448440834640384978, 68.40082289366030466 ) ) ;
#6958 = CARTESIAN_POINT ( 'NONE',  ( 20.08952314865475586, 8.061418504290063680, 73.50844323397026869 ) ) ;
#6959 = CARTESIAN_POINT ( 'NONE',  ( -28.77768383176221079, 7.448440834640383201, 39.89006495185252987 ) ) ;
#6960 = VERTEX_POINT ( 'NONE', #2838 ) ;
#6961 = EDGE_CURVE ( 'NONE', #3880, #7577, #4919, .T. ) ;
#6962 = EDGE_CURVE ( 'NONE', #7110, #3376, #6388, .T. ) ;
#6963 = CARTESIAN_POINT ( 'NONE',  ( -78.27882669991583953, 7.646448962284325468, 71.01243953795854225 ) ) ;
#6964 = LINE ( 'NONE', #6887, #6224 ) ;
#6965 = CARTESIAN_POINT ( 'NONE',  ( 15.54532545940296906, 8.948440834640383201, 73.96214928703224700 ) ) ;
#6966 = DIRECTION ( 'NONE',  ( 0.000000000000000000, 0.000000000000000000, 1.000000000000000000 ) ) ;
#6967 = VERTEX_POINT ( 'NONE', #4042 ) ;
#6968 = FACE_OUTER_BOUND ( 'NONE', #1152, .T. ) ;
#6969 = CARTESIAN_POINT ( 'NONE',  ( 21.13504084360030788, -15.55155916535961858, 71.80324654174016530 ) ) ;
#6970 = CARTESIAN_POINT ( 'NONE',  ( -75.38884424193781797, 8.044579914704220513, 74.33766655873631635 ) ) ;
#6971 = ORIENTED_EDGE ( 'NONE', *, *, #7329, .F. ) ;
#6972 = CARTESIAN_POINT ( 'NONE',  ( 20.09153493676862112, 7.483345654445027861, -23.74062130532920989 ) ) ;
#6973 = AXIS2_PLACEMENT_3D ( 'NONE', #1796, #6363, #5860 ) ;
#6974 = LINE ( 'NONE', #2256, #886 ) ;
#6975 = CARTESIAN_POINT ( 'NONE',  ( -78.06497635402688218, 8.377809666585534387, 69.43248253771523082 ) ) ;
#6976 = DIRECTION ( 'NONE',  ( 0.000000000000000000, 1.000000000000000000, -0.000000000000000000 ) ) ;
#6977 = DIRECTION ( 'NONE',  ( 0.000000000000000000, 0.000000000000000000, 1.000000000000000000 ) ) ;
#6978 = DIRECTION ( 'NONE',  ( -1.000000000000000000, 0.000000000000000000, 0.000000000000000000 ) ) ;
#6979 = ORIENTED_EDGE ( 'NONE', *, *, #6526, .F. ) ;
#6980 = CYLINDRICAL_SURFACE ( 'NONE', #5848, 8.500000000000000000 ) ;
#6981 = DIRECTION ( 'NONE',  ( -1.000000000000000000, 0.000000000000000000, 0.000000000000000000 ) ) ;
#6982 = CARTESIAN_POINT ( 'NONE',  ( -16.26673030583651069, 8.648440834640384267, 15.59006495185057339 ) ) ;
#6983 = B_SPLINE_CURVE_WITH_KNOTS ( 'NONE', 3,
 ( #7212, #3773, #4872, #1988, #4228, #725, #3067, #1948, #4304, #3034, #6518, #647 ),
 .UNSPECIFIED., .F., .F.,
 ( 4, 2, 2, 2, 2, 4 ),
 ( 0.000000000000000000, 0.0008834104337384868048, 0.001325115650607730207, 0.001766820867476973610, 0.002650231301215460415, 0.003533641734953947219 ),
 .UNSPECIFIED. ) ;
#6984 = CARTESIAN_POINT ( 'NONE',  ( 20.70133630103276445, 7.809605726004929416, -21.60226034705592824 ) ) ;
#6985 = EDGE_LOOP ( 'NONE', ( #2088, #4377, #7045, #1656 ) ) ;
#6986 = ORIENTED_EDGE ( 'NONE', *, *, #7430, .T. ) ;
#6987 = CARTESIAN_POINT ( 'NONE',  ( -72.28849072406259779, 9.448440834640384978, 73.30669926345741771 ) ) ;
#6988 =( BOUNDED_SURFACE ( )  B_SPLINE_SURFACE ( 3, 2, ( 
 ( #749, #1978, #717 ),
 ( #6506, #173, #6626 ),
 ( #1248, #4259, #4745 ),
 ( #7083, #639, #1825 ),
 ( #5399, #3059, #3651 ),
 ( #1865, #4864, #5937 ),
 ( #4296, #681, #3023 ),
 ( #5364, #4823, #5978 ),
 ( #1364, #95, #1328 ),
 ( #6013, #4781, #6052 ) ),
 .UNSPECIFIED., .F., .F., .F. ) 
 B_SPLINE_SURFACE_WITH_KNOTS ( ( 4, 2, 2, 2, 4 ),
 ( 3, 3 ),
 ( 0.000000000000000000, 0.0006324469077536798911, 0.001264893815507359782, 0.001897340723261039565, 0.002529787631014719564 ),
 ( 0.000000000000000000, 1.000000000000000000 ),
 .UNSPECIFIED. ) 
 GEOMETRIC_REPRESENTATION_ITEM ( )  RATIONAL_B_SPLINE_SURFACE ( (
 ( 1.000000000000000000, 0.7071067811865477948, 1.000000000000000000),
 ( 1.000000000000000000, 0.7482557864057314267, 1.000000000000000000),
 ( 1.000000000000000000, 0.7859595632329048343, 1.000000000000000000),
 ( 1.000000000000000000, 0.8543387531409427638, 1.000000000000000000),
 ( 1.000000000000000000, 0.8850570986934996887, 1.000000000000000000),
 ( 1.000000000000000000, 0.9378057023053606445, 1.000000000000000000),
 ( 1.000000000000000000, 0.9598562173317130020, 1.000000000000000000),
 ( 1.000000000000000000, 0.9910687533214991296, 1.000000000000000000),
 ( 1.000000000000000000, 1.000069207638731195, 1.000000000000000000),
 ( 1.000000000000000000, 1.000000000000000000, 1.000000000000000000) ) ) 
 REPRESENTATION_ITEM ( '' )  SURFACE ( )  );
#6989 = CARTESIAN_POINT ( 'NONE',  ( -75.69086542164623665, 8.052076284335894840, -24.52761987235962238 ) ) ;
#6990 = CARTESIAN_POINT ( 'NONE',  ( -48.77768383176253764, -20.55655916577720532, 50.89006495185252277 ) ) ;
#6991 = EDGE_CURVE ( 'NONE', #3433, #653, #7497, .T. ) ;
#6992 = CARTESIAN_POINT ( 'NONE',  ( 17.82203752287322374, 8.034893893550751898, -24.55973271865880037 ) ) ;
#6993 = CARTESIAN_POINT ( 'NONE',  ( -76.43249677084676819, 9.448440829728475876, 67.34532651950846116 ) ) ;
#6994 = CARTESIAN_POINT ( 'NONE',  ( 19.49741936808372955, 9.708179777156225043, -18.44144542083756377 ) ) ;
#6995 = CARTESIAN_POINT ( 'NONE',  ( -78.08954442519612371, -15.55155916535962035, 73.64667287588748934 ) ) ;
#6996 = ORIENTED_EDGE ( 'NONE', *, *, #1900, .T. ) ;
#6997 = CARTESIAN_POINT ( 'NONE',  ( -78.22662067934530228, 8.052386694314169091, 70.26327663813485458 ) ) ;
#6998 = AXIS2_PLACEMENT_3D ( 'NONE', #2367, #6976, #6940 ) ;
#6999 = CARTESIAN_POINT ( 'NONE',  ( 17.22231616824143430, -15.55155916535962035, 65.89006495185043377 ) ) ;
#7000 = FACE_OUTER_BOUND ( 'NONE', #5124, .T. ) ;
#7001 = ORIENTED_EDGE ( 'NONE', *, *, #4058, .F. ) ;
#7002 = CARTESIAN_POINT ( 'NONE',  ( -75.69086542164833986, 7.483345647514950016, 74.40071386808530463 ) ) ;
#7003 = VECTOR ( 'NONE', #1451, 1000.000000000000000 ) ;
#7004 = CIRCLE ( 'NONE', #1365, 1.229499999999987603 ) ;
#7005 = CARTESIAN_POINT ( 'NONE',  ( 18.13549775812072795, -15.55155916535961858, -24.02265972350847179 ) ) ;
#7006 = EDGE_CURVE ( 'NONE', #6683, #672, #6505, .T. ) ;
#7007 = CARTESIAN_POINT ( 'NONE',  ( -76.30197419049859775, 8.612146619154717797, 74.04499292730504578 ) ) ;
#7008 = EDGE_LOOP ( 'NONE', ( #7077, #6555, #5280, #4861 ) ) ;
#7009 = CARTESIAN_POINT ( 'NONE',  ( -28.77768383176221079, 8.648440834640384267, 39.89006495185252987 ) ) ;
#7010 = CIRCLE ( 'NONE', #2845, 0.8000000000000003775 ) ;
#7011 = CARTESIAN_POINT ( 'NONE',  ( 18.02135005942632162, 8.202985146783714043, 74.29763664452806893 ) ) ;
#7012 = DIRECTION ( 'NONE',  ( -0.000000000000000000, -0.000000000000000000, -1.000000000000000000 ) ) ;
#7013 = LINE ( 'NONE', #2869, #5416 ) ;
#7014 = CIRCLE ( 'NONE', #1620, 0.7999999999999986011 ) ;
#7015 = CARTESIAN_POINT ( 'NONE',  ( -55.57768383176139793, 8.248440834640383912, 30.19006495185253058 ) ) ;
#7016 = ORIENTED_EDGE ( 'NONE', *, *, #5738, .T. ) ;
#7017 = CARTESIAN_POINT ( 'NONE',  ( -16.26673030583651069, -20.55655916577720532, 24.89006495185057233 ) ) ;
#7018 = CARTESIAN_POINT ( 'NONE',  ( -77.95244740354270618, -20.55155916535962035, -22.02311663803931197 ) ) ;
#7019 = CIRCLE ( 'NONE', #7515, 0.4999999999999970579 ) ;
#7020 = CARTESIAN_POINT ( 'NONE',  ( -16.26673030583651069, -20.55655916577720532, 33.39006495185057588 ) ) ;
#7021 = CARTESIAN_POINT ( 'NONE',  ( 18.73326969416348575, 9.448440834640383201, -17.40628557195670822 ) ) ;
#7022 = ORIENTED_EDGE ( 'NONE', *, *, #6953, .F. ) ;
#7023 = VERTEX_POINT ( 'NONE', #6483 ) ;
#7024 = CARTESIAN_POINT ( 'NONE',  ( -72.34233128781464472, 8.943802633947480984, -23.95739455668465112 ) ) ;
#7025 = AXIS2_PLACEMENT_3D ( 'NONE', #2067, #5104, #3961 ) ;
#7026 = CARTESIAN_POINT ( 'NONE',  ( 21.11543875161757100, -20.55155916535962035, -22.41597004452095021 ) ) ;
#7027 = CARTESIAN_POINT ( 'NONE',  ( -75.47744229895924661, 8.118948511636336463, -24.54078561372448775 ) ) ;
#7028 = CARTESIAN_POINT ( 'NONE',  ( 17.22231616824142364, -13.55155916535961858, -21.10993504814957689 ) ) ;
#7029 = DIRECTION ( 'NONE',  ( 7.709882115452479153E-16, -0.000000000000000000, 1.000000000000000000 ) ) ;
#7030 = CARTESIAN_POINT ( 'NONE',  ( 20.72494289541860368, 7.630920137471212783, -21.09817563197261236 ) ) ;
#7031 = CIRCLE ( 'NONE', #3369, 0.7999999999999951594 ) ;
#7032 = CARTESIAN_POINT ( 'NONE',  ( -74.77768383175860833, -20.55355916535961569, 70.89006495185046219 ) ) ;
#7033 = VERTEX_POINT ( 'NONE', #1692 ) ;
#7034 = CARTESIAN_POINT ( 'NONE',  ( 21.13504084359621515, -15.55155916535961858, 72.19600011689944097 ) ) ;
#7035 = CARTESIAN_POINT ( 'NONE',  ( -78.03566190796792057, 8.432253156804771166, 69.34135518752503913 ) ) ;
#7036 = CARTESIAN_POINT ( 'NONE',  ( 18.02135005939343415, 8.202985146755901624, -24.51750674083492498 ) ) ;
#7037 = CLOSED_SHELL ( 'NONE', ( #438, #6058, #6678, #7097, #6908, #6515, #918, #6202, #871, #6825, #3304, #7468, #5369, #1512, #6722, #2081, #3875, #5231, #1053, #1132, #1263, #7339, #1938, #5769, #1892, #2116, #4065, #662, #2877, #858, #427, #962, #2446, #7185, #5881, #1430, #2120, #7530, #6380, #2231, #7260, #3445, #3348, #6808, #52, #6438, #6719, #4247, #5157, #6225, #3222, #6631, #2360, #5922, #6290, #1699, #1786, #3960, #3965, #4693, #4284, #7089, #7052, #541, #5172, #289, #4249, #1881, #5967, #246, #5455, #632, #2770, #6432, #236, #1710, #5984, #7146, #2036, #3866, #5974, #6075, #1802, #1278, #2210, #5788, #5824, #4235, #232, #6899, #2971, #2959, #5313, #1783, #287, #2460, #4053, #1554, #4292, #7466, #6285, #1472, #2628, #946, #1552, #2536, #1613, #850, #1573, #2860, #1316, #347, #5745, #6067, #7289, #3931, #1463, #6672, #1648, #6547, #2646, #3638, #4655, #5405, #6063, #3582, #5000, #1317, #7476, #7299, #4889, #4482, #2178, #4757, #991, #3277, #816, #3218, #1360, #7531, #2871, #5170, #5546, #4927, #5700, #1605, #185, #1708, #2220, #6105, #99, #5680, #6620, #7179, #3780, #7433, #6350, #5084, #3746, #2969, #3976, #3650, #5167, #4155, #954, #4143, #855, #1046, #5036, #3309, #4604, #6954, #2069, #6019, #6579, #2409, #2787, #4704, #3116, #3010, #917, #4436, #3675, #484, #2679, #5465, #6154, #5132 ) ) ;
#7038 = CARTESIAN_POINT ( 'NONE',  ( -65.97768383176139650, 9.448440834640383201, 29.39006495185252987 ) ) ;
#7039 = ORIENTED_EDGE ( 'NONE', *, *, #1661, .T. ) ;
#7040 = CARTESIAN_POINT ( 'NONE',  ( -76.51810209948992281, 8.061418505508260779, 74.26121919513819591 ) ) ;
#7041 = ORIENTED_EDGE ( 'NONE', *, *, #3917, .F. ) ;
#7042 = EDGE_CURVE ( 'NONE', #2979, #2755, #4756, .T. ) ;
#7043 = CARTESIAN_POINT ( 'NONE',  ( 19.38249147199705291, 14.44844083463901896, -24.18653771107021200 ) ) ;
#7044 = CARTESIAN_POINT ( 'NONE',  ( -75.71264038540164165, 8.318043597614986240, 74.26576444236386010 ) ) ;
#7045 = ORIENTED_EDGE ( 'NONE', *, *, #36, .F. ) ;
#7046 = DIRECTION ( 'NONE',  ( 0.000000000000000000, 0.000000000000000000, 1.000000000000000000 ) ) ;
#7047 = CARTESIAN_POINT ( 'NONE',  ( -28.77768383176221079, 8.648440834640384267, 30.59006495185252916 ) ) ;
#7048 = ORIENTED_EDGE ( 'NONE', *, *, #3543, .F. ) ;
#7049 = CARTESIAN_POINT ( 'NONE',  ( 17.22231616824142364, -13.55155916535962035, -21.10993504814957689 ) ) ;
#7050 = CARTESIAN_POINT ( 'NONE',  ( 18.91158692669901953, -20.55155916535962035, 74.70706510452808402 ) ) ;
#7051 = EDGE_CURVE ( 'NONE', #1804, #4825, #575, .T. ) ;
#7052 = ADVANCED_FACE ( 'NONE', ( #6948 ), #4718, .F. ) ;
#7053 = CARTESIAN_POINT ( 'NONE',  ( 17.71464146715546306, 7.809605726009140270, 74.36908508464102852 ) ) ;
#7054 = DIRECTION ( 'NONE',  ( 0.000000000000000000, 1.000000000000000000, -0.000000000000000000 ) ) ;
#7055 = VERTEX_POINT ( 'NONE', #540 ) ;
#7056 = DIRECTION ( 'NONE',  ( 0.000000000000000000, 0.000000000000000000, 1.000000000000000000 ) ) ;
#7057 = CARTESIAN_POINT ( 'NONE',  ( 16.41005187381835384, 8.213665038649260453, 74.29981275070448987 ) ) ;
#7058 = DIRECTION ( 'NONE',  ( 0.000000000000000000, 0.000000000000000000, 1.000000000000000000 ) ) ;
#7059 = CARTESIAN_POINT ( 'NONE',  ( 20.71110263297008913, 7.746718912141735025, -20.74020826915661786 ) ) ;
#7060 = AXIS2_PLACEMENT_3D ( 'NONE', #7488, #4716, #2227 ) ;
#7061 = ORIENTED_EDGE ( 'NONE', *, *, #1669, .F. ) ;
#7062 = VERTEX_POINT ( 'NONE', #2878 ) ;
#7063 = CARTESIAN_POINT ( 'NONE',  ( 17.22231616824142364, 9.448440834640395636, -21.10993504814957689 ) ) ;
#7064 = CARTESIAN_POINT ( 'NONE',  ( 5.025557352762999168E-16, 8.248440834640383912, 10.69006495185253236 ) ) ;
#7065 = AXIS2_PLACEMENT_3D ( 'NONE', #5712, #4661, #6358 ) ;
#7066 = CARTESIAN_POINT ( 'NONE',  ( -74.77768383175860833, -13.55155916535962035, -21.10993504814956268 ) ) ;
#7067 = CARTESIAN_POINT ( 'NONE',  ( 20.71845343290168984, 7.694509739122644909, -21.28419049006820529 ) ) ;
#7068 = LINE ( 'NONE', #4128, #7528 ) ;
#7069 = VERTEX_POINT ( 'NONE', #5224 ) ;
#7070 = CARTESIAN_POINT ( 'NONE',  ( 20.23082791699882321, 8.782663481717920106, 68.74294231707843039 ) ) ;
#7071 = CARTESIAN_POINT ( 'NONE',  ( -76.49685654863529294, 9.917325419396314956, 67.83287997796504953 ) ) ;
#7072 = DIRECTION ( 'NONE',  ( -1.000000000000000000, 0.000000000000000000, 0.000000000000000000 ) ) ;
#7073 = FACE_OUTER_BOUND ( 'NONE', #6125, .T. ) ;
#7074 =( BOUNDED_SURFACE ( )  B_SPLINE_SURFACE ( 3, 2, ( 
 ( #5230, #7571, #6989 ),
 ( #3075, #1342, #3814 ),
 ( #6684, #269, #4419 ),
 ( #1455, #4915, #3742 ),
 ( #5531, #768, #2568 ),
 ( #3781, #3700, #6103 ),
 ( #808, #3114, #5417 ),
 ( #4309, #4386, #150 ),
 ( #5456, #845, #6066 ),
 ( #3155, #2609, #4959 ),
 ( #3238, #7259, #187 ),
 ( #6603, #1420, #1303 ),
 ( #4273, #7302, #1996 ),
 ( #5993, #6028, #2495 ),
 ( #2034, #2531, #4878 ),
 ( #7218, #1953, #6643 ) ),
 .UNSPECIFIED., .F., .F., .T. ) 
 B_SPLINE_SURFACE_WITH_KNOTS ( ( 4, 2, 2, 2, 2, 2, 2, 4 ),
 ( 3, 3 ),
 ( -9.757819552369539906E-19, 0.0005793916506811099681, 0.001158783301362221020, 0.002317566602724442908, 0.002896958253405554178, 0.003476349904086665013, 0.004055741554767775849, 0.004635133205448886684 ),
 ( 0.000000000000000000, 1.000000000000000000 ),
 .UNSPECIFIED. ) 
 GEOMETRIC_REPRESENTATION_ITEM ( )  RATIONAL_B_SPLINE_SURFACE ( (
 ( 1.000000000000000000, 0.9818831614235312699, 1.000000000000000000),
 ( 1.000000000000000000, 0.9789707388254343945, 1.000000000000000000),
 ( 1.000000000000000000, 0.9760706405255947793, 1.000000000000000000),
 ( 1.000000000000000000, 0.9707464849142393160, 1.000000000000000000),
 ( 1.000000000000000000, 0.9683082362108761387, 1.000000000000000000),
 ( 1.000000000000000000, 0.9624671946664028477, 1.000000000000000000),
 ( 1.000000000000000000, 0.9602802713476747964, 1.000000000000000000),
 ( 1.000000000000000000, 0.9602841662018756219, 1.000000000000000000),
 ( 1.000000000000000000, 0.9608302355312168253, 1.000000000000000000),
 ( 1.000000000000000000, 0.9629133516247896374, 1.000000000000000000),
 ( 1.000000000000000000, 0.9644184006491243188, 1.000000000000000000),
 ( 1.000000000000000000, 0.9682943985825835931, 1.000000000000000000),
 ( 1.000000000000000000, 0.9707301040829164895, 1.000000000000000000),
 ( 1.000000000000000000, 0.9760663109180406360, 1.000000000000000000),
 ( 1.000000000000000000, 0.9789709285859546917, 1.000000000000000000),
 ( 1.000000000000000000, 0.9818831614244313277, 1.000000000000000000) ) ) 
 REPRESENTATION_ITEM ( '' )  SURFACE ( )  );
#7075 = VERTEX_POINT ( 'NONE', #1217 ) ;
#7076 = CARTESIAN_POINT ( 'NONE',  ( -76.84928507772090711, 7.483345645030300197, 74.13491603569455890 ) ) ;
#7077 = ORIENTED_EDGE ( 'NONE', *, *, #3154, .T. ) ;
#7078 = EDGE_CURVE ( 'NONE', #3658, #641, #2466, .T. ) ;
#7079 = CARTESIAN_POINT ( 'NONE',  ( 21.13504084359618318, -20.55155916535961680, 72.19931110483867087 ) ) ;
#7080 = CARTESIAN_POINT ( 'NONE',  ( -75.22617442435935686, 7.845915417216959398, 74.36288559522384389 ) ) ;
#7081 = ORIENTED_EDGE ( 'NONE', *, *, #3975, .T. ) ;
#7082 = CARTESIAN_POINT ( 'NONE',  ( -76.69187309805033692, -15.54555916535916005, -23.75847317689791893 ) ) ;
#7083 = CARTESIAN_POINT ( 'NONE',  ( 14.84252371559823303, 9.177166611116325257, -23.77687742882248756 ) ) ;
#7084 = EDGE_CURVE ( 'NONE', #1952, #4288, #2221, .T. ) ;
#7085 = CARTESIAN_POINT ( 'NONE',  ( 21.13504084360030788, -15.55155916535961858, 71.80324654174016530 ) ) ;
#7086 = ORIENTED_EDGE ( 'NONE', *, *, #5219, .T. ) ;
#7087 = CARTESIAN_POINT ( 'NONE',  ( 0.000000000000000000, -20.55155916535962035, 74.06482852362452718 ) ) ;
#7088 = CARTESIAN_POINT ( 'NONE',  ( 19.85553131268296667, 9.448440834640395636, -19.67251444057372822 ) ) ;
#7089 = ADVANCED_FACE ( 'NONE', ( #5832, #6445 ), #5261, .F. ) ;
#7090 = CARTESIAN_POINT ( 'NONE',  ( 17.38102180439197397, 7.657507362956708974, 74.39009764507285638 ) ) ;
#7091 = CIRCLE ( 'NONE', #6477, 0.4999999999999975020 ) ;
#7092 = DIRECTION ( 'NONE',  ( 0.000000000000000000, 0.000000000000000000, 1.000000000000000000 ) ) ;
#7093 = ORIENTED_EDGE ( 'NONE', *, *, #2918, .T. ) ;
#7094 = DIRECTION ( 'NONE',  ( -0.000000000000000000, -0.9998476951563911586, -0.01745240643728354982 ) ) ;
#7095 = CARTESIAN_POINT ( 'NONE',  ( 14.90364024770367557, 9.124014410435336231, 73.52408911616365117 ) ) ;
#7096 = EDGE_CURVE ( 'NONE', #4900, #3521, #4118, .T. ) ;
#7097 = ADVANCED_FACE ( 'NONE', ( #2948 ), #5297, .F. ) ;
#7098 = DIRECTION ( 'NONE',  ( 0.000000000000000000, 0.000000000000000000, 1.000000000000000000 ) ) ;
#7099 = CARTESIAN_POINT ( 'NONE',  ( -74.77768383175860833, 9.448440834640395636, 70.89006495185046219 ) ) ;
#7100 = ORIENTED_EDGE ( 'NONE', *, *, #1830, .T. ) ;
#7101 = VERTEX_POINT ( 'NONE', #1877 ) ;
#7102 = CARTESIAN_POINT ( 'NONE',  ( -72.72503474034104443, 8.728462049921377641, -24.16487718828415865 ) ) ;
#7103 = DIRECTION ( 'NONE',  ( 0.000000000000000000, 0.000000000000000000, 1.000000000000000000 ) ) ;
#7104 = CARTESIAN_POINT ( 'NONE',  ( -78.26782898284858447, 7.740352189245164105, -21.47724286595210685 ) ) ;
#7105 = EDGE_CURVE ( 'NONE', #285, #6967, #4270, .T. ) ;
#7106 = CARTESIAN_POINT ( 'NONE',  ( 13.51866669204857274, 9.448440834640383201, 72.40101847777251010 ) ) ;
#7107 = DIRECTION ( 'NONE',  ( 0.000000000000000000, 1.000000000000000000, -0.000000000000000000 ) ) ;
#7108 = CARTESIAN_POINT ( 'NONE',  ( 20.18235481005130794, 9.116219144992713908, -19.23120274336603330 ) ) ;
#7109 = FACE_OUTER_BOUND ( 'NONE', #5355, .T. ) ;
#7110 = VERTEX_POINT ( 'NONE', #3036 ) ;
#7111 = CARTESIAN_POINT ( 'NONE',  ( 20.70142931965178335, 7.865988062570973938, 70.50516432800486655 ) ) ;
#7112 = DIRECTION ( 'NONE',  ( 0.000000000000000000, 0.000000000000000000, 1.000000000000000000 ) ) ;
#7113 = CARTESIAN_POINT ( 'NONE',  ( 16.83845497268404756, 7.753359033580848880, -24.59769625457627029 ) ) ;
#7114 = DIRECTION ( 'NONE',  ( 0.000000000000000000, 0.000000000000000000, 1.000000000000000000 ) ) ;
#7115 = ORIENTED_EDGE ( 'NONE', *, *, #1125, .T. ) ;
#7116 = CARTESIAN_POINT ( 'NONE',  ( -76.84477771796237278, 8.061418501052170171, 74.12586143185862397 ) ) ;
#7117 = ORIENTED_EDGE ( 'NONE', *, *, #3248, .F. ) ;
#7118 = CARTESIAN_POINT ( 'NONE',  ( 19.63728770284230052, -15.55155916535961858, 74.40700098057047285 ) ) ;
#7119 = CARTESIAN_POINT ( 'NONE',  ( -75.12202777877342896, 7.776662972088515424, 74.37500738348178686 ) ) ;
#7120 = ORIENTED_EDGE ( 'NONE', *, *, #4787, .T. ) ;
#7121 = CARTESIAN_POINT ( 'NONE',  ( -77.28860417204580813, -15.54555916535960591, -23.25291365482647166 ) ) ;
#7123 = DIRECTION ( 'NONE',  ( 0.8777383814805255202, 0.000000000000000000, -0.4791402025252605723 ) ) ;
#7122 = AXIS2_PLACEMENT_3D ( 'NONE', #3044, #6929, #5206 ) ;
#7124 = AXIS2_PLACEMENT_3D ( 'NONE', #3495, #532, #5330 ) ;
#7125 = DIRECTION ( 'NONE',  ( 0.000000000000000000, 0.000000000000000000, 1.000000000000000000 ) ) ;
#7126 = ORIENTED_EDGE ( 'NONE', *, *, #1415, .T. ) ;
#7127 = CARTESIAN_POINT ( 'NONE',  ( -75.69086542164833986, -18.88489249844153051, 73.97748222480629465 ) ) ;
#7128 = CARTESIAN_POINT ( 'NONE',  ( 20.09725235221321782, 7.483345646219884628, -23.73483877239064910 ) ) ;
#7129 = AXIS2_PLACEMENT_3D ( 'NONE', #3330, #2013, #4364 ) ;
#7130 = AXIS2_PLACEMENT_3D ( 'NONE', #4824, #4220, #1288 ) ;
#7131 = CARTESIAN_POINT ( 'NONE',  ( 16.58317817857265197, 7.885631631612628922, 74.35589733145687319 ) ) ;
#7132 = AXIS2_PLACEMENT_3D ( 'NONE', #2821, #6934, #5134 ) ;
#7133 = DIRECTION ( 'NONE',  ( 0.000000000000000000, 0.000000000000000000, -1.000000000000000000 ) ) ;
#7134 = ORIENTED_EDGE ( 'NONE', *, *, #7051, .F. ) ;
#7135 = EDGE_CURVE ( 'NONE', #5050, #7412, #129, .T. ) ;
#7136 = EDGE_CURVE ( 'NONE', #5682, #6485, #3212, .T. ) ;
#7137 = CARTESIAN_POINT ( 'NONE',  ( 18.73326969416348575, 9.448440834640383201, 67.18641547565756866 ) ) ;
#7138 = CARTESIAN_POINT ( 'NONE',  ( -77.19704901088958593, -15.54555916535961302, 73.12446557113017320 ) ) ;
#7139 = CARTESIAN_POINT ( 'NONE',  ( 20.72234886146408783, 7.657507362954222074, -21.26864068429232546 ) ) ;
#7140 = ORIENTED_EDGE ( 'NONE', *, *, #396, .T. ) ;
#7141 = AXIS2_PLACEMENT_3D ( 'NONE', #5028, #3737, #2065 ) ;
#7142 = ORIENTED_EDGE ( 'NONE', *, *, #3790, .T. ) ;
#7143 = B_SPLINE_CURVE_WITH_KNOTS ( 'NONE', 3,
 ( #4957, #7301, #2032, #7005 ),
 .UNSPECIFIED., .F., .F.,
 ( 4, 4 ),
 ( -0.005006861730635137064, -4.547473508864641190E-13 ),
 .UNSPECIFIED. ) ;
#7144 = CARTESIAN_POINT ( 'NONE',  ( -73.52156302724360160, 8.256532877904577461, -24.45499915689938319 ) ) ;
#7145 = LINE ( 'NONE', #7603, #4210 ) ;
#7146 = ADVANCED_FACE ( 'NONE', ( #692 ), #1911, .F. ) ;
#7147 = CARTESIAN_POINT ( 'NONE',  ( -78.19536865596904818, 8.052076284334663825, -22.02311663803610031 ) ) ;
#7148 = CARTESIAN_POINT ( 'NONE',  ( 20.13472639692460930, -15.54555916535960947, -22.02311663802888830 ) ) ;
#7149 = CARTESIAN_POINT ( 'NONE',  ( 20.71893730917361154, 7.721933119521534827, -21.27257453858145908 ) ) ;
#7150 = CARTESIAN_POINT ( 'NONE',  ( -77.69040850711751034, -15.55155916535961858, 71.80324654172629550 ) ) ;
#7151 = EDGE_LOOP ( 'NONE', ( #2041, #6776 ) ) ;
#7152 = CARTESIAN_POINT ( 'NONE',  ( 18.45970671907756966, 14.44844083464038142, 74.27913767934917644 ) ) ;
#7153 = VECTOR ( 'NONE', #7408, 1000.000000000000000 ) ;
#7154 = EDGE_CURVE ( 'NONE', #329, #744, #2394, .T. ) ;
#7155 = FACE_OUTER_BOUND ( 'NONE', #1727, .T. ) ;
#7156 = CARTESIAN_POINT ( 'NONE',  ( 17.38495565865549608, 7.721933119512757848, -24.60655618908259967 ) ) ;
#7157 = DIRECTION ( 'NONE',  ( 0.000000000000000000, 1.000000000000000000, -0.000000000000000000 ) ) ;
#7158 = ORIENTED_EDGE ( 'NONE', *, *, #1830, .F. ) ;
#7159 = CARTESIAN_POINT ( 'NONE',  ( -77.07232033679024141, 8.544941350456126017, 73.61074849012001664 ) ) ;
#7160 = ORIENTED_EDGE ( 'NONE', *, *, #2828, .F. ) ;
#7161 = B_SPLINE_CURVE_WITH_KNOTS ( 'NONE', 3,
 ( #2412, #6516, #5406, #3616, #5943, #5372, #2327, #2449, #4788, #140, #5827, #3231, #7171, #6176, #2524, #4412, #339, #836 ),
 .UNSPECIFIED., .F., .F.,
 ( 4, 2, 2, 2, 2, 2, 2, 2, 4 ),
 ( -5.999999997251667394E-08, 0.0002536552884639810376, 0.0005073705769279346139, 0.001014801153855841766, 0.001522231730783749027, 0.002029662307711656288, 0.002537092884639563332, 0.003044523461567470810, 0.004059384615423323496 ),
 .UNSPECIFIED. ) ;
#7162 = CARTESIAN_POINT ( 'NONE',  ( 20.83093724161900084, -15.55155916535961502, 73.13376372807056214 ) ) ;
#7163 = CARTESIAN_POINT ( 'NONE',  ( -78.69040850711752455, -20.55155916535962035, 71.80324654174016530 ) ) ;
#7164 = ORIENTED_EDGE ( 'NONE', *, *, #6676, .F. ) ;
#7165 = CARTESIAN_POINT ( 'NONE',  ( -75.69086542164312448, -15.54555916535961302, -24.02234527683278031 ) ) ;
#7166 = CARTESIAN_POINT ( 'NONE',  ( 7.322316168238584666, 7.448440834640383201, -17.90993504814754544 ) ) ;
#7167 = LINE ( 'NONE', #1405, #3841 ) ;
#7168 = ORIENTED_EDGE ( 'NONE', *, *, #1925, .T. ) ;
#7169 = CARTESIAN_POINT ( 'NONE',  ( -75.69086542164833986, -20.55155916535962035, 74.06482852363451741 ) ) ;
#7170 = CARTESIAN_POINT ( 'NONE',  ( 20.17372169596173137, 8.544942525640754738, -23.03516450197599141 ) ) ;
#7171 = CARTESIAN_POINT ( 'NONE',  ( -77.75428830716064965, 7.483343494568618581, 73.39001345910033081 ) ) ;
#7172 = EDGE_LOOP ( 'NONE', ( #1326, #2502, #5413, #3550 ) ) ;
#7173 = CARTESIAN_POINT ( 'NONE',  ( -70.10335698548719563, -8.006795679951535405, -22.89066073091482068 ) ) ;
#7174 = CARTESIAN_POINT ( 'NONE',  ( 15.96576516740667273, 8.410864462878366865, 74.16413788777434490 ) ) ;
#7175 = CARTESIAN_POINT ( 'NONE',  ( -76.21718195458218759, -15.54555916535960947, 73.74945280228229194 ) ) ;
#7176 = CARTESIAN_POINT ( 'NONE',  ( -77.18506777282081543, -20.55155916535983351, -23.72733450432558300 ) ) ;
#7177 = VERTEX_POINT ( 'NONE', #4911 ) ;
#7178 = AXIS2_PLACEMENT_3D ( 'NONE', #360, #6197, #3715 ) ;
#7179 = ADVANCED_FACE ( 'NONE', ( #3622 ), #876, .T. ) ;
#7180 = CARTESIAN_POINT ( 'NONE',  ( -76.69010385102970417, -15.55155916535962746, -16.49012448169868250 ) ) ;
#7181 = CARTESIAN_POINT ( 'NONE',  ( -76.14105442233480403, 8.549060423971805989, 74.11734818604003294 ) ) ;
#7182 = CARTESIAN_POINT ( 'NONE',  ( -78.27382109642002206, 7.694509739113786218, -21.28419049005299613 ) ) ;
#7183 = VECTOR ( 'NONE', #1766, 1000.000000000000000 ) ;
#7184 = CARTESIAN_POINT ( 'NONE',  ( -78.22748150226576058, 8.034893893560647982, 71.48978630649422428 ) ) ;
#7185 = ADVANCED_FACE ( 'NONE', ( #801 ), #7253, .F. ) ;
#7186 = DIRECTION ( 'NONE',  ( 0.000000000000000000, 0.000000000000000000, -1.000000000000000000 ) ) ;
#7187 = DIRECTION ( 'NONE',  ( -0.000000000000000000, -1.000000000000000000, 0.000000000000000000 ) ) ;
#7188 = ORIENTED_EDGE ( 'NONE', *, *, #302, .F. ) ;
#7189 = CARTESIAN_POINT ( 'NONE',  ( 20.45520860570380606, 8.678206238433318731, 69.53494390855468055 ) ) ;
#7190 = EDGE_CURVE ( 'NONE', #6544, #4363, #455, .T. ) ;
#7191 = VECTOR ( 'NONE', #27, 1000.000000000000000 ) ;
#7192 = CARTESIAN_POINT ( 'NONE',  ( 7.322316168238584666, 8.248440834640383912, -16.30993504814755113 ) ) ;
#7193 = CARTESIAN_POINT ( 'NONE',  ( 17.32939393106709147, 7.695950993730527934, -24.60878897182007563 ) ) ;
#7194 = DIRECTION ( 'NONE',  ( 0.000000000000000000, 1.000000000000000000, -0.000000000000000000 ) ) ;
#7195 = EDGE_CURVE ( 'NONE', #4908, #3872, #997, .T. ) ;
#7196 = AXIS2_PLACEMENT_3D ( 'NONE', #1745, #2812, #2854 ) ;
#7197 = ORIENTED_EDGE ( 'NONE', *, *, #7562, .T. ) ;
#7198 = CARTESIAN_POINT ( 'NONE',  ( -76.52131967397021128, 7.483345649990134518, 74.27080814099528538 ) ) ;
#7199 = ORIENTED_EDGE ( 'NONE', *, *, #5689, .T. ) ;
#7200 = CARTESIAN_POINT ( 'NONE',  ( 21.05548012116267742, -20.55155916535961680, 72.59289850281626855 ) ) ;
#7201 = CIRCLE ( 'NONE', #4874, 0.8000000000000003775 ) ;
#7202 = CARTESIAN_POINT ( 'NONE',  ( -71.52448581337385747, 9.948188553605843865, 72.18107333802679193 ) ) ;
#7203 = ORIENTED_EDGE ( 'NONE', *, *, #4945, .T. ) ;
#7204 = CARTESIAN_POINT ( 'NONE',  ( -77.10097951608472044, -21.55755916536008243, -23.86427570444639912 ) ) ;
#7205 = CARTESIAN_POINT ( 'NONE',  ( -53.97768383176141782, 8.248440834640383912, 4.161615792080457595E-14 ) ) ;
#7206 = DIRECTION ( 'NONE',  ( 0.8777383814805134188, 0.000000000000000000, 0.4791402025252823327 ) ) ;
#7207 = ORIENTED_EDGE ( 'NONE', *, *, #1313, .F. ) ;
#7208 = DIRECTION ( 'NONE',  ( 0.000000000000000000, 0.000000000000000000, 1.000000000000000000 ) ) ;
#7209 = CARTESIAN_POINT ( 'NONE',  ( 19.85004021852409295, 8.544942533167725784, -23.51950858132187250 ) ) ;
#7210 = DIRECTION ( 'NONE',  ( -0.4791402025252659014, 0.000000000000000000, 0.8777383814805226336 ) ) ;
#7211 = VERTEX_POINT ( 'NONE', #5714 ) ;
#7212 = CARTESIAN_POINT ( 'NONE',  ( 20.39707974001551349, -20.55155916535962035, -22.02311663803160968 ) ) ;
#7213 = DIRECTION ( 'NONE',  ( 0.000000000000000000, 1.000000000000000000, -0.000000000000000000 ) ) ;
#7214 = CARTESIAN_POINT ( 'NONE',  ( -77.69965143740539304, -21.55755916535962413, 72.96213518980641766 ) ) ;
#7215 = CARTESIAN_POINT ( 'NONE',  ( -28.77768383176202605, 7.448440834640383201, 61.89006495185253698 ) ) ;
#7216 = VERTEX_POINT ( 'NONE', #6221 ) ;
#7217 = TOROIDAL_SURFACE ( 'NONE', #227, 1.600000000000000089, 0.8000000000000000444 ) ;
#7218 = CARTESIAN_POINT ( 'NONE',  ( -78.18525552444089044, 8.202985146767034053, -21.90896893931468981 ) ) ;
#7219 = CARTESIAN_POINT ( 'NONE',  ( -73.33278207641164670, 8.544635254621939069, -24.30552882908320456 ) ) ;
#7220 = CARTESIAN_POINT ( 'NONE',  ( -78.26450899318008680, 7.813330026785282989, -21.43132938836587442 ) ) ;
#7221 = CARTESIAN_POINT ( 'NONE',  ( -77.95128529800018669, 8.793748063501748646, 69.39904378144629504 ) ) ;
#7222 = CARTESIAN_POINT ( 'NONE',  ( 19.07948856332478016, 9.448440834640404518, -17.67918810039812882 ) ) ;
#7223 = DIRECTION ( 'NONE',  ( 1.000000000000000000, 0.000000000000000000, 0.000000000000000000 ) ) ;
#7224 = VERTEX_POINT ( 'NONE', #3850 ) ;
#7225 = CARTESIAN_POINT ( 'NONE',  ( 20.39707974001551349, -20.55155916535962035, -22.02311663803160968 ) ) ;
#7226 = EDGE_CURVE ( 'NONE', #636, #5003, #1969, .T. ) ;
#7227 = DIRECTION ( 'NONE',  ( 0.000000000000000000, 0.000000000000000000, 1.000000000000000000 ) ) ;
#7228 = CARTESIAN_POINT ( 'NONE',  ( 14.74882598491465124, 9.214276729993136072, -23.59872794358294001 ) ) ;
#7229 = EDGE_CURVE ( 'NONE', #711, #6960, #3959, .T. ) ;
#7230 = CARTESIAN_POINT ( 'NONE',  ( 17.43876889395943053, 7.678540074754338640, -24.60775549667846818 ) ) ;
#7231 = CARTESIAN_POINT ( 'NONE',  ( 18.83771773303222830, 8.380518955294217420, 74.06993929659138587 ) ) ;
#7232 = VERTEX_POINT ( 'NONE', #5138 ) ;
#7233 = CARTESIAN_POINT ( 'NONE',  ( 7.322316168238584666, 8.248440834640383912, -17.90993504814754544 ) ) ;
#7234 = VERTEX_POINT ( 'NONE', #4560 ) ;
#7235 = CARTESIAN_POINT ( 'NONE',  ( 18.13549775813112674, -15.55155916535961858, 74.80278962720933578 ) ) ;
#7236 = EDGE_CURVE ( 'NONE', #6813, #4532, #6752, .T. ) ;
#7237 =( BOUNDED_CURVE ( )  B_SPLINE_CURVE ( 3, ( #3300, #1479, #3842, #5629 ),
 .UNSPECIFIED., .F., .T. ) 
 B_SPLINE_CURVE_WITH_KNOTS ( ( 4, 4 ),
 ( 1.178313095313153314, 1.263806357859581952 ),
 .UNSPECIFIED. ) 
 CURVE ( )  GEOMETRIC_REPRESENTATION_ITEM ( )  RATIONAL_B_SPLINE_CURVE ( ( 1.000000000000000000, 0.9993910012473939952, 0.9993910012473939952, 1.000000000000000000 ) ) 
 REPRESENTATION_ITEM ( '' )  );
#7238 = CARTESIAN_POINT ( 'NONE',  ( -73.22897406741870441, 8.432253156812913986, 74.14804302805512748 ) ) ;
#7239 = VERTEX_POINT ( 'NONE', #3811 ) ;
#7240 = CARTESIAN_POINT ( 'NONE',  ( -77.95071323526585161, -15.55155916535961858, 73.78542952267778787 ) ) ;
#7241 = EDGE_CURVE ( 'NONE', #920, #1529, #5675, .T. ) ;
#7242 = FACE_OUTER_BOUND ( 'NONE', #3663, .T. ) ;
#7243 = ORIENTED_EDGE ( 'NONE', *, *, #2555, .T. ) ;
#7244 = CARTESIAN_POINT ( 'NONE',  ( 19.48197687881840423, 9.448440834640381425, -18.91637472977460632 ) ) ;
#7245 = CARTESIAN_POINT ( 'NONE',  ( 19.71583288611521212, 7.483343475635513720, -24.09110289411414030 ) ) ;
#7246 = EDGE_CURVE ( 'NONE', #1021, #4660, #5875, .T. ) ;
#7247 = CIRCLE ( 'NONE', #6760, 9.299999999999995381 ) ;
#7248 = CARTESIAN_POINT ( 'NONE',  ( -16.26673030583651069, 8.248440834640383912, 34.19006495185058014 ) ) ;
#7249 = ORIENTED_EDGE ( 'NONE', *, *, #3357, .T. ) ;
#7250 = DIRECTION ( 'NONE',  ( -0.000000000000000000, -1.000000000000000000, -0.000000000000000000 ) ) ;
#7251 = CIRCLE ( 'NONE', #1116, 5.000000000000004441 ) ;
#7252 = LINE ( 'NONE', #6179, #3846 ) ;
#7253 = CYLINDRICAL_SURFACE ( 'NONE', #5166, 1.599999999999990319 ) ;
#7254 = DIRECTION ( 'NONE',  ( 0.000000000000000000, 0.000000000000000000, -1.000000000000000000 ) ) ;
#7255 = CARTESIAN_POINT ( 'NONE',  ( -48.77768383176253764, 8.648440834640384267, 50.89006495185252277 ) ) ;
#7256 = CARTESIAN_POINT ( 'NONE',  ( 7.322316168238593548, 8.248440834640383912, 9.090064951852532715 ) ) ;
#7257 = AXIS2_PLACEMENT_3D ( 'NONE', #1717, #3423, #5785 ) ;
#7258 = VECTOR ( 'NONE', #3901, 1000.000000000000000 ) ;
#7259 = CARTESIAN_POINT ( 'NONE',  ( -77.76198998466080070, 8.567371545803295518, -22.94571837069366893 ) ) ;
#7260 = ADVANCED_FACE ( 'NONE', ( #1602 ), #1490, .T. ) ;
#7261 = CARTESIAN_POINT ( 'NONE',  ( -74.88476159458944892, 7.695950993732255441, -24.60878897181991221 ) ) ;
#7262 = CARTESIAN_POINT ( 'NONE',  ( -64.87768383176140219, -20.55655916577720532, 9.090064951852534492 ) ) ;
#7263 = VECTOR ( 'NONE', #5568, 1000.000000000000000 ) ;
#7264 = FACE_OUTER_BOUND ( 'NONE', #1273, .T. ) ;
#7265 = CARTESIAN_POINT ( 'NONE',  ( 20.29440050342322266, 8.948440834640388530, -19.43294433931108856 ) ) ;
#7266 = ORIENTED_EDGE ( 'NONE', *, *, #522, .T. ) ;
#7267 = CARTESIAN_POINT ( 'NONE',  ( -72.72503474033557325, 8.728462049924480937, 73.94500709198243271 ) ) ;
#7268 = AXIS2_PLACEMENT_3D ( 'NONE', #5884, #1279, #6497 ) ;
#7269 = CARTESIAN_POINT ( 'NONE',  ( 19.63895047984847864, 9.448440834640384978, 68.40087184415459376 ) ) ;
#7270 = CARTESIAN_POINT ( 'NONE',  ( 14.55382654092685613, 9.708179777158006729, -23.38503824798880260 ) ) ;
#7271 = B_SPLINE_CURVE_WITH_KNOTS ( 'NONE', 3,
 ( #2558, #3565, #1251, #2406, #6056, #2483 ),
 .UNSPECIFIED., .F., .F.,
 ( 4, 2, 4 ),
 ( 0.000000000000000000, 0.001264893815507475141, 0.002529787631014950283 ),
 .UNSPECIFIED. ) ;
#7272 = DIRECTION ( 'NONE',  ( -0.000000000000000000, -0.000000000000000000, -1.000000000000000000 ) ) ;
#7273 = CARTESIAN_POINT ( 'NONE',  ( 8.722316168239592216, 7.448440834640384978, 13.14006495185241619 ) ) ;
#7274 = VECTOR ( 'NONE', #4410, 1000.000000000000000 ) ;
#7275 = EDGE_LOOP ( 'NONE', ( #6060, #7168, #3514 ) ) ;
#7276 = CARTESIAN_POINT ( 'NONE',  ( 19.92821423441970552, 8.642933653315932219, -23.35386329204798628 ) ) ;
#7277 = EDGE_LOOP ( 'NONE', ( #1987, #7352, #6874, #5299 ) ) ;
#7278 = CARTESIAN_POINT ( 'NONE',  ( -66.27768383176041311, 7.448440834640384978, -17.88043504814759999 ) ) ;
#7279 = EDGE_CURVE ( 'NONE', #5048, #5909, #137, .T. ) ;
#7280 = CARTESIAN_POINT ( 'NONE',  ( -76.80757877314957227, 8.477494704195709829, 73.83498179592575639 ) ) ;
#7281 = AXIS2_PLACEMENT_3D ( 'NONE', #1272, #5843, #3080 ) ;
#7282 = CARTESIAN_POINT ( 'NONE',  ( -75.69086542164833986, -20.55155916535962035, 74.80278962720933578 ) ) ;
#7283 = VERTEX_POINT ( 'NONE', #5103 ) ;
#7284 = CARTESIAN_POINT ( 'NONE',  ( -77.02138260797849512, -20.55155916535961680, 74.49868602522775518 ) ) ;
#7285 = CARTESIAN_POINT ( 'NONE',  ( -77.88934336210520826, 8.544941387684671597, -22.60779035924952041 ) ) ;
#7286 = APPLICATION_PROTOCOL_DEFINITION ( 'draft international standard', 'automotive_design', 1998, #978 ) ;
#7287 = ORIENTED_EDGE ( 'NONE', *, *, #5699, .T. ) ;
#7288 = CARTESIAN_POINT ( 'NONE',  ( 18.39716695109457589, -15.55155916535962035, 73.80278961981947816 ) ) ;
#7289 = ADVANCED_FACE ( 'NONE', ( #7370 ), #4804, .T. ) ;
#7290 = CARTESIAN_POINT ( 'NONE',  ( -64.87768383176140219, 8.648440834640384267, -16.30993504814755468 ) ) ;
#7291 = CIRCLE ( 'NONE', #1032, 8.500000000000000000 ) ;
#7292 = DIRECTION ( 'NONE',  ( 0.000000000000000000, 0.000000000000000000, 1.000000000000000000 ) ) ;
#7293 = ORIENTED_EDGE ( 'NONE', *, *, #2341, .T. ) ;
#7294 = CARTESIAN_POINT ( 'NONE',  ( -55.57768383176139793, 7.448440834640383201, 28.59006495185253272 ) ) ;
#7295 = CARTESIAN_POINT ( 'NONE',  ( 18.94421616937144748, 9.448440834640383201, -17.77146490172094317 ) ) ;
#7296 = AXIS2_PLACEMENT_3D ( 'NONE', #6586, #1821, #4175 ) ;
#7297 = CARTESIAN_POINT ( 'NONE',  ( -77.42622196050911043, -15.54555916535961302, 72.80425421813959019 ) ) ;
#7298 = CARTESIAN_POINT ( 'NONE',  ( -65.67768383176139935, 9.448440834640383201, 10.69006495185253591 ) ) ;
#7299 = ADVANCED_FACE ( 'NONE', ( #1532 ), #418, .F. ) ;
#7300 = EDGE_CURVE ( 'NONE', #7587, #7582, #4511, .T. ) ;
#7301 = CARTESIAN_POINT ( 'NONE',  ( 18.13549775812072795, -18.88489249916056067, -24.19735232114312140 ) ) ;
#7302 = CARTESIAN_POINT ( 'NONE',  ( -77.98435419944456726, 8.436593525141040217, -22.52144811752546971 ) ) ;
#7303 = CARTESIAN_POINT ( 'NONE',  ( -74.76739434259468453, 7.676539963639579689, -24.61041195178555441 ) ) ;
#7304 = CARTESIAN_POINT ( 'NONE',  ( -76.65168959243902691, 9.423548506768387512, -17.61600936588949651 ) ) ;
#7305 = DIRECTION ( 'NONE',  ( 1.000000000000000000, -0.000000000000000000, -0.000000000000000000 ) ) ;
#7306 = CARTESIAN_POINT ( 'NONE',  ( -76.70967707889080600, 9.412597152529551536, -17.65694865922808177 ) ) ;
#7307 = ORIENTED_EDGE ( 'NONE', *, *, #1230, .F. ) ;
#7308 = CARTESIAN_POINT ( 'NONE',  ( 20.13504084360030788, -15.55155916535961858, -22.02311663803929775 ) ) ;
#7309 = AXIS2_PLACEMENT_3D ( 'NONE', #4232, #5906, #4081 ) ;
#7310 = CARTESIAN_POINT ( 'NONE',  ( 19.77477278049686049, 9.231071296753935229, 68.33247233347614724 ) ) ;
#7311 = FACE_OUTER_BOUND ( 'NONE', #1187, .T. ) ;
#7312 = DIRECTION ( 'NONE',  ( -0.1851705249553808885, -0.5849067274490311608, 0.7896809462514676747 ) ) ;
#7313 = CARTESIAN_POINT ( 'NONE',  ( 7.322316168238593548, 7.448440834640383201, 9.090064951852532715 ) ) ;
#7314 = ORIENTED_EDGE ( 'NONE', *, *, #4613, .T. ) ;
#7315 = CARTESIAN_POINT ( 'NONE',  ( 18.59621452810593567, 8.553655610973789791, -24.33283140946641510 ) ) ;
#7316 = EDGE_LOOP ( 'NONE', ( #1567, #1073, #678 ) ) ;
#7317 = AXIS2_PLACEMENT_3D ( 'NONE', #1171, #2790, #1067 ) ;
#7318 = ORIENTED_EDGE ( 'NONE', *, *, #6538, .T. ) ;
#7319 = PLANE ( 'NONE',  #1275 ) ;
#7320 = CARTESIAN_POINT ( 'NONE',  ( -16.26673030583651069, 7.448440834640383201, 34.19006495185058014 ) ) ;
#7321 = ORIENTED_EDGE ( 'NONE', *, *, #4749, .F. ) ;
#7322 = CARTESIAN_POINT ( 'NONE',  ( -77.67424953641027230, -15.55155916535961502, 74.06204200470007493 ) ) ;
#7323 = AXIS2_PLACEMENT_3D ( 'NONE', #5581, #322, #4469 ) ;
#7324 = CARTESIAN_POINT ( 'NONE',  ( -76.84897570856173843, 7.483345632589766261, -24.35484295125871412 ) ) ;
#7325 = DIRECTION ( 'NONE',  ( 0.000000000000000000, 0.000000000000000000, 1.000000000000000000 ) ) ;
#7326 = ORIENTED_EDGE ( 'NONE', *, *, #2201, .T. ) ;
#7327 = FACE_OUTER_BOUND ( 'NONE', #1651, .T. ) ;
#7328 = CARTESIAN_POINT ( 'NONE',  ( 20.67659977333827470, 7.925352099005008810, 71.58853399220026859 ) ) ;
#7329 = EDGE_CURVE ( 'NONE', #3100, #1181, #3455, .T. ) ;
#7330 = DIRECTION ( 'NONE',  ( 0.000000000000000000, -1.000000000000000000, 0.000000000000000000 ) ) ;
#7331 = ORIENTED_EDGE ( 'NONE', *, *, #109, .T. ) ;
#7332 = CARTESIAN_POINT ( 'NONE',  ( -65.97768383176141072, 8.648440834640384267, 19.59006495185253627 ) ) ;
#7333 = CARTESIAN_POINT ( 'NONE',  ( 18.87712910733448268, 9.448440829728475876, -17.56519661580193770 ) ) ;
#7334 = CARTESIAN_POINT ( 'NONE',  ( 19.13839290858159359, -20.55155916535965233, 73.83579028553252499 ) ) ;
#7335 = LINE ( 'NONE', #3851, #5921 ) ;
#7336 =( BOUNDED_SURFACE ( )  B_SPLINE_SURFACE ( 3, 2, ( 
 ( #4925, #6077, #3127 ),
 ( #5005, #6769, #2575 ),
 ( #2618, #2541, #4967 ),
 ( #6612, #6653, #4319 ),
 ( #7310, #7269, #1431 ),
 ( #4428, #6037, #819 ),
 ( #5466, #3167, #5503 ),
 ( #3791, #3864, #6113 ),
 ( #4282, #235, #2044 ),
 ( #4395, #6731, #1465 ) ),
 .UNSPECIFIED., .F., .F., .T. ) 
 B_SPLINE_SURFACE_WITH_KNOTS ( ( 4, 2, 2, 2, 4 ),
 ( 3, 3 ),
 ( 0.000000000000000000, 0.0006324469077537381127, 0.001264893815507476225, 0.001897340723261214338, 0.002529787631014952451 ),
 ( 0.000000000000000000, 1.000000000000000000 ),
 .UNSPECIFIED. ) 
 GEOMETRIC_REPRESENTATION_ITEM ( )  RATIONAL_B_SPLINE_SURFACE ( (
 ( 1.000000000000000000, 0.7071067811865512365, 1.000000000000000000),
 ( 1.000000000000000000, 0.7482557864057579611, 1.000000000000000000),
 ( 1.000000000000000000, 0.7859595632327349701, 1.000000000000000000),
 ( 1.000000000000000000, 0.8543387531416686276, 1.000000000000000000),
 ( 1.000000000000000000, 0.8850570986933510298, 1.000000000000000000),
 ( 1.000000000000000000, 0.9378057023055446084, 1.000000000000000000),
 ( 1.000000000000000000, 0.9598562173319036273, 1.000000000000000000),
 ( 1.000000000000000000, 0.9910687533213413669, 1.000000000000000000),
 ( 1.000000000000000000, 1.000069207638865310, 1.000000000000000000),
 ( 1.000000000000000000, 1.000000000000000000, 1.000000000000000000) ) ) 
 REPRESENTATION_ITEM ( '' )  SURFACE ( )  );
#7337 = CARTESIAN_POINT ( 'NONE',  ( -77.66649085326324098, -20.55155916535984062, -23.16284586659891787 ) ) ;
#7338 = CARTESIAN_POINT ( 'NONE',  ( -28.77768383176202605, 9.448440834640383201, 71.19006495185253414 ) ) ;
#7339 = ADVANCED_FACE ( 'NONE', ( #5251 ), #5895, .F. ) ;
#7340 = CARTESIAN_POINT ( 'NONE',  ( 12.60250560179054169, -15.55155916535962035, -23.02235506742066562 ) ) ;
#7341 = ORIENTED_EDGE ( 'NONE', *, *, #6352, .F. ) ;
#7342 = CARTESIAN_POINT ( 'NONE',  ( -74.77768383175860833, -15.55155916535962035, -21.10993504814956268 ) ) ;
#7343 = DIRECTION ( 'NONE',  ( 0.000000000000000000, 1.000000000000000000, 0.000000000000000000 ) ) ;
#7344 = DIRECTION ( 'NONE',  ( 0.000000000000000000, -1.000000000000000000, 0.000000000000000000 ) ) ;
#7345 = ORIENTED_EDGE ( 'NONE', *, *, #2544, .T. ) ;
#7346 = CARTESIAN_POINT ( 'NONE',  ( -74.57536120492119380, 7.673282781952477372, 74.38847959156048262 ) ) ;
#7347 = EDGE_CURVE ( 'NONE', #894, #6256, #6974, .T. ) ;
#7348 = DIRECTION ( 'NONE',  ( 0.000000000000000000, 1.000000000000000000, -0.000000000000000000 ) ) ;
#7349 = CARTESIAN_POINT ( 'NONE',  ( -64.87768383176140219, 9.448440834640383201, 9.090064951852534492 ) ) ;
#7350 = CYLINDRICAL_SURFACE ( 'NONE', #6652, 3.500000000000003109 ) ;
#7351 = CARTESIAN_POINT ( 'NONE',  ( 8.122316168238590706, 8.248440834640383912, -17.10993504814754829 ) ) ;
#7352 = ORIENTED_EDGE ( 'NONE', *, *, #4014, .T. ) ;
#7353 = CARTESIAN_POINT ( 'NONE',  ( 19.19351216116727699, 8.595411950461906869, -24.00676119423791377 ) ) ;
#7354 = ORIENTED_EDGE ( 'NONE', *, *, #3632, .F. ) ;
#7355 = ORIENTED_EDGE ( 'NONE', *, *, #4380, .F. ) ;
#7356 = LINE ( 'NONE', #2090, #2870 ) ;
#7357 = DIRECTION ( 'NONE',  ( 0.000000000000000000, 1.000000000000000000, -0.000000000000000000 ) ) ;
#7358 = DIRECTION ( 'NONE',  ( 0.000000000000000000, 0.000000000000000000, -1.000000000000000000 ) ) ;
#7359 = VERTEX_POINT ( 'NONE', #1684 ) ;
#7360 = CARTESIAN_POINT ( 'NONE',  ( -78.53723510924932327, -15.55155916535961858, 72.76981352494750865 ) ) ;
#7361 = B_SPLINE_CURVE_WITH_KNOTS ( 'NONE', 3,
 ( #341, #3233, #2102, #3273, #6830, #3921, #3809, #6219, #1600, #3307 ),
 .UNSPECIFIED., .F., .F.,
 ( 4, 2, 2, 2, 4 ),
 ( 0.000000000000000000, 0.2500000000000004441, 0.5000000000000003331, 0.7500000000000001110, 1.000000000000000000 ),
 .UNSPECIFIED. ) ;
#7362 = CARTESIAN_POINT ( 'NONE',  ( -77.40531808521525647, 8.544942534510603593, -23.51961164103200375 ) ) ;
#7363 = VERTEX_POINT ( 'NONE', #1174 ) ;
#7364 = CARTESIAN_POINT ( 'NONE',  ( 18.65893677350419111, -15.55155916535961325, 73.75078266083630751 ) ) ;
#7365 = FACE_OUTER_BOUND ( 'NONE', #3955, .T. ) ;
#7366 = CARTESIAN_POINT ( 'NONE',  ( 18.90785695715533521, 9.448440834639967534, 67.32403161892987953 ) ) ;
#7367 = VERTEX_POINT ( 'NONE', #2940 ) ;
#7368 = DIRECTION ( 'NONE',  ( 0.000000000000000000, 0.000000000000000000, 1.000000000000000000 ) ) ;
#7369 = CARTESIAN_POINT ( 'NONE',  ( 19.75436865673031406, 9.448440834640383201, -19.48719424293933855 ) ) ;
#7370 = FACE_OUTER_BOUND ( 'NONE', #3820, .T. ) ;
#7371 = CARTESIAN_POINT ( 'NONE',  ( 18.73647935232481032, 8.608468187489320300, -24.26977039081374343 ) ) ;
#7372 = DIRECTION ( 'NONE',  ( -0.000000000000000000, 1.000000000000000000, -0.000000000000000000 ) ) ;
#7373 = CARTESIAN_POINT ( 'NONE',  ( -74.77768383175860833, 9.448440834640395636, -21.10993504814956268 ) ) ;
#7374 = EDGE_CURVE ( 'NONE', #6458, #578, #6436, .T. ) ;
#7375 = CARTESIAN_POINT ( 'NONE',  ( -73.96541953731727403, 8.213665038665450169, -24.51968284699920275 ) ) ;
#7376 = VERTEX_POINT ( 'NONE', #6471 ) ;
#7377 = CARTESIAN_POINT ( 'NONE',  ( -78.25382519151720828, 7.823861544416091718, -20.69775073922610176 ) ) ;
#7378 = CARTESIAN_POINT ( 'NONE',  ( 18.40488463722339318, 8.214560169133696022, 74.23910531048250050 ) ) ;
#7379 = CIRCLE ( 'NONE', #276, 1.249999999999997558 ) ;
#7380 = CARTESIAN_POINT ( 'NONE',  ( -76.62719057995299465, 9.430948278456318334, -17.69557386864260451 ) ) ;
#7381 = ORIENTED_EDGE ( 'NONE', *, *, #4999, .T. ) ;
#7382 = DIRECTION ( 'NONE',  ( 0.000000000000000000, -0.9998476951563911586, 0.01745240643728354635 ) ) ;
#7383 = EDGE_CURVE ( 'NONE', #4303, #3848, #1615, .T. ) ;
#7384 = CIRCLE ( 'NONE', #7129, 0.8000000000000003775 ) ;
#7385 = VECTOR ( 'NONE', #1112, 1000.000000000000000 ) ;
#7386 = CARTESIAN_POINT ( 'NONE',  ( 16.85258938924165761, 7.746718912145158953, -24.59872151287773789 ) ) ;
#7387 = CARTESIAN_POINT ( 'NONE',  ( 19.52359633429155039, 8.520267111567124019, 73.64872005016574974 ) ) ;
#7388 = ORIENTED_EDGE ( 'NONE', *, *, #4991, .T. ) ;
#7389 = DIRECTION ( 'NONE',  ( 0.9998476951563912696, 0.01745240643728354982, 0.000000000000000000 ) ) ;
#7390 = ORIENTED_EDGE ( 'NONE', *, *, #3007, .F. ) ;
#7391 = EDGE_CURVE ( 'NONE', #696, #88, #3953, .T. ) ;
#7392 = ORIENTED_EDGE ( 'NONE', *, *, #2347, .F. ) ;
#7393 = CARTESIAN_POINT ( 'NONE',  ( -75.69086542164623665, 7.448440834640383201, -22.62088857407165676 ) ) ;
#7394 = CARTESIAN_POINT ( 'NONE',  ( -78.19536865596911923, 8.052076284334466649, 71.80324654173669785 ) ) ;
#7395 = EDGE_LOOP ( 'NONE', ( #6546, #2615, #1968, #4715 ) ) ;
#7396 = DIRECTION ( 'NONE',  ( 0.000000000000000000, 0.000000000000000000, -1.000000000000000000 ) ) ;
#7397 = AXIS2_PLACEMENT_3D ( 'NONE', #7064, #4161, #6488 ) ;
#7398 = CARTESIAN_POINT ( 'NONE',  ( -78.15842702093411276, 7.483345649990152282, -22.85357089026794597 ) ) ;
#7399 = ORIENTED_EDGE ( 'NONE', *, *, #7190, .F. ) ;
#7400 = CARTESIAN_POINT ( 'NONE',  ( 20.72472011653779944, 7.633562314419495287, 70.92856344198362706 ) ) ;
#7401 = DIRECTION ( 'NONE',  ( 0.000000000000000000, 0.000000000000000000, 1.000000000000000000 ) ) ;
#7402 = CIRCLE ( 'NONE', #5683, 1.600000000000004086 ) ;
#7403 = CARTESIAN_POINT ( 'NONE',  ( -74.77768383175860833, 9.448440834640395636, -18.10993504814955557 ) ) ;
#7404 = ORIENTED_EDGE ( 'NONE', *, *, #1230, .T. ) ;
#7405 = CARTESIAN_POINT ( 'NONE',  ( -76.58252562638293170, 8.699907907559307318, 73.89336241250275350 ) ) ;
#7406 = CIRCLE ( 'NONE', #2617, 1.599999999999990319 ) ;
#7407 = CARTESIAN_POINT ( 'NONE',  ( 19.26796786702517750, -20.55155916535920113, 73.76627905554201448 ) ) ;
#7408 = DIRECTION ( 'NONE',  ( -0.000000000000000000, 1.000000000000000000, 0.000000000000000000 ) ) ;
#7409 = CARTESIAN_POINT ( 'NONE',  ( -76.82452503272926947, 9.448440834640200237, -18.08745912894832841 ) ) ;
#7410 = DIRECTION ( 'NONE',  ( 0.000000000000000000, 0.000000000000000000, -1.000000000000000000 ) ) ;
#7411 = CARTESIAN_POINT ( 'NONE',  ( -71.68149287437331907, 9.464668978626248119, -22.75717259673773185 ) ) ;
#7412 = VERTEX_POINT ( 'NONE', #2324 ) ;
#7413 = CIRCLE ( 'NONE', #2014, 3.000000000000002665 ) ;
#7414 = CARTESIAN_POINT ( 'NONE',  ( 17.14181247293313959, 7.638849044794170595, 74.39201203429553289 ) ) ;
#7415 = CARTESIAN_POINT ( 'NONE',  ( 19.87951236487335649, -21.55755916535962058, -23.55208151851728005 ) ) ;
#7416 = CYLINDRICAL_SURFACE ( 'NONE', #1670, 0.7999999999999951594 ) ;
#7417 = EDGE_CURVE ( 'NONE', #5185, #329, #3322, .T. ) ;
#7418 = ORIENTED_EDGE ( 'NONE', *, *, #2023, .T. ) ;
#7419 = CARTESIAN_POINT ( 'NONE',  ( -72.92805289041905326, 9.006664548479044186, 73.86790836318768072 ) ) ;
#7420 = EDGE_CURVE ( 'NONE', #7101, #1788, #4056, .T. ) ;
#7421 = DIRECTION ( 'NONE',  ( 0.000000000000000000, 0.000000000000000000, 1.000000000000000000 ) ) ;
#7422 = CARTESIAN_POINT ( 'NONE',  ( -76.47605271553057094, -15.55155916535961858, 74.72472641551551931 ) ) ;
#7423 = CARTESIAN_POINT ( 'NONE',  ( 18.96802955058106477, 7.483345662322027358, 74.27001829549951140 ) ) ;
#7424 = EDGE_CURVE ( 'NONE', #491, #3468, #2230, .T. ) ;
#7425 = DIRECTION ( 'NONE',  ( 0.000000000000000000, 0.000000000000000000, 1.000000000000000000 ) ) ;
#7426 = ORIENTED_EDGE ( 'NONE', *, *, #5517, .F. ) ;
#7427 = AXIS2_PLACEMENT_3D ( 'NONE', #6564, #4347, #3698 ) ;
#7428 = PLANE ( 'NONE',  #4230 ) ;
#7429 = CARTESIAN_POINT ( 'NONE',  ( -71.25305727726353666, 9.448440834640386754, -22.73234941799205444 ) ) ;
#7430 = EDGE_CURVE ( 'NONE', #3861, #5585, #3719, .T. ) ;
#7431 = VERTEX_POINT ( 'NONE', #832 ) ;
#7432 = DIRECTION ( 'NONE',  ( 0.000000000000000000, -0.05233595624294378607, -0.9986295347545739443 ) ) ;
#7433 = ADVANCED_FACE ( 'NONE', ( #6667 ), #631, .T. ) ;
#7434 = CARTESIAN_POINT ( 'NONE',  ( -75.86852017622074129, 8.061418476068629602, -24.61049353941341522 ) ) ;
#7435 = CARTESIAN_POINT ( 'NONE',  ( -73.34026322418279165, 8.948440834640383201, -23.74315019259113058 ) ) ;
#7436 = PRODUCT_CONTEXT ( 'NONE', #978, 'mechanical' ) ;
#7437 = ORIENTED_EDGE ( 'NONE', *, *, #6017, .T. ) ;
#7438 = CARTESIAN_POINT ( 'NONE',  ( 19.02195714355537248, -15.55155916535961325, 73.60039166297531210 ) ) ;
#7439 = B_SPLINE_CURVE_WITH_KNOTS ( 'NONE', 3,
 ( #6831, #3308, #5637, #1568, #376, #959, #2718, #2146, #5067, #4489, #7405, #3922, #7181, #4274, #2920, #4762 ),
 .UNSPECIFIED., .F., .F.,
 ( 4, 2, 2, 2, 2, 2, 2, 4 ),
 ( 0.000000000000000000, 0.0005134118674236817868, 0.001026823734847363574, 0.002053647469694761842, 0.002567059337118475070, 0.003080471204542189166, 0.003593883071965902395, 0.004107294939389616491 ),
 .UNSPECIFIED. ) ;
#7440 = CARTESIAN_POINT ( 'NONE',  ( 20.70725859987322437, 7.776662972090440107, 71.23440889887251615 ) ) ;
#7441 = TOROIDAL_SURFACE ( 'NONE', #4987, 9.300000000000000711, 0.8000000000000000444 ) ;
#7442 = EDGE_CURVE ( 'NONE', #744, #4542, #388, .T. ) ;
#7443 = FACE_OUTER_BOUND ( 'NONE', #5935, .T. ) ;
#7444 = ORIENTED_EDGE ( 'NONE', *, *, #5517, .T. ) ;
#7445 = PLANE ( 'NONE',  #1178 ) ;
#7446 = CARTESIAN_POINT ( 'NONE',  ( -78.26634706931875485, 7.795538714767395128, -21.39649802340100493 ) ) ;
#7447 = FACE_OUTER_BOUND ( 'NONE', #4699, .T. ) ;
#7448 = DIRECTION ( 'NONE',  ( -0.000000000000000000, 1.000000000000000000, -0.000000000000000000 ) ) ;
#7449 = FACE_OUTER_BOUND ( 'NONE', #2385, .T. ) ;
#7450 = DIRECTION ( 'NONE',  ( 0.000000000000000000, 0.000000000000000000, -1.000000000000000000 ) ) ;
#7451 = ORIENTED_EDGE ( 'NONE', *, *, #3007, .T. ) ;
#7452 = CIRCLE ( 'NONE', #4148, 3.000000000000002665 ) ;
#7453 = CARTESIAN_POINT ( 'NONE',  ( -75.69086542164833986, -17.21822583202628465, -25.02265972350847889 ) ) ;
#7454 = CARTESIAN_POINT ( 'NONE',  ( 20.13111804109028569, 8.734039431427600420, 72.84388978027288886 ) ) ;
#7455 = CARTESIAN_POINT ( 'NONE',  ( -78.27771652498158517, 7.657507362951294638, -21.26864068428247023 ) ) ;
#7456 = EDGE_LOOP ( 'NONE', ( #3356, #2700 ) ) ;
#7457 = DIRECTION ( 'NONE',  ( -0.000000000000000000, -1.000000000000000000, 0.000000000000000000 ) ) ;
#7458 = CARTESIAN_POINT ( 'NONE',  ( 17.50887914348142615, 7.795538714759592480, -24.59859828571067197 ) ) ;
#7459 = CARTESIAN_POINT ( 'NONE',  ( -77.57608020225295320, 9.448440834640383201, 68.91398836628746949 ) ) ;
#7460 = B_SPLINE_CURVE_WITH_KNOTS ( 'NONE', 3,
 ( #5183, #5752, #3926, #6254, #6868, #4565, #1535, #5033, #1649, #1495, #2687, #6907, #493, #6184, #3964, #7524, #926, #998 ),
 .UNSPECIFIED., .F., .F.,
 ( 4, 2, 2, 2, 2, 2, 2, 2, 4 ),
 ( 0.000000000000000000, 0.0007815282503164525454, 0.001563056500632905091, 0.001953820625791130063, 0.002149202688370239513, 0.002344584750949348095, 0.002539966813528457112, 0.002735348876107566128, 0.003126113001265778957 ),
 .UNSPECIFIED. ) ;
#7461 = CARTESIAN_POINT ( 'NONE',  ( 20.20348401416035955, 7.483343475635534148, 73.38358166978784425 ) ) ;
#7462 = B_SPLINE_CURVE_WITH_KNOTS ( 'NONE', 3,
 ( #2107, #963, #3925, #1102, #2942, #6400 ),
 .UNSPECIFIED., .F., .F.,
 ( 4, 2, 4 ),
 ( -8.754626404452167855E-06, 0.001256132642862560793, 0.002521019912129573472 ),
 .UNSPECIFIED. ) ;
#7463 = CARTESIAN_POINT ( 'NONE',  ( -76.08361899680761553, -15.55155916535962035, 74.80278962720387881 ) ) ;
#7464 = ORIENTED_EDGE ( 'NONE', *, *, #1371, .F. ) ;
#7465 = B_SPLINE_SURFACE_WITH_KNOTS ( 'NONE', 1, 3, ( 
 ( #4703, #6431, #7585, #1168, #5320, #2862, #2358, #6390, #2213, #524 ),
 ( #3488, #5171, #4658, #1749, #2251, #2819, #7043, #4592, #5283, #1785 ) ),
 .UNSPECIFIED., .F., .F., .F.,
 ( 2, 2 ),
 ( 4, 2, 2, 2, 4 ),
 ( 0.000000000000000000, 1.000000000000000000 ),
 ( 5.497939437029718768, 5.890562372104652056, 6.283185307179586232, 6.675808242254520408, 7.068431177329453696 ),
 .UNSPECIFIED. ) ;
#7466 = ADVANCED_FACE ( 'NONE', ( #6014 ), #2556, .F. ) ;
#7467 = PLANE ( 'NONE',  #7584 ) ;
#7468 = ADVANCED_FACE ( 'NONE', ( #6090 ), #4667, .T. ) ;
#7469 = ORIENTED_EDGE ( 'NONE', *, *, #89, .F. ) ;
#7470 = DIRECTION ( 'NONE',  ( -1.000000000000000000, 0.000000000000000000, 0.000000000000000000 ) ) ;
#7471 = FACE_OUTER_BOUND ( 'NONE', #47, .T. ) ;
#7472 = DIRECTION ( 'NONE',  ( -0.000000000000000000, -1.000000000000000000, -0.000000000000000000 ) ) ;
#7473 = ORIENTED_EDGE ( 'NONE', *, *, #3681, .F. ) ;
#7474 = CARTESIAN_POINT ( 'NONE',  ( 19.96790519703651867, -15.55155916535961147, -24.40591543596674384 ) ) ;
#7475 = CARTESIAN_POINT ( 'NONE',  ( 20.64183396047523189, 8.054643552690677666, 71.64491522904216936 ) ) ;
#7476 = ADVANCED_FACE ( 'NONE', ( #1366 ), #4746, .T. ) ;
#7477 = EDGE_CURVE ( 'NONE', #5909, #5048, #5542, .T. ) ;
#7478 = CARTESIAN_POINT ( 'NONE',  ( 19.37137544203919859, 9.372423822257410109, 67.79580317320638017 ) ) ;
#7479 = EDGE_LOOP ( 'NONE', ( #5792, #5025, #7140, #5519 ) ) ;
#7480 = CARTESIAN_POINT ( 'NONE',  ( 3.733269694163489305, 8.648440834640384267, 15.59006495185043661 ) ) ;
#7481 = CARTESIAN_POINT ( 'NONE',  ( 19.94367210456378814, -20.55155916535875704, 73.19364370073942894 ) ) ;
#7482 = DIRECTION ( 'NONE',  ( 0.000000000000000000, 0.000000000000000000, 1.000000000000000000 ) ) ;
#7483 = LINE ( 'NONE', #457, #5045 ) ;
#7484 = EDGE_CURVE ( 'NONE', #7577, #6275, #7167, .T. ) ;
#7485 = CARTESIAN_POINT ( 'NONE',  ( -75.69086542164833986, -20.55155916535962035, 74.80278962720933578 ) ) ;
#7486 = CARTESIAN_POINT ( 'NONE',  ( -71.59455104662703206, 9.465962080431989278, -22.57632864400740402 ) ) ;
#7487 = EDGE_LOOP ( 'NONE', ( #2357, #2362, #2662, #1537, #4893, #253, #1837, #2705 ) ) ;
#7488 = CARTESIAN_POINT ( 'NONE',  ( -8.777683831760253241, -20.55655916577720532, 50.89006495185251566 ) ) ;
#7489 = AXIS2_PLACEMENT_3D ( 'NONE', #3203, #6694, #2658 ) ;
#7490 = CARTESIAN_POINT ( 'NONE',  ( -8.777683831760253241, -20.55655916577720532, 59.39006495185252277 ) ) ;
#7491 = CARTESIAN_POINT ( 'NONE',  ( 19.97588535412213062, 8.511493513877470107, 73.17879830452893941 ) ) ;
#7492 = CARTESIAN_POINT ( 'NONE',  ( -8.777683831760253241, 8.648440834640384267, 60.19006495185251993 ) ) ;
#7493 = ORIENTED_EDGE ( 'NONE', *, *, #7300, .T. ) ;
#7494 = LINE ( 'NONE', #3399, #6878 ) ;
#7495 = AXIS2_PLACEMENT_3D ( 'NONE', #856, #2005, #321 ) ;
#7496 = CARTESIAN_POINT ( 'NONE',  ( 19.13473618751249461, -15.55155916535961858, 66.27025438539953939 ) ) ;
#7497 = CIRCLE ( 'NONE', #5536, 8.500000000000000000 ) ;
#7498 = CARTESIAN_POINT ( 'NONE',  ( -75.88895989576911916, -20.55155916535962035, -25.02265972350744505 ) ) ;
#7499 = AXIS2_PLACEMENT_3D ( 'NONE', #1176, #5823, #2292 ) ;
#7500 = CARTESIAN_POINT ( 'NONE',  ( -78.69040850711751034, -15.55155916535961858, 71.80324654174016530 ) ) ;
#7501 = CARTESIAN_POINT ( 'NONE',  ( 20.64000099245071240, 8.052076284338218315, -22.02311663804679398 ) ) ;
#7502 = AXIS2_PLACEMENT_3D ( 'NONE', #546, #33, #73 ) ;
#7503 = CARTESIAN_POINT ( 'NONE',  ( -74.77768383175860833, -13.55155916535961858, -21.10993504814956268 ) ) ;
#7504 = EDGE_LOOP ( 'NONE', ( #1838, #4217, #3716, #7048, #124 ) ) ;
#7505 = VECTOR ( 'NONE', #5108, 1000.000000000000000 ) ;
#7506 = CARTESIAN_POINT ( 'NONE',  ( -78.27822856054359590, 7.653685632215766255, 70.87905272685195257 ) ) ;
#7507 = CARTESIAN_POINT ( 'NONE',  ( 8.722316168239592216, 9.448440834640383201, 11.89006495185241441 ) ) ;
#7508 = DIRECTION ( 'NONE',  ( 0.000000000000000000, 0.000000000000000000, 1.000000000000000000 ) ) ;
#7509 = CARTESIAN_POINT ( 'NONE',  ( -65.97768383176141072, 9.448440834640383201, 19.59006495185253627 ) ) ;
#7510 = AXIS2_PLACEMENT_3D ( 'NONE', #7066, #155, #5458 ) ;
#7511 = EDGE_LOOP ( 'NONE', ( #6916, #166 ) ) ;
#7512 = CARTESIAN_POINT ( 'NONE',  ( -65.97768383176141072, 9.448440834640383201, 21.19006495185253058 ) ) ;
#7513 = EDGE_CURVE ( 'NONE', #6813, #6157, #190, .T. ) ;
#7514 = DIRECTION ( 'NONE',  ( 0.000000000000000000, 0.000000000000000000, 1.000000000000000000 ) ) ;
#7515 = AXIS2_PLACEMENT_3D ( 'NONE', #224, #1991, #5916 ) ;
#7516 = CARTESIAN_POINT ( 'NONE',  ( 19.07182291643604444, 9.430948278456284584, 67.47570377234369232 ) ) ;
#7517 = VERTEX_POINT ( 'NONE', #5442 ) ;
#7518 = FACE_OUTER_BOUND ( 'NONE', #2093, .T. ) ;
#7519 = EDGE_CURVE ( 'NONE', #894, #920, #3343, .T. ) ;
#7520 = CARTESIAN_POINT ( 'NONE',  ( -78.27796479742717395, 7.678798450552123178, -21.15826432201462381 ) ) ;
#7521 = CARTESIAN_POINT ( 'NONE',  ( -28.77768383176202605, 8.248440834640383912, 61.89006495185253698 ) ) ;
#7522 = CARTESIAN_POINT ( 'NONE',  ( -76.28863735767966148, 9.448440834640386754, -17.40628557195627124 ) ) ;
#7523 = CIRCLE ( 'NONE', #1758, 9.300000000000002487 ) ;
#7524 = CARTESIAN_POINT ( 'NONE',  ( 20.67211383874780850, 8.034893893564280631, -21.70965640279779763 ) ) ;
#7525 = DIRECTION ( 'NONE',  ( 0.000000000000000000, 0.000000000000000000, -1.000000000000000000 ) ) ;
#7526 = EDGE_LOOP ( 'NONE', ( #2072, #7355, #4706, #1145 ) ) ;
#7527 = DIRECTION ( 'NONE',  ( 0.000000000000000000, 0.000000000000000000, -1.000000000000000000 ) ) ;
#7528 = VECTOR ( 'NONE', #1310, 1000.000000000000000 ) ;
#7529 = CARTESIAN_POINT ( 'NONE',  ( 18.02135005940796120, 8.202985146768185132, 74.29763664453238903 ) ) ;
#7530 = ADVANCED_FACE ( 'NONE', ( #4180 ), #5518, .T. ) ;
#7531 = ADVANCED_FACE ( 'NONE', ( #214 ), #2519, .T. ) ;
#7532 = CARTESIAN_POINT ( 'NONE',  ( -8.777683831760253241, 7.448440834640384978, 50.89006495185251566 ) ) ;
#7533 = CARTESIAN_POINT ( 'NONE',  ( -77.89386411012419842, -20.55155916535766991, 72.39468963419380998 ) ) ;
#7534 = ORIENTED_EDGE ( 'NONE', *, *, #668, .F. ) ;
#7535 = EDGE_LOOP ( 'NONE', ( #5202, #7326, #6996, #6044 ) ) ;
#7536 = CARTESIAN_POINT ( 'NONE',  ( 0.000000000000000000, -15.55155916535961858, -24.02265972350847534 ) ) ;
#7537 = FACE_OUTER_BOUND ( 'NONE', #4435, .T. ) ;
#7538 = CARTESIAN_POINT ( 'NONE',  ( -55.57768383176140503, 7.448440834640383201, 19.59006495185253627 ) ) ;
#7539 = CARTESIAN_POINT ( 'NONE',  ( -77.21248853193395689, 14.44844083464038853, 73.78317308253654971 ) ) ;
#7540 = CARTESIAN_POINT ( 'NONE',  ( 20.66006701571221527, 7.988692805776751449, -21.91614932277206051 ) ) ;
#7541 = DIRECTION ( 'NONE',  ( 0.000000000000000000, 0.000000000000000000, 1.000000000000000000 ) ) ;
#7542 = VERTEX_POINT ( 'NONE', #682 ) ;
#7543 = DIRECTION ( 'NONE',  ( 0.000000000000000000, 0.000000000000000000, 1.000000000000000000 ) ) ;
#7544 = CYLINDRICAL_SURFACE ( 'NONE', #5969, 8.500000000000000000 ) ;
#7545 = CARTESIAN_POINT ( 'NONE',  ( -78.10231772148154050, 14.44844083464174211, -22.67125658455142911 ) ) ;
#7546 = DIRECTION ( 'NONE',  ( 0.000000000000000000, 0.000000000000000000, 1.000000000000000000 ) ) ;
#7547 = ORIENTED_EDGE ( 'NONE', *, *, #844, .F. ) ;
#7548 = CARTESIAN_POINT ( 'NONE',  ( 20.47005102613283256, 7.483345644659201490, 72.95472809425496052 ) ) ;
#7549 = AXIS2_PLACEMENT_3D ( 'NONE', #5083, #3473, #7421 ) ;
#7550 = DIRECTION ( 'NONE',  ( 0.000000000000000000, 0.000000000000000000, 1.000000000000000000 ) ) ;
#7551 = ORIENTED_EDGE ( 'NONE', *, *, #2910, .T. ) ;
#7552 = AXIS2_PLACEMENT_3D ( 'NONE', #5537, #3162, #4920 ) ;
#7553 = CARTESIAN_POINT ( 'NONE',  ( -74.85811583393991953, 7.682209202646231638, 74.39006495185047640 ) ) ;
#7554 = CARTESIAN_POINT ( 'NONE',  ( -77.06754934051696182, 9.300056510458313497, 67.74358904560179440 ) ) ;
#7555 = DIRECTION ( 'NONE',  ( 0.000000000000000000, 0.000000000000000000, 1.000000000000000000 ) ) ;
#7556 = TOROIDAL_SURFACE ( 'NONE', #4863, 9.300000000000000711, 0.8000000000000000444 ) ;
#7557 = EDGE_CURVE ( 'NONE', #5426, #5080, #6611, .T. ) ;
#7558 = CARTESIAN_POINT ( 'NONE',  ( 20.13504084360030788, -15.55155916535961858, -22.02311663803929775 ) ) ;
#7559 = LINE ( 'NONE', #3894, #7505 ) ;
#7560 = ORIENTED_EDGE ( 'NONE', *, *, #3489, .F. ) ;
#7561 = CARTESIAN_POINT ( 'NONE',  ( -78.69040850711752455, -20.55155916535962035, 71.80324654174016530 ) ) ;
#7562 = EDGE_CURVE ( 'NONE', #1471, #6757, #6393, .T. ) ;
#7563 = CARTESIAN_POINT ( 'NONE',  ( 17.67080676088750124, 7.845915417246986046, 74.36288559521841535 ) ) ;
#7564 = AXIS2_PLACEMENT_3D ( 'NONE', #1246, #3649, #172 ) ;
#7565 = CARTESIAN_POINT ( 'NONE',  ( -66.47768383176139650, 8.648440834640384267, 9.090064951852534492 ) ) ;
#7566 = CARTESIAN_POINT ( 'NONE',  ( -16.26673030583651069, -20.55655916577720532, 16.39006495185057233 ) ) ;
#7567 = VERTEX_POINT ( 'NONE', #6592 ) ;
#7568 = ORIENTED_EDGE ( 'NONE', *, *, #3883, .F. ) ;
#7569 = CARTESIAN_POINT ( 'NONE',  ( -78.69040850711752455, -20.55155916535962035, -22.02311663803931197 ) ) ;
#7570 = EDGE_CURVE ( 'NONE', #1009, #5551, #132, .T. ) ;
#7571 = CARTESIAN_POINT ( 'NONE',  ( -75.63166598960022213, 8.124720590877487325, -24.50462204425185320 ) ) ;
#7572 = CARTESIAN_POINT ( 'NONE',  ( -74.82601310561567232, 7.678798450550806010, -24.61021601381823132 ) ) ;
#7573 = CARTESIAN_POINT ( 'NONE',  ( 19.97892409227747379, -15.55155916535961858, -24.42179564158535143 ) ) ;
#7574 = CARTESIAN_POINT ( 'NONE',  ( -75.69086542164833986, 14.44844083464038142, 74.27913767936280465 ) ) ;
#7575 = CARTESIAN_POINT ( 'NONE',  ( 19.80913141904169450, 9.498684368467174011, -18.74237970154590371 ) ) ;
#7576 = DIRECTION ( 'NONE',  ( 0.000000000000000000, 0.000000000000000000, 1.000000000000000000 ) ) ;
#7577 = VERTEX_POINT ( 'NONE', #1249 ) ;
#7578 = EDGE_CURVE ( 'NONE', #6026, #3090, #4555, .T. ) ;
#7579 = CARTESIAN_POINT ( 'NONE',  ( -78.27596608921847121, 7.673907331962597667, 70.68244632546573314 ) ) ;
#7580 = FACE_OUTER_BOUND ( 'NONE', #4480, .T. ) ;
#7581 = CARTESIAN_POINT ( 'NONE',  ( 21.13504084360030788, -15.55155916535961858, -22.02311663803929775 ) ) ;
#7582 = VERTEX_POINT ( 'NONE', #4297 ) ;
#7583 = DIRECTION ( 'NONE',  ( 0.000000000000000000, 0.000000000000000000, -1.000000000000000000 ) ) ;
#7584 = AXIS2_PLACEMENT_3D ( 'NONE', #6274, #5123, #1671 ) ;
#7585 = CARTESIAN_POINT ( 'NONE',  ( 21.05697763190582350, -15.55155916535961858, -22.80830393192288241 ) ) ;
#7586 = CARTESIAN_POINT ( 'NONE',  ( -74.44180528578570488, 7.829588582907751615, 74.37428268316128310 ) ) ;
#7587 = VERTEX_POINT ( 'NONE', #6053 ) ;
#7588 = CARTESIAN_POINT ( 'NONE',  ( 19.28697931064525406, 7.483345644659220142, -24.35766990604081528 ) ) ;
#7589 = CARTESIAN_POINT ( 'NONE',  ( -77.84976816694043578, 8.948440834640383201, -19.43294433931111342 ) ) ;
#7590 = LINE ( 'NONE', #2218, #5437 ) ;
#7591 = DIRECTION ( 'NONE',  ( -1.000000000000000000, 0.000000000000000000, -1.816358647219822470E-11 ) ) ;
#7592 = CARTESIAN_POINT ( 'NONE',  ( 18.13549775812072795, -15.55155916535961858, -24.02265972350847179 ) ) ;
#7593 = CARTESIAN_POINT ( 'NONE',  ( -48.77768383176253764, 8.248440834640383912, 50.89006495185252277 ) ) ;
#7594 = EDGE_LOOP ( 'NONE', ( #2751, #2858, #3729, #6073 ) ) ;
#7595 = CARTESIAN_POINT ( 'NONE',  ( 0.000000000000000000, 8.248440834640383912, 30.19006495185253058 ) ) ;
#7596 = CARTESIAN_POINT ( 'NONE',  ( 16.50598666650902757, 7.931597523163835817, 74.34556935284692258 ) ) ;
#7597 = CARTESIAN_POINT ( 'NONE',  ( 0.000000000000000000, -13.55155916535961858, 0.000000000000000000 ) ) ;
#7598 = CARTESIAN_POINT ( 'NONE',  ( 17.22231616824143430, 9.448440834640395636, 70.89006495185043377 ) ) ;
#7599 = ORIENTED_EDGE ( 'NONE', *, *, #3072, .F. ) ;
#7600 = ORIENTED_EDGE ( 'NONE', *, *, #3579, .T. ) ;
#7601 = CARTESIAN_POINT ( 'NONE',  ( -72.39789137911490968, 9.177166611116380324, 73.55700733252308510 ) ) ;
#7602 = LINE ( 'NONE', #2305, #5657 ) ;
#7603 = CARTESIAN_POINT ( 'NONE',  ( -74.77768383175860833, -20.55355916535961569, 74.39006495185046219 ) ) ;
#7604 = CARTESIAN_POINT ( 'NONE',  ( -64.87768383176140219, 8.648440834640384267, 9.090064951852534492 ) ) ;
#7605 = CARTESIAN_POINT ( 'NONE',  ( -78.69040850711751034, -15.55155916535961858, -22.02311663803931552 ) ) ;
#7606 = EDGE_CURVE ( 'NONE', #4971, #6503, #4446, .T. ) ;
#7607 = DIRECTION ( 'NONE',  ( 0.000000000000000000, 0.000000000000000000, 1.000000000000000000 ) ) ;
#7608 = CARTESIAN_POINT ( 'NONE',  ( 20.67782056923619294, 7.931597523170692554, -20.39360554640538936 ) ) ;
#7609 = FACE_BOUND ( 'NONE', #6042, .T. ) ;
#7610 = ORIENTED_EDGE ( 'NONE', *, *, #4882, .F. ) ;
#7611 = CARTESIAN_POINT ( 'NONE',  ( 20.48029424444744251, 8.432253156810583405, 69.34135518751442362 ) ) ;
ENDSEC;
END-ISO-10303-21;
